"","Year","Site","Species","Plot","Herbivory","Tag_ID","Population","Endo","Tiller","AttachedInf","BrokenInf","TillerHerb"
"1",2023,"BFL","POAU",2,"Access",100,"SFAEF",1,11,NA,NA,0
"2",2023,"BFL","POAU",2,"Access",101,"LA2",1,11,NA,NA,0
"3",2023,"BFL","POAU",2,"Access",102,"LA7",0,9,NA,NA,4
"4",2023,"BFL","POAU",2,"Access",103,"LA2",0,9,NA,NA,0
"5",2023,"BFL","POAU",2,"Access",104,"LA2",0,11,NA,NA,0
"6",2023,"BFL","POAU",2,"Access",105,"LA2",1,12,NA,NA,0
"7",2023,"BFL","POAU",2,"Access",106,"SFAEF",0,15,NA,NA,1
"8",2023,"BFL","POAU",2,"Access",107,"LA2",0,21,NA,NA,1
"9",2023,"BFL","POAU",2,"Access",108,"SFAEF",0,26,NA,NA,0
"10",2023,"BFL","POAU",2,"Access",109,"LA7",0,13,NA,NA,0
"11",2023,"BFL","POAU",2,"Access",110,"LA7",0,10,NA,NA,0
"12",2023,"BFL","POAU",2,"Access",111,"SFAEF",0,25,NA,NA,1
"13",2023,"BFL","POAU",2,"Access",112,"LA2",0,15,NA,NA,0
"14",2023,"BFL","POAU",2,"Access",113,"SFAEF",0,13,NA,NA,0
"15",2023,"BFL","POAU",2,"Access",114,"LA7",0,5,NA,NA,0
"16",2023,"BFL","AGHY",6,"Access",115,"SJC",1,11,NA,NA,0
"17",2023,"BFL","AGHY",6,"Access",116,"SJC",0,8,NA,NA,0
"18",2023,"BFL","AGHY",6,"Access",117,"COHR",1,3,NA,NA,0
"19",2023,"BFL","AGHY",6,"Access",118,"LPEF",0,10,NA,NA,6
"20",2023,"BFL","AGHY",6,"Access",119,"SJC",0,8,NA,NA,1
"21",2023,"BFL","AGHY",6,"Access",120,"SJC",1,17,NA,NA,0
"22",2023,"BFL","AGHY",6,"Access",121,"LPEF",1,2,NA,NA,0
"23",2023,"BFL","AGHY",6,"Access",122,"COHR",1,10,NA,NA,0
"24",2023,"BFL","AGHY",6,"Access",123,"LPEF",1,5,NA,NA,0
"25",2023,"BFL","AGHY",6,"Access",124,"SJC",1,9,NA,NA,0
"26",2023,"BFL","AGHY",6,"Access",125,"LPEF",0,16,NA,NA,0
"27",2023,"BFL","AGHY",6,"Access",126,"COHR",0,6,NA,NA,1
"28",2023,"BFL","AGHY",6,"Access",127,"COHR",0,14,NA,NA,0
"29",2023,"BFL","AGHY",6,"Access",128,"COHR",1,14,NA,NA,0
"30",2023,"BFL","AGHY",6,"Access",129,"LPEF",1,5,NA,NA,0
"31",2023,"BFL","AGHY",8,"Access",130,"SJC",0,7,NA,NA,0
"32",2023,"BFL","AGHY",8,"Access",131,"LPEF",1,8,NA,NA,0
"33",2023,"BFL","AGHY",8,"Access",132,"LPEF",1,11,NA,NA,0
"34",2023,"BFL","AGHY",8,"Access",133,"COHR",1,16,NA,NA,0
"35",2023,"BFL","AGHY",8,"Access",134,"SJC",1,23,NA,NA,0
"36",2023,"BFL","AGHY",8,"Access",135,"COHR",1,11,NA,NA,0
"37",2023,"BFL","AGHY",8,"Access",136,"LPEF",0,31,NA,NA,0
"38",2023,"BFL","AGHY",8,"Access",137,"LPEF",1,14,NA,NA,0
"39",2023,"BFL","AGHY",8,"Access",138,"COHR",1,6,NA,NA,0
"40",2023,"BFL","AGHY",8,"Access",139,"SJC",1,7,NA,NA,0
"41",2023,"BFL","AGHY",8,"Access",140,"COHR",1,8,NA,NA,0
"42",2023,"BFL","AGHY",8,"Access",141,"SJC",1,15,NA,NA,2
"43",2023,"BFL","AGHY",8,"Access",142,"LPEF",1,8,NA,NA,0
"44",2023,"BFL","AGHY",8,"Access",143,"COHR",0,12,NA,NA,0
"45",2023,"BFL","AGHY",8,"Access",144,"SJC",1,12,NA,NA,0
"46",2023,"BFL","POAU",4,"Exclusion",145,"LA1",1,19,NA,NA,0
"47",2023,"BFL","POAU",4,"Exclusion",146,"LA1",1,12,NA,NA,0
"48",2023,"BFL","POAU",4,"Exclusion",147,"SFAEF",1,16,NA,NA,0
"49",2023,"BFL","POAU",4,"Exclusion",148,"SFAEF",1,14,NA,NA,0
"50",2023,"BFL","POAU",4,"Exclusion",149,"LA2",1,14,NA,NA,0
"51",2023,"BFL","POAU",4,"Exclusion",150,"SFAEF",0,14,NA,NA,0
"52",2023,"BFL","POAU",4,"Exclusion",151,"LA2",1,9,NA,NA,0
"53",2023,"BFL","POAU",4,"Exclusion",152,"LA2",1,8,NA,NA,0
"54",2023,"BFL","POAU",4,"Exclusion",153,"LA1",1,8,NA,NA,0
"55",2023,"BFL","POAU",4,"Exclusion",154,"SFAEF",1,31,NA,NA,0
"56",2023,"BFL","POAU",4,"Exclusion",155,"LA1",1,9,NA,NA,0
"57",2023,"BFL","POAU",4,"Exclusion",156,"SFAEF",1,14,NA,NA,0
"58",2023,"BFL","POAU",4,"Exclusion",157,"LA1",0,8,NA,NA,0
"59",2023,"BFL","POAU",4,"Exclusion",158,"LA2",0,13,NA,NA,0
"60",2023,"BFL","POAU",4,"Exclusion",159,"LA2",1,3,NA,NA,0
"61",2023,"BFL","AGHY",3,"Exclusion",160,"COHR",0,24,NA,NA,0
"62",2023,"BFL","AGHY",3,"Exclusion",161,"SJC",1,18,NA,NA,0
"63",2023,"BFL","AGHY",3,"Exclusion",162,"LPEF",0,23,NA,NA,0
"64",2023,"BFL","AGHY",3,"Exclusion",163,"SJC",0,16,NA,NA,0
"65",2023,"BFL","AGHY",3,"Exclusion",164,"COHR",0,29,NA,NA,0
"66",2023,"BFL","AGHY",3,"Exclusion",165,"LPEF",1,17,NA,NA,0
"67",2023,"BFL","AGHY",3,"Exclusion",166,"COHR",0,18,NA,NA,0
"68",2023,"BFL","AGHY",3,"Exclusion",167,"LPEF",0,10,NA,NA,0
"69",2023,"BFL","AGHY",3,"Exclusion",168,"SJC",0,11,NA,NA,0
"70",2023,"BFL","AGHY",3,"Exclusion",169,"SJC",0,9,NA,NA,0
"71",2023,"BFL","AGHY",3,"Exclusion",170,"LPEF",0,24,NA,NA,0
"72",2023,"BFL","AGHY",3,"Exclusion",171,"LPEF",0,14,NA,NA,0
"73",2023,"BFL","AGHY",3,"Exclusion",172,"COHR",0,43,NA,NA,0
"74",2023,"BFL","AGHY",3,"Exclusion",173,"SJC",0,34,NA,NA,0
"75",2023,"BFL","AGHY",3,"Exclusion",174,"COHR",1,17,NA,NA,0
"76",2023,"BFL","POAU",1,"Exclusion",175,"LA1",0,7,NA,NA,0
"77",2023,"BFL","POAU",1,"Exclusion",176,"LA1",0,11,NA,NA,0
"78",2023,"BFL","POAU",1,"Exclusion",177,"LA2",1,27,NA,NA,0
"79",2023,"BFL","POAU",1,"Exclusion",178,"SFAEF",1,8,NA,NA,0
"80",2023,"BFL","POAU",1,"Exclusion",179,"SFAEF",0,10,NA,NA,0
"81",2023,"BFL","POAU",1,"Exclusion",180,"LA1",1,7,NA,NA,0
"82",2023,"BFL","POAU",1,"Exclusion",181,"SFAEF",1,8,NA,NA,0
"83",2023,"BFL","POAU",1,"Exclusion",182,"LA2",0,9,NA,NA,0
"84",2023,"BFL","POAU",1,"Exclusion",183,"SFAEF",0,14,NA,NA,0
"85",2023,"BFL","POAU",1,"Exclusion",184,"SFAEF",1,12,NA,NA,0
"86",2023,"BFL","POAU",1,"Exclusion",185,"LA2",1,9,NA,NA,0
"87",2023,"BFL","POAU",1,"Exclusion",186,"LA1",0,11,NA,NA,0
"88",2023,"BFL","POAU",1,"Exclusion",187,"LA2",1,14,NA,NA,0
"89",2023,"BFL","POAU",1,"Exclusion",188,"LA2",1,20,NA,NA,0
"90",2023,"BFL","POAU",1,"Exclusion",189,"SFAEF",1,17,NA,NA,0
"91",2023,"BFL","AGHY",4,"Exclusion",190,"LPEF",1,18,NA,NA,0
"92",2023,"BFL","AGHY",4,"Exclusion",191,"SJC",0,15,NA,NA,0
"93",2023,"BFL","AGHY",4,"Exclusion",192,"COHR",1,14,NA,NA,0
"94",2023,"BFL","AGHY",4,"Exclusion",193,"SJC",1,10,NA,NA,0
"95",2023,"BFL","AGHY",4,"Exclusion",194,"COHR",0,5,NA,NA,2
"96",2023,"BFL","AGHY",4,"Exclusion",195,"SJC",0,10,NA,NA,0
"97",2023,"BFL","AGHY",4,"Exclusion",196,"LPEF",1,4,NA,NA,0
"98",2023,"BFL","AGHY",4,"Exclusion",197,"SJC",1,4,NA,NA,0
"99",2023,"BFL","AGHY",4,"Exclusion",198,"COHR",1,24,NA,NA,0
"100",2023,"BFL","AGHY",4,"Exclusion",199,"LPEF",0,34,NA,NA,0
"101",2023,"BFL","AGHY",4,"Exclusion",200,"COHR",0,29,NA,NA,0
"102",2023,"BFL","AGHY",4,"Exclusion",201,"LPEF",0,17,NA,NA,0
"103",2023,"BFL","AGHY",4,"Exclusion",202,"SJC",1,20,NA,NA,0
"104",2023,"BFL","AGHY",4,"Exclusion",203,"LPEF",1,9,NA,NA,0
"105",2023,"BFL","AGHY",4,"Exclusion",204,"COHR",1,14,NA,NA,0
"106",2023,"BFL","AGHY",5,"Exclusion",205,"LPEF",0,12,NA,NA,0
"107",2023,"BFL","AGHY",5,"Exclusion",206,"COHR",1,9,NA,NA,0
"108",2023,"BFL","AGHY",5,"Exclusion",207,"SJC",1,12,NA,NA,0
"109",2023,"BFL","AGHY",5,"Exclusion",208,"COHR",1,3,NA,NA,0
"110",2023,"BFL","AGHY",5,"Exclusion",209,"COHR",1,15,NA,NA,0
"111",2023,"BFL","AGHY",5,"Exclusion",210,"SJC",1,6,NA,NA,0
"112",2023,"BFL","AGHY",5,"Exclusion",211,"LPEF",1,10,NA,NA,0
"113",2023,"BFL","AGHY",5,"Exclusion",212,"LPEF",1,3,NA,NA,0
"114",2023,"BFL","AGHY",5,"Exclusion",213,"COHR",1,6,NA,NA,4
"115",2023,"BFL","AGHY",5,"Exclusion",214,"COHR",0,11,NA,NA,0
"116",2023,"BFL","AGHY",5,"Exclusion",215,"SJC",0,7,NA,NA,0
"117",2023,"BFL","AGHY",5,"Exclusion",216,"LPEF",1,9,NA,NA,2
"118",2023,"BFL","AGHY",5,"Exclusion",217,"COHR",1,23,NA,NA,0
"119",2023,"BFL","AGHY",5,"Exclusion",218,"SJC",1,16,NA,NA,0
"120",2023,"BFL","AGHY",5,"Exclusion",219,"SJC",1,7,NA,NA,0
"121",2023,"BFL","AGHY",7,"Exclusion",220,"COHR",1,4,NA,NA,1
"122",2023,"BFL","AGHY",7,"Exclusion",221,"LPEF",0,5,NA,NA,0
"123",2023,"BFL","AGHY",7,"Exclusion",222,"LPEF",0,13,NA,NA,0
"124",2023,"BFL","AGHY",7,"Exclusion",223,"SJC",1,9,NA,NA,0
"125",2023,"BFL","AGHY",7,"Exclusion",224,"SJC",0,10,NA,NA,0
"126",2023,"BFL","AGHY",7,"Exclusion",225,"LPEF",0,16,NA,NA,0
"127",2023,"BFL","AGHY",7,"Exclusion",226,"SJC",1,5,NA,NA,0
"128",2023,"BFL","AGHY",7,"Exclusion",227,"LPEF",1,11,NA,NA,0
"129",2023,"BFL","AGHY",7,"Exclusion",228,"COHR",0,18,NA,NA,0
"130",2023,"BFL","AGHY",7,"Exclusion",229,"COHR",1,10,NA,NA,0
"131",2023,"BFL","AGHY",7,"Exclusion",230,"LPEF",1,7,NA,NA,0
"132",2023,"BFL","AGHY",7,"Exclusion",231,"SJC",0,5,NA,NA,0
"133",2023,"BFL","AGHY",7,"Exclusion",232,"COHR",0,15,NA,NA,0
"134",2023,"BFL","AGHY",7,"Exclusion",233,"COHR",0,10,NA,NA,0
"135",2023,"COL","AGHY",2,"Access",234,"LPEF",0,76,NA,NA,0
"136",2023,"COL","AGHY",2,"Access",235,"COHR",1,47,NA,NA,0
"137",2023,"COL","AGHY",2,"Access",236,"COHR",0,57,NA,NA,2
"138",2023,"COL","AGHY",2,"Access",237,"SJC",1,20,NA,NA,3
"139",2023,"COL","AGHY",2,"Access",238,"SJC",0,36,NA,NA,1
"140",2023,"COL","AGHY",2,"Access",239,"LPEF",0,28,NA,NA,7
"141",2023,"COL","AGHY",2,"Access",240,"COHR",0,25,NA,NA,2
"142",2023,"COL","AGHY",2,"Access",241,"COHR",0,6,NA,NA,0
"143",2023,"COL","AGHY",2,"Access",242,"LPEF",0,10,NA,NA,0
"144",2023,"COL","AGHY",2,"Access",243,"SJC",0,18,NA,NA,3
"145",2023,"COL","AGHY",2,"Access",244,"LPEF",1,29,NA,NA,4
"146",2023,"COL","AGHY",2,"Access",245,"SJC",0,NA,NA,NA,NA
"147",2023,"COL","AGHY",2,"Access",246,"COHR",0,35,NA,NA,0
"148",2023,"COL","AGHY",2,"Access",247,"LPEF",0,21,NA,NA,0
"149",2023,"COL","AGHY",2,"Access",248,"SJC",0,15,NA,NA,5
"150",2023,"COL","AGHY",3,"Exclusion",249,"SJC",1,47,NA,NA,0
"151",2023,"COL","AGHY",3,"Exclusion",250,"SJC",1,22,NA,NA,0
"152",2023,"COL","AGHY",3,"Exclusion",251,"SJC",1,15,NA,NA,0
"153",2023,"COL","AGHY",3,"Exclusion",252,"LPEF",1,13,NA,NA,0
"154",2023,"COL","AGHY",3,"Exclusion",253,"SJC",0,63,NA,NA,0
"155",2023,"COL","AGHY",3,"Exclusion",254,"COHR",0,32,NA,NA,0
"156",2023,"COL","AGHY",3,"Exclusion",255,"COHR",0,13,NA,NA,0
"157",2023,"COL","AGHY",3,"Exclusion",256,"COHR",1,34,NA,NA,0
"158",2023,"COL","AGHY",3,"Exclusion",257,"COHR",1,39,NA,NA,0
"159",2023,"COL","AGHY",3,"Exclusion",258,"LPEF",1,23,NA,NA,0
"160",2023,"COL","AGHY",3,"Exclusion",259,"LPEF",0,18,NA,NA,0
"161",2023,"COL","AGHY",3,"Exclusion",260,"SJC",0,33,NA,NA,0
"162",2023,"COL","AGHY",3,"Exclusion",261,"LPEF",0,45,NA,NA,0
"163",2023,"COL","AGHY",3,"Exclusion",262,"LPEF",1,47,NA,NA,0
"164",2023,"COL","AGHY",3,"Exclusion",263,"COHR",1,21,NA,NA,0
"165",2023,"COL","POAU",1,"Access",264,"LA7",0,6,NA,NA,0
"166",2023,"COL","POAU",1,"Access",265,"SFAEF",0,16,NA,NA,0
"167",2023,"COL","POAU",1,"Access",266,"SFAEF",0,3,NA,NA,0
"168",2023,"COL","POAU",1,"Access",267,"LA7",1,14,NA,NA,0
"169",2023,"COL","POAU",1,"Access",268,"LA2",0,16,NA,NA,0
"170",2023,"COL","POAU",1,"Access",269,"LA2",0,4,NA,NA,0
"171",2023,"COL","POAU",1,"Access",270,"LA7",0,11,NA,NA,0
"172",2023,"COL","POAU",1,"Access",271,"LA2",0,7,NA,NA,0
"173",2023,"COL","POAU",1,"Access",272,"SFAEF",0,1,NA,NA,0
"174",2023,"COL","POAU",1,"Access",273,"LA2",1,10,NA,NA,0
"175",2023,"COL","POAU",1,"Access",274,"LA7",0,6,NA,NA,0
"176",2023,"COL","POAU",1,"Access",275,"SFAEF",1,12,NA,NA,0
"177",2023,"COL","POAU",1,"Access",276,"LA7",0,10,NA,NA,0
"178",2023,"COL","POAU",1,"Access",277,"SFAEF",0,12,NA,NA,0
"179",2023,"COL","POAU",1,"Access",278,"LA2",0,15,NA,NA,3
"180",2023,"COL","POAU",2,"Exclusion",279,"LA7",0,16,NA,NA,0
"181",2023,"COL","POAU",2,"Exclusion",280,"LA7",0,19,NA,NA,0
"182",2023,"COL","POAU",2,"Exclusion",281,"LA2",1,20,NA,NA,0
"183",2023,"COL","POAU",2,"Exclusion",282,"SFAEF",0,2,NA,NA,0
"184",2023,"COL","POAU",2,"Exclusion",283,"LA2",0,9,NA,NA,0
"185",2023,"COL","POAU",2,"Exclusion",284,"LA7",0,24,NA,NA,0
"186",2023,"COL","POAU",2,"Exclusion",285,"LA2",0,10,NA,NA,0
"187",2023,"COL","POAU",2,"Exclusion",286,"SFAEF",1,12,NA,NA,0
"188",2023,"COL","POAU",2,"Exclusion",287,"LA7",0,3,NA,NA,0
"189",2023,"COL","POAU",2,"Exclusion",288,"SFAEF",0,5,NA,NA,0
"190",2023,"COL","POAU",2,"Exclusion",289,"SFAEF",0,18,NA,NA,0
"191",2023,"COL","POAU",2,"Exclusion",290,"SFAEF",0,8,NA,NA,0
"192",2023,"COL","POAU",2,"Exclusion",291,"LA2",0,6,NA,NA,0
"193",2023,"COL","POAU",2,"Exclusion",292,"LA7",1,12,NA,NA,0
"194",2023,"COL","POAU",2,"Exclusion",293,"LA2",0,17,NA,NA,0
"195",2023,"KER","POAU",8,"Exclusion",294,"SFAEF",1,9,NA,NA,0
"196",2023,"KER","POAU",8,"Exclusion",295,"SFAEF",1,6,NA,NA,0
"197",2023,"KER","POAU",8,"Exclusion",296,"LA2",0,3,NA,NA,0
"198",2023,"KER","POAU",2,"Exclusion",297,"LA2",1,10,NA,NA,0
"199",2023,"KER","POAU",2,"Exclusion",298,"LA2",0,9,NA,NA,0
"200",2023,"KER","POAU",2,"Exclusion",299,"SFAEF",1,7,NA,NA,0
"201",2023,"KER","POAU",2,"Exclusion",300,"LA1",0,7,NA,NA,0
"202",2023,"COL","AGHY",4,"Exclusion",301,"COHR",1,25,NA,NA,0
"203",2023,"COL","AGHY",4,"Exclusion",302,"COHR",0,38,NA,NA,1
"204",2023,"COL","AGHY",4,"Exclusion",303,"LPEF",1,58,NA,NA,0
"205",2023,"COL","AGHY",4,"Exclusion",304,"COHR",0,23,NA,NA,0
"206",2023,"COL","AGHY",4,"Exclusion",305,"COHR",0,41,NA,NA,0
"207",2023,"COL","AGHY",4,"Exclusion",306,"LPEF",0,7,NA,NA,0
"208",2023,"COL","AGHY",4,"Exclusion",307,"LPEF",1,15,NA,NA,0
"209",2023,"COL","AGHY",4,"Exclusion",308,"SJC",1,42,NA,NA,0
"210",2023,"COL","AGHY",4,"Exclusion",309,"SJC",0,41,NA,NA,0
"211",2023,"COL","AGHY",4,"Exclusion",310,"LPEF",0,17,NA,NA,0
"212",2023,"COL","AGHY",4,"Exclusion",311,"COHR",1,8,NA,NA,0
"213",2023,"COL","AGHY",4,"Exclusion",312,"SJC",0,64,NA,NA,0
"214",2023,"COL","AGHY",4,"Exclusion",313,"SJC",1,20,NA,NA,0
"215",2023,"COL","AGHY",4,"Exclusion",314,"LPEF",0,38,NA,NA,0
"216",2023,"COL","AGHY",4,"Exclusion",315,"SJC",0,64,NA,NA,0
"217",2023,"COL","AGHY",1,"Exclusion",316,"SJC",1,42,NA,NA,0
"218",2023,"COL","AGHY",1,"Exclusion",317,"SJC",1,96,NA,NA,0
"219",2023,"COL","AGHY",1,"Exclusion",318,"LPEF",1,79,NA,NA,0
"220",2023,"COL","AGHY",1,"Exclusion",319,"LPEF",1,59,NA,NA,0
"221",2023,"COL","AGHY",1,"Exclusion",320,"COHR",0,33,NA,NA,0
"222",2023,"COL","AGHY",1,"Exclusion",321,"COHR",1,28,NA,NA,0
"223",2023,"COL","AGHY",1,"Exclusion",322,"COHR",1,55,NA,NA,0
"224",2023,"COL","AGHY",1,"Exclusion",323,"SJC",1,54,NA,NA,0
"225",2023,"COL","AGHY",1,"Exclusion",324,"SJC",1,27,NA,NA,0
"226",2023,"COL","AGHY",1,"Exclusion",325,"LPEF",1,34,NA,NA,3
"227",2023,"COL","AGHY",1,"Exclusion",326,"SJC",0,103,NA,NA,0
"228",2023,"COL","AGHY",1,"Exclusion",327,"COHR",1,41,NA,NA,0
"229",2023,"COL","AGHY",1,"Exclusion",328,"LPEF",0,49,NA,NA,0
"230",2023,"COL","AGHY",1,"Exclusion",329,"LPEF",1,26,NA,NA,0
"231",2023,"COL","AGHY",1,"Exclusion",330,"COHR",1,29,NA,NA,0
"232",2023,"COL","AGHY",7,"Access",331,"COHR",0,30,NA,NA,10
"233",2023,"COL","AGHY",7,"Access",332,"LPEF",1,53,NA,NA,4
"234",2023,"COL","AGHY",7,"Access",333,"COHR",0,53,NA,NA,3
"235",2023,"COL","AGHY",7,"Access",334,"SJC",1,12,NA,NA,6
"236",2023,"COL","AGHY",7,"Access",335,"LPEF",1,34,NA,NA,0
"237",2023,"COL","AGHY",7,"Access",336,"SJC",0,48,NA,NA,2
"238",2023,"COL","AGHY",7,"Access",337,"LPEF",1,61,NA,NA,4
"239",2023,"COL","AGHY",7,"Access",338,"COHR",1,54,NA,NA,0
"240",2023,"COL","AGHY",7,"Access",339,"COHR",1,25,NA,NA,1
"241",2023,"COL","AGHY",7,"Access",340,"COHR",1,52,NA,NA,7
"242",2023,"COL","AGHY",7,"Access",341,"LPEF",0,62,NA,NA,15
"243",2023,"COL","AGHY",7,"Access",342,"SJC",1,84,NA,NA,0
"244",2023,"COL","AGHY",7,"Access",343,"SJC",0,19,NA,NA,2
"245",2023,"COL","POAU",5,"Exclusion",344,"SFAEF",1,5,NA,NA,0
"246",2023,"COL","POAU",5,"Exclusion",345,"LA2",0,8,NA,NA,0
"247",2023,"COL","POAU",5,"Exclusion",346,"LA2",1,12,NA,NA,0
"248",2023,"COL","POAU",5,"Exclusion",347,"SFAEF",1,10,NA,NA,0
"249",2023,"COL","POAU",5,"Exclusion",348,"SFAEF",1,13,NA,NA,0
"250",2023,"COL","POAU",5,"Exclusion",349,"LA2",1,9,NA,NA,0
"251",2023,"COL","POAU",5,"Exclusion",350,"LA7",1,12,NA,NA,0
"252",2023,"COL","POAU",5,"Exclusion",351,"LA1",1,7,NA,NA,0
"253",2023,"COL","POAU",5,"Exclusion",352,"LA1",0,6,NA,NA,0
"254",2023,"COL","POAU",5,"Exclusion",353,"SFAEF",0,13,NA,NA,0
"255",2023,"COL","POAU",5,"Exclusion",354,"LA7",1,15,NA,NA,0
"256",2023,"COL","POAU",5,"Exclusion",355,"LA1",0,4,NA,NA,0
"257",2023,"COL","POAU",5,"Exclusion",356,"LA2",1,13,NA,NA,0
"258",2023,"COL","POAU",5,"Exclusion",357,"LA2",0,12,NA,NA,0
"259",2023,"COL","POAU",5,"Exclusion",358,"SFAEF",0,2,NA,NA,0
"260",2023,"COL","AGHY",8,"Access",359,"LPEF",0,32,NA,NA,2
"261",2023,"COL","AGHY",8,"Access",360,"COHR",0,12,NA,NA,1
"262",2023,"COL","AGHY",8,"Access",361,"LPEF",1,30,NA,NA,0
"263",2023,"COL","AGHY",8,"Access",362,"COHR",1,36,NA,NA,1
"264",2023,"COL","AGHY",8,"Access",363,"SJC",1,34,NA,NA,3
"265",2023,"COL","AGHY",8,"Access",364,"SJC",1,23,NA,NA,4
"266",2023,"COL","AGHY",8,"Access",365,"SJC",1,39,NA,NA,7
"267",2023,"COL","AGHY",8,"Access",366,"SJC",0,63,NA,NA,7
"268",2023,"COL","AGHY",8,"Access",367,"COHR",1,37,NA,NA,5
"269",2023,"COL","AGHY",8,"Access",368,"LPEF",1,34,NA,NA,6
"270",2023,"COL","AGHY",8,"Access",369,"SJC",1,18,NA,NA,3
"271",2023,"COL","AGHY",8,"Access",370,"COHR",1,22,NA,NA,4
"272",2023,"COL","AGHY",8,"Access",371,"COHR",1,63,NA,NA,0
"273",2023,"COL","AGHY",8,"Access",372,"LPEF",1,67,NA,NA,0
"274",2023,"COL","AGHY",8,"Access",373,"LPEF",0,36,NA,NA,2
"275",2023,"COL","AGHY",6,"Access",374,"SJC",0,15,NA,NA,5
"276",2023,"COL","AGHY",6,"Access",375,"LPEF",1,19,NA,NA,4
"277",2023,"COL","AGHY",6,"Access",376,"SJC",1,10,NA,NA,2
"278",2023,"COL","AGHY",6,"Access",377,"COHR",0,18,NA,NA,0
"279",2023,"COL","AGHY",6,"Access",378,"COHR",1,19,NA,NA,0
"280",2023,"COL","AGHY",6,"Access",379,"LPEF",0,41,NA,NA,0
"281",2023,"COL","AGHY",6,"Access",380,"COHR",0,25,NA,NA,14
"282",2023,"COL","AGHY",6,"Access",381,"COHR",1,22,NA,NA,4
"283",2023,"COL","AGHY",6,"Access",382,"LPEF",0,36,NA,NA,0
"284",2023,"COL","AGHY",6,"Access",383,"SJC",0,69,NA,NA,0
"285",2023,"COL","AGHY",6,"Access",384,"LPEF",1,8,NA,NA,0
"286",2023,"COL","AGHY",6,"Access",385,"COHR",0,31,NA,NA,3
"287",2023,"COL","AGHY",6,"Access",386,"SJC",1,41,NA,NA,0
"288",2023,"COL","AGHY",6,"Access",387,"LPEF",0,44,NA,NA,0
"289",2023,"COL","AGHY",6,"Access",388,"SJC",0,33,NA,NA,0
"290",2023,"COL","POAU",4,"Exclusion",389,"LA2",0,4,NA,NA,0
"291",2023,"COL","POAU",4,"Exclusion",390,"LA1",0,12,NA,NA,0
"292",2023,"COL","POAU",4,"Exclusion",391,"LA2",1,14,NA,NA,0
"293",2023,"COL","POAU",4,"Exclusion",392,"SFAEF",0,22,NA,NA,0
"294",2023,"COL","POAU",4,"Exclusion",393,"LA1",1,7,NA,NA,0
"295",2023,"COL","POAU",4,"Exclusion",394,"SFAEF",1,9,NA,NA,0
"296",2023,"COL","POAU",4,"Exclusion",395,"SFAEF",1,12,NA,NA,0
"297",2023,"COL","POAU",4,"Exclusion",396,"LA1",0,12,NA,NA,0
"298",2023,"COL","POAU",4,"Exclusion",397,"LA2",0,5,NA,NA,0
"299",2023,"COL","POAU",4,"Exclusion",398,"LA1",0,27,NA,NA,0
"300",2023,"COL","POAU",4,"Exclusion",399,"SFAEF",0,19,NA,NA,0
"301",2023,"COL","POAU",4,"Exclusion",400,"LA1",1,19,NA,NA,0
"302",2023,"COL","POAU",4,"Exclusion",401,"SFAEF",0,7,NA,NA,0
"303",2023,"COL","POAU",4,"Exclusion",402,"LA2",1,14,NA,NA,0
"304",2023,"COL","POAU",4,"Exclusion",403,"LA2",0,0,NA,NA,0
"305",2023,"COL","AGHY",5,"Exclusion",404,"SJC",0,44,NA,NA,0
"306",2023,"COL","AGHY",5,"Exclusion",405,"LPEF",0,34,NA,NA,0
"307",2023,"COL","AGHY",5,"Exclusion",406,"COHR",1,24,NA,NA,0
"308",2023,"COL","AGHY",5,"Exclusion",407,"SJC",0,52,NA,NA,0
"309",2023,"COL","AGHY",5,"Exclusion",408,"SJC",1,48,NA,NA,0
"310",2023,"COL","AGHY",5,"Exclusion",409,"LPEF",0,63,NA,NA,0
"311",2023,"COL","AGHY",5,"Exclusion",410,"LPEF",0,58,NA,NA,0
"312",2023,"COL","AGHY",5,"Exclusion",411,"COHR",0,32,NA,NA,0
"313",2023,"COL","AGHY",5,"Exclusion",412,"COHR",0,66,NA,NA,0
"314",2023,"COL","AGHY",5,"Exclusion",413,"COHR",0,27,NA,NA,0
"315",2023,"COL","AGHY",5,"Exclusion",414,"COHR",0,63,NA,NA,0
"316",2023,"COL","AGHY",5,"Exclusion",415,"LPEF",0,72,NA,NA,0
"317",2023,"COL","AGHY",5,"Exclusion",416,"SJC",0,62,NA,NA,0
"318",2023,"COL","AGHY",5,"Exclusion",417,"SJC",0,65,NA,NA,0
"319",2023,"COL","AGHY",5,"Exclusion",418,"LPEF",1,44,NA,NA,0
"320",2023,"COL","POAU",6,"Access",419,"LA2",1,17,NA,NA,0
"321",2023,"COL","POAU",6,"Access",420,"SFAEF",0,21,NA,NA,0
"322",2023,"COL","POAU",6,"Access",421,"LA2",1,14,NA,NA,0
"323",2023,"COL","POAU",6,"Access",422,"LA1",0,19,NA,NA,0
"324",2023,"COL","POAU",6,"Access",423,"SFAEF",0,5,NA,NA,0
"325",2023,"COL","POAU",6,"Access",424,"SFAEF",1,14,NA,NA,0
"326",2023,"COL","POAU",6,"Access",425,"LA2",0,5,NA,NA,0
"327",2023,"COL","POAU",6,"Access",426,"LA2",0,11,NA,NA,0
"328",2023,"COL","POAU",6,"Access",427,"LA1",0,8,NA,NA,0
"329",2023,"COL","POAU",6,"Access",428,"LA1",1,17,NA,NA,4
"330",2023,"COL","POAU",6,"Access",429,"SFAEF",1,12,NA,NA,0
"331",2023,"COL","POAU",6,"Access",430,"LA1",0,7,NA,NA,NA
"332",2023,"COL","POAU",6,"Access",431,"LA2",0,14,NA,NA,2
"333",2023,"COL","POAU",6,"Access",432,"LA1",1,4,NA,NA,0
"334",2023,"COL","POAU",7,"Exclusion",433,"LA2",1,13,NA,NA,0
"335",2023,"COL","POAU",7,"Exclusion",434,"SFAEF",1,26,NA,NA,0
"336",2023,"COL","POAU",7,"Exclusion",435,"LA2",1,39,NA,NA,0
"337",2023,"COL","POAU",7,"Exclusion",436,"LA1",1,9,NA,NA,0
"338",2023,"COL","POAU",7,"Exclusion",437,"SFAEF",1,17,NA,NA,0
"339",2023,"COL","POAU",7,"Exclusion",438,"LA2",0,23,NA,NA,0
"340",2023,"COL","POAU",7,"Exclusion",439,"LA2",1,21,NA,NA,0
"341",2023,"COL","POAU",7,"Exclusion",440,"SFAEF",1,9,NA,NA,0
"342",2023,"COL","POAU",7,"Exclusion",441,"SFAEF",0,14,NA,NA,0
"343",2023,"COL","POAU",7,"Exclusion",442,"LA1",1,13,NA,NA,0
"344",2023,"COL","POAU",7,"Exclusion",443,"LA2",1,22,NA,NA,0
"345",2023,"COL","POAU",7,"Exclusion",444,"LA2",1,21,NA,NA,0
"346",2023,"COL","POAU",7,"Exclusion",445,"LA1",0,9,NA,NA,0
"347",2023,"COL","POAU",7,"Exclusion",446,"SFAEF",1,22,NA,NA,0
"348",2023,"COL","POAU",7,"Exclusion",447,"LA2",1,17,NA,NA,0
"349",2023,"COL","POAU",8,"Access",448,"LA1",1,14,NA,NA,0
"350",2023,"COL","POAU",8,"Access",449,"LA2",1,23,NA,NA,0
"351",2023,"COL","POAU",8,"Access",450,"LA2",1,22,NA,NA,4
"352",2023,"COL","POAU",8,"Access",451,"SFAEF",1,14,NA,NA,0
"353",2023,"COL","POAU",8,"Access",452,"SFAEF",1,26,NA,NA,0
"354",2023,"COL","POAU",8,"Access",453,"SFAEF",0,31,NA,NA,0
"355",2023,"COL","POAU",8,"Access",454,"LA2",1,24,NA,NA,0
"356",2023,"COL","POAU",8,"Access",455,"LA2",0,12,NA,NA,0
"357",2023,"COL","POAU",8,"Access",456,"LA1",1,11,NA,NA,0
"358",2023,"COL","POAU",8,"Access",457,"SFAEF",1,7,NA,NA,0
"359",2023,"COL","POAU",8,"Access",458,"SFAEF",1,20,NA,NA,0
"360",2023,"COL","POAU",8,"Access",459,"LA1",0,12,NA,NA,0
"361",2023,"COL","POAU",8,"Access",460,"LA2",1,25,NA,NA,0
"362",2023,"COL","POAU",8,"Access",461,"LA2",1,38,NA,NA,0
"363",2023,"COL","POAU",8,"Access",462,"LA2",1,25,NA,NA,0
"364",2023,"COL","POAU",3,"Access",463,"LA2",1,50,NA,NA,0
"365",2023,"COL","POAU",3,"Access",464,"LA2",1,29,NA,NA,3
"366",2023,"COL","POAU",3,"Access",465,"LA2",0,19,NA,NA,0
"367",2023,"COL","POAU",3,"Access",466,"SFAEF",0,6,NA,NA,0
"368",2023,"COL","POAU",3,"Access",467,"SFAEF",1,33,NA,NA,0
"369",2023,"COL","POAU",3,"Access",468,"SFAEF",1,16,NA,NA,0
"370",2023,"COL","POAU",3,"Access",469,"LA7",1,27,NA,NA,4
"371",2023,"COL","POAU",3,"Access",470,"LA1",1,12,NA,NA,3
"372",2023,"COL","POAU",3,"Access",471,"LA1",0,17,NA,NA,0
"373",2023,"COL","POAU",3,"Access",472,"SFAEF",1,42,NA,NA,0
"374",2023,"COL","POAU",3,"Access",473,"LA2",1,25,NA,NA,0
"375",2023,"COL","POAU",3,"Access",474,"LA2",0,23,NA,NA,0
"376",2023,"COL","POAU",3,"Access",475,"LA1",0,8,NA,NA,0
"377",2023,"COL","POAU",3,"Access",476,"LA7",1,48,NA,NA,0
"378",2023,"COL","POAU",3,"Access",477,"SFAEF",0,29,NA,NA,0
"379",2023,"KER","POAU",1,"Access",478,"SFAEF",1,2,NA,NA,2
"380",2023,"KER","POAU",2,"Exclusion",479,"LA2",0,7,NA,NA,0
"381",2023,"KER","POAU",2,"Exclusion",480,"SFAEF",1,9,NA,NA,0
"382",2023,"KER","POAU",2,"Exclusion",481,"SFAEF",0,12,NA,NA,0
"383",2023,"KER","POAU",2,"Exclusion",482,"LA1",0,7,NA,NA,0
"384",2023,"KER","POAU",2,"Exclusion",483,"LA1",1,6,NA,NA,3
"385",2023,"KER","POAU",2,"Exclusion",484,"SFAEF",0,7,NA,NA,0
"386",2023,"KER","POAU",2,"Exclusion",485,"LA1",1,6,NA,NA,0
"387",2023,"KER","POAU",2,"Exclusion",486,"LA2",0,9,NA,NA,0
"388",2023,"KER","POAU",2,"Exclusion",487,"LA2",1,34,NA,NA,0
"389",2023,"KER","POAU",2,"Exclusion",488,"LA1",0,3,NA,NA,0
"390",2023,"KER","POAU",2,"Exclusion",489,"SFAEF",0,9,NA,NA,0
"391",2023,"KER","POAU",4,"Access",490,"SFAEF",1,8,NA,NA,8
"392",2023,"KER","POAU",4,"Access",491,"SFAEF",1,11,NA,NA,11
"393",2023,"KER","POAU",4,"Access",492,"SFAEF",1,6,NA,NA,0
"394",2023,"KER","POAU",5,"Exclusion",493,"LA1",1,2,NA,NA,0
"395",2023,"KER","POAU",5,"Exclusion",494,"LA7",1,3,NA,NA,3
"396",2023,"KER","POAU",5,"Exclusion",495,"LA7",1,6,NA,NA,6
"397",2023,"KER","POAU",5,"Exclusion",496,"SFAEF",1,2,NA,NA,2
"398",2023,"KER","POAU",5,"Exclusion",497,"SFAEF",1,13,NA,NA,13
"399",2023,"KER","POAU",5,"Exclusion",498,"LA1",0,9,NA,NA,9
"400",2023,"KER","POAU",5,"Exclusion",499,"SFAEF",0,14,NA,NA,14
"401",2023,"KER","POAU",6,"Exclusion",500,"LA7",0,3,NA,NA,0
"402",2023,"HUN","POAU",1,"Exclusion",501,"SFAEF",0,24,NA,NA,0
"403",2023,"HUN","POAU",1,"Exclusion",502,"LA2",0,6,NA,NA,1
"404",2023,"HUN","POAU",1,"Exclusion",503,"LA2",1,10,NA,NA,0
"405",2023,"HUN","POAU",1,"Exclusion",504,"SFAEF",0,11,NA,NA,0
"406",2023,"HUN","POAU",1,"Exclusion",505,"SFAEF",1,12,NA,NA,3
"407",2023,"HUN","POAU",1,"Exclusion",506,"LA7",0,8,NA,NA,0
"408",2023,"HUN","POAU",1,"Exclusion",507,"SFAEF",0,2,NA,NA,2
"409",2023,"HUN","POAU",1,"Exclusion",508,"LA7",1,10,NA,NA,3
"410",2023,"HUN","POAU",1,"Exclusion",509,"SFAEF",0,3,NA,NA,2
"411",2023,"HUN","POAU",1,"Exclusion",510,"LA7",0,23,NA,NA,0
"412",2023,"HUN","POAU",1,"Exclusion",511,"LA7",0,12,NA,NA,0
"413",2023,"HUN","AGHY",5,"Exclusion",512,"COHR",0,25,NA,NA,0
"414",2023,"HUN","POAU",1,"Exclusion",513,"LA2",0,16,NA,NA,1
"415",2023,"HUN","POAU",1,"Exclusion",514,"LA2",0,17,NA,NA,2
"416",2023,"HUN","POAU",1,"Exclusion",515,"LA2",0,3,NA,NA,3
"417",2023,"HUN","POAU",1,"Exclusion",516,"LA7",0,15,NA,NA,0
"418",2023,"HUN","POAU",5,"Exclusion",517,"LA1",1,8,NA,NA,2
"419",2023,"HUN","POAU",5,"Exclusion",518,"LA2",0,8,NA,NA,2
"420",2023,"HUN","POAU",5,"Exclusion",519,"LA2",1,5,NA,NA,0
"421",2023,"HUN","POAU",5,"Exclusion",520,"SFAEF",0,11,NA,NA,2
"422",2023,"HUN","POAU",5,"Exclusion",521,"LA1",0,5,NA,NA,3
"423",2023,"HUN","POAU",5,"Exclusion",522,"SFAEF",0,8,NA,NA,3
"424",2023,"HUN","POAU",5,"Exclusion",523,"LA2",0,6,NA,NA,1
"425",2023,"HUN","POAU",5,"Exclusion",524,"SFAEF",1,5,NA,NA,3
"426",2023,"HUN","POAU",5,"Exclusion",525,"SFAEF",0,10,NA,NA,1
"427",2023,"HUN","POAU",5,"Exclusion",526,"LA1",0,6,NA,NA,0
"428",2023,"HUN","POAU",5,"Exclusion",527,"LA1",1,7,NA,NA,1
"429",2023,"HUN","POAU",5,"Exclusion",528,"SFAEF",1,10,NA,NA,1
"430",2023,"HUN","POAU",5,"Exclusion",529,"LA2",0,2,NA,NA,2
"431",2023,"HUN","POAU",5,"Exclusion",530,"LA1",0,7,NA,NA,2
"432",2023,"HUN","POAU",5,"Exclusion",531,"LA2",1,12,NA,NA,0
"433",2023,"HUN","POAU",6,"Access",532,"LA1",0,6,NA,NA,6
"434",2023,"HUN","POAU",6,"Access",533,"SFAEF",0,4,NA,NA,3
"435",2023,"HUN","POAU",6,"Access",534,"LA7",1,7,NA,NA,2
"436",2023,"HUN","POAU",6,"Access",535,"SFAEF",1,6,NA,NA,2
"437",2023,"HUN","POAU",6,"Access",536,"LA2",1,13,NA,NA,1
"438",2023,"HUN","POAU",6,"Access",537,"SFAEF",1,6,NA,NA,3
"439",2023,"HUN","POAU",6,"Access",538,"LA2",1,6,NA,NA,1
"440",2023,"HUN","POAU",6,"Access",539,"SFAEF",1,8,NA,NA,3
"441",2023,"HUN","POAU",6,"Access",540,"SFAEF",0,4,NA,NA,3
"442",2023,"HUN","POAU",6,"Access",541,"LA1",1,7,NA,NA,1
"443",2023,"HUN","POAU",6,"Access",542,"LA2",1,9,NA,NA,1
"444",2023,"HUN","POAU",6,"Access",543,"LA1",0,9,NA,NA,4
"445",2023,"HUN","POAU",6,"Access",544,"LA7",1,12,NA,NA,4
"446",2023,"HUN","POAU",6,"Access",545,"LA2",0,6,NA,NA,1
"447",2023,"HUN","POAU",6,"Access",546,"LA2",0,4,NA,NA,3
"448",2023,"HUN","POAU",7,"Access",547,"LA7",1,8,NA,NA,2
"449",2023,"HUN","POAU",7,"Access",548,"LA7",0,2,NA,NA,2
"450",2023,"HUN","POAU",7,"Access",549,"SFAEF",0,14,NA,NA,5
"451",2023,"HUN","POAU",7,"Access",550,"LA7",0,9,NA,NA,1
"452",2023,"HUN","POAU",7,"Access",551,"LA2",1,9,NA,NA,0
"453",2023,"HUN","POAU",7,"Access",552,"SFAEF",0,7,NA,NA,2
"454",2023,"HUN","POAU",7,"Access",553,"LA2",0,9,NA,NA,2
"455",2023,"HUN","POAU",7,"Access",554,"SFAEF",0,9,NA,NA,1
"456",2023,"HUN","POAU",7,"Access",555,"LA7",0,8,NA,NA,1
"457",2023,"HUN","POAU",7,"Access",556,"LA7",0,23,NA,NA,2
"458",2023,"HUN","POAU",7,"Access",557,"LA2",0,7,NA,NA,0
"459",2023,"HUN","POAU",7,"Access",558,"LA2",0,16,NA,NA,0
"460",2023,"HUN","POAU",7,"Access",559,"LA2",0,6,NA,NA,2
"461",2023,"HUN","POAU",7,"Access",560,"SFAEF",0,16,NA,NA,2
"462",2023,"HUN","POAU",7,"Access",561,"SFAEF",1,14,NA,NA,4
"463",2023,"HUN","AGHY",1,"Exclusion",562,"LPEF",1,15,NA,NA,0
"464",2023,"HUN","AGHY",1,"Exclusion",563,"COHR",1,16,NA,NA,0
"465",2023,"HUN","AGHY",1,"Exclusion",564,"COHR",0,19,NA,NA,0
"466",2023,"HUN","AGHY",1,"Exclusion",565,"LPEF",0,25,NA,NA,0
"467",2023,"HUN","AGHY",1,"Exclusion",566,"SJC",0,15,NA,NA,0
"468",2023,"HUN","AGHY",1,"Exclusion",567,"SJC",0,29,NA,NA,0
"469",2023,"HUN","AGHY",1,"Exclusion",568,"LPEF",0,19,NA,NA,0
"470",2023,"HUN","AGHY",1,"Exclusion",569,"COHR",0,2,NA,NA,0
"471",2023,"HUN","AGHY",1,"Exclusion",570,"SJC",1,20,NA,NA,0
"472",2023,"HUN","AGHY",1,"Exclusion",571,"COHR",0,11,NA,NA,0
"473",2023,"HUN","AGHY",1,"Exclusion",572,"LPEF",0,15,NA,NA,0
"474",2023,"HUN","AGHY",1,"Exclusion",573,"COHR",1,10,NA,NA,0
"475",2023,"HUN","AGHY",1,"Exclusion",574,"SJC",0,13,NA,NA,0
"476",2023,"HUN","AGHY",1,"Exclusion",575,"SJC",1,13,NA,NA,0
"477",2023,"HUN","AGHY",1,"Exclusion",576,"LPEF",1,8,NA,NA,0
"478",2023,"HUN","AGHY",2,"Access",577,"LPEF",1,13,NA,NA,0
"479",2023,"HUN","AGHY",2,"Access",578,"COHR",1,6,NA,NA,0
"480",2023,"HUN","AGHY",2,"Access",579,"SJC",1,8,NA,NA,0
"481",2023,"HUN","AGHY",2,"Access",580,"COHR",1,7,NA,NA,0
"482",2023,"HUN","AGHY",2,"Access",581,"COHR",1,8,NA,NA,0
"483",2023,"HUN","AGHY",2,"Access",582,"COHR",0,4,NA,NA,0
"484",2023,"HUN","AGHY",2,"Access",583,"SJC",1,5,NA,NA,0
"485",2023,"HUN","AGHY",2,"Access",584,"LPEF",1,16,NA,NA,0
"486",2023,"HUN","AGHY",2,"Access",585,"SJC",1,8,NA,NA,0
"487",2023,"HUN","AGHY",2,"Access",586,"SJC",1,6,NA,NA,0
"488",2023,"HUN","AGHY",2,"Access",587,"LPEF",1,8,NA,NA,0
"489",2023,"HUN","AGHY",2,"Access",588,"LPEF",0,21,NA,NA,0
"490",2023,"HUN","AGHY",2,"Access",589,"LPEF",1,6,NA,NA,0
"491",2023,"HUN","AGHY",2,"Access",590,"COHR",1,5,NA,NA,0
"492",2023,"HUN","AGHY",2,"Access",591,"SJC",0,15,NA,NA,0
"493",2023,"HUN","AGHY",5,"Exclusion",592,"SJC",1,9,NA,NA,0
"494",2023,"BFL","POAU",7,"Access",595,"SFAEF",1,8,NA,NA,0
"495",2023,"BFL","POAU",7,"Access",596,"LA1",1,10,NA,NA,0
"496",2023,"HUN","AGHY",5,"Exclusion",599,"LPEF",0,10,NA,NA,2
"497",2023,"HUN","AGHY",5,"Exclusion",600,"COHR",0,17,NA,NA,0
"498",2023,"HUN","POAU",2,"Exclusion",601,"SFAEF",1,4,NA,NA,2
"499",2023,"HUN","POAU",2,"Exclusion",602,"LA2",1,11,NA,NA,1
"500",2023,"HUN","POAU",2,"Exclusion",603,"SFAEF",0,11,NA,NA,1
"501",2023,"HUN","POAU",2,"Exclusion",604,"LA2",1,16,NA,NA,0
"502",2023,"HUN","POAU",2,"Exclusion",605,"LA2",1,19,NA,NA,0
"503",2023,"HUN","POAU",2,"Exclusion",606,"SFAEF",1,15,NA,NA,2
"504",2023,"HUN","POAU",2,"Exclusion",607,"SFAEF",1,5,NA,NA,0
"505",2023,"HUN","POAU",2,"Exclusion",608,"LA7",1,23,NA,NA,0
"506",2023,"HUN","POAU",2,"Exclusion",609,"LA2",1,11,NA,NA,2
"507",2023,"HUN","POAU",2,"Exclusion",610,"SFAEF",1,15,NA,NA,0
"508",2023,"HUN","POAU",2,"Exclusion",611,"LA2",1,12,NA,NA,1
"509",2023,"HUN","POAU",2,"Exclusion",612,"LA2",1,1,NA,NA,0
"510",2023,"HUN","POAU",2,"Exclusion",613,"LA7",0,11,NA,NA,3
"511",2023,"HUN","POAU",2,"Exclusion",614,"LA2",0,7,NA,NA,1
"512",2023,"HUN","POAU",2,"Exclusion",615,"LA7",1,36,NA,NA,2
"513",2023,"HUN","POAU",3,"Access",616,"LA2",0,6,NA,NA,1
"514",2023,"HUN","POAU",3,"Access",617,"SFAEF",0,3,NA,NA,1
"515",2023,"HUN","POAU",3,"Access",618,"LA2",1,2,NA,NA,2
"516",2023,"HUN","POAU",3,"Access",619,"LA2",1,35,NA,NA,2
"517",2023,"HUN","POAU",3,"Access",620,"SFAEF",0,5,NA,NA,0
"518",2023,"HUN","POAU",3,"Access",621,"SFAEF",0,13,NA,NA,2
"519",2023,"HUN","POAU",3,"Access",622,"LA1",1,5,NA,NA,1
"520",2023,"HUN","POAU",3,"Access",623,"LA1",0,2,NA,NA,0
"521",2023,"HUN","POAU",3,"Access",624,"LA1",0,5,NA,NA,2
"522",2023,"HUN","POAU",3,"Access",625,"LA2",0,7,NA,NA,2
"523",2023,"HUN","POAU",3,"Access",626,"LA1",1,12,NA,NA,2
"524",2023,"HUN","POAU",3,"Access",627,"LA2",0,5,NA,NA,0
"525",2023,"HUN","POAU",3,"Access",628,"LA1",0,8,NA,NA,2
"526",2023,"HUN","POAU",3,"Access",629,"SFAEF",1,13,NA,NA,0
"527",2023,"HUN","POAU",8,"Access",630,"LA2",0,12,NA,NA,4
"528",2023,"HUN","POAU",8,"Access",631,"LA7",0,11,NA,NA,2
"529",2023,"HUN","POAU",8,"Access",632,"LA2",1,5,NA,NA,2
"530",2023,"HUN","POAU",8,"Access",633,"LA7",1,18,NA,NA,2
"531",2023,"HUN","POAU",8,"Access",634,"LA2",1,10,NA,NA,1
"532",2023,"HUN","POAU",8,"Access",635,"SFAEF",0,8,NA,NA,4
"533",2023,"HUN","POAU",8,"Access",636,"LA2",1,11,NA,NA,4
"534",2023,"HUN","POAU",8,"Access",637,"LA7",1,17,NA,NA,2
"535",2023,"HUN","POAU",8,"Access",638,"LA2",1,9,NA,NA,2
"536",2023,"HUN","POAU",8,"Access",639,"LA2",1,7,NA,NA,2
"537",2023,"HUN","POAU",8,"Access",640,"SFAEF",1,8,NA,NA,3
"538",2023,"HUN","POAU",8,"Access",641,"SFAEF",1,13,NA,NA,2
"539",2023,"HUN","POAU",8,"Access",642,"LA2",1,15,NA,NA,3
"540",2023,"HUN","POAU",8,"Access",643,"SFAEF",1,23,NA,NA,2
"541",2023,"HUN","POAU",8,"Access",644,"SFAEF",1,7,NA,NA,2
"542",2023,"HUN","AGHY",8,"Exclusion",645,"COHR",0,25,NA,NA,0
"543",2023,"HUN","AGHY",8,"Exclusion",646,"SJC",1,15,NA,NA,1
"544",2023,"HUN","AGHY",8,"Exclusion",647,"COHR",1,24,NA,NA,0
"545",2023,"HUN","AGHY",8,"Exclusion",648,"COHR",1,20,NA,NA,0
"546",2023,"HUN","AGHY",8,"Exclusion",649,"LPEF",1,20,NA,NA,0
"547",2023,"HUN","AGHY",8,"Exclusion",650,"SJC",0,30,NA,NA,0
"548",2023,"HUN","AGHY",8,"Exclusion",651,"COHR",1,13,NA,NA,0
"549",2023,"HUN","AGHY",8,"Exclusion",652,"SJC",0,26,NA,NA,0
"550",2023,"HUN","AGHY",8,"Exclusion",653,"LPEF",0,19,NA,NA,0
"551",2023,"HUN","AGHY",8,"Exclusion",654,"SJC",1,30,NA,NA,0
"552",2023,"HUN","AGHY",8,"Exclusion",655,"COHR",0,25,NA,NA,0
"553",2023,"HUN","AGHY",8,"Exclusion",656,"LPEF",1,29,NA,NA,0
"554",2023,"HUN","AGHY",8,"Exclusion",657,"LPEF",1,28,NA,NA,0
"555",2023,"HUN","AGHY",8,"Exclusion",658,"LPEF",0,26,NA,NA,0
"556",2023,"HUN","AGHY",8,"Exclusion",659,"SJC",1,15,NA,NA,0
"557",2023,"HUN","AGHY",7,"Access",660,"LPEF",0,29,NA,NA,8
"558",2023,"HUN","AGHY",7,"Access",661,"SJC",0,21,NA,NA,12
"559",2023,"HUN","AGHY",7,"Access",662,"COHR",0,12,NA,NA,2
"560",2023,"HUN","AGHY",7,"Access",663,"SJC",0,16,NA,NA,4
"561",2023,"HUN","AGHY",7,"Access",664,"SJC",0,10,NA,NA,3
"562",2023,"HUN","AGHY",7,"Access",665,"COHR",0,24,NA,NA,4
"563",2023,"HUN","AGHY",7,"Access",666,"COHR",0,11,NA,NA,0
"564",2023,"HUN","AGHY",7,"Access",667,"SJC",1,6,NA,NA,2
"565",2023,"HUN","AGHY",7,"Access",668,"COHR",0,19,NA,NA,3
"566",2023,"HUN","AGHY",7,"Access",669,"LPEF",0,23,NA,NA,2
"567",2023,"HUN","AGHY",7,"Access",670,"COHR",1,16,NA,NA,4
"568",2023,"HUN","AGHY",7,"Access",671,"LPEF",1,9,NA,NA,0
"569",2023,"HUN","AGHY",7,"Access",672,"LPEF",0,13,NA,NA,1
"570",2023,"HUN","AGHY",7,"Access",673,"SJC",0,18,NA,NA,1
"571",2023,"HUN","AGHY",7,"Access",674,"LPEF",0,25,NA,NA,0
"572",2023,"HUN","AGHY",6,"Access",675,"COHR",0,6,NA,NA,1
"573",2023,"HUN","AGHY",6,"Access",676,"LPEF",1,9,NA,NA,5
"574",2023,"HUN","AGHY",6,"Access",677,"COHR",1,9,NA,NA,0
"575",2023,"HUN","AGHY",6,"Access",678,"LPEF",0,21,NA,NA,0
"576",2023,"HUN","AGHY",6,"Access",679,"LPEF",1,5,NA,NA,1
"577",2023,"HUN","AGHY",6,"Access",680,"SJC",1,15,NA,NA,9
"578",2023,"HUN","AGHY",6,"Access",681,"SJC",0,15,NA,NA,1
"579",2023,"HUN","AGHY",6,"Access",682,"COHR",1,14,NA,NA,0
"580",2023,"HUN","AGHY",6,"Access",683,"SJC",1,10,NA,NA,3
"581",2023,"HUN","AGHY",6,"Access",684,"LPEF",0,6,NA,NA,1
"582",2023,"HUN","AGHY",6,"Access",685,"COHR",0,8,NA,NA,1
"583",2023,"HUN","AGHY",6,"Access",686,"COHR",0,10,NA,NA,0
"584",2023,"HUN","AGHY",6,"Access",687,"SJC",0,22,NA,NA,10
"585",2023,"HUN","AGHY",6,"Access",688,"LPEF",0,24,NA,NA,3
"586",2023,"HUN","AGHY",6,"Access",689,"SJC",0,21,NA,NA,6
"587",2023,"HUN","AGHY",5,"Exclusion",690,"COHR",0,14,NA,NA,3
"588",2023,"HUN","AGHY",5,"Exclusion",691,"SJC",0,15,NA,NA,0
"589",2023,"HUN","AGHY",5,"Exclusion",692,"SJC",0,15,NA,NA,8
"590",2023,"HUN","AGHY",5,"Exclusion",693,"SJC",0,25,NA,NA,2
"591",2023,"HUN","AGHY",5,"Exclusion",694,"LPEF",0,13,NA,NA,1
"592",2023,"HUN","AGHY",5,"Exclusion",695,"LPEF",0,17,NA,NA,1
"593",2023,"HUN","AGHY",5,"Exclusion",696,"LPEF",1,4,NA,NA,1
"594",2023,"HUN","AGHY",5,"Exclusion",697,"COHR",1,32,NA,NA,2
"595",2023,"HUN","AGHY",5,"Exclusion",698,"COHR",0,11,NA,NA,0
"596",2023,"HUN","AGHY",5,"Exclusion",699,"SJC",0,5,NA,NA,0
"597",2023,"HUN","AGHY",5,"Exclusion",700,"LPEF",0,38,NA,NA,0
"598",2023,"HUN","AGHY",3,"Exclusion",701,"SJC",1,22,NA,NA,0
"599",2023,"HUN","AGHY",3,"Exclusion",702,"COHR",1,10,NA,NA,0
"600",2023,"HUN","AGHY",3,"Exclusion",703,"COHR",1,21,NA,NA,0
"601",2023,"HUN","AGHY",3,"Exclusion",704,"LPEF",1,16,NA,NA,0
"602",2023,"HUN","AGHY",3,"Exclusion",705,"LPEF",0,18,NA,NA,0
"603",2023,"HUN","AGHY",3,"Exclusion",706,"LPEF",1,12,NA,NA,0
"604",2023,"HUN","AGHY",3,"Exclusion",707,"COHR",1,21,NA,NA,0
"605",2023,"HUN","AGHY",3,"Exclusion",708,"SJC",1,10,NA,NA,0
"606",2023,"HUN","AGHY",3,"Exclusion",709,"SJC",1,21,NA,NA,0
"607",2023,"HUN","AGHY",3,"Exclusion",710,"COHR",0,26,NA,NA,0
"608",2023,"HUN","AGHY",3,"Exclusion",711,"LPEF",1,10,NA,NA,0
"609",2023,"HUN","AGHY",3,"Exclusion",712,"SJC",0,24,NA,NA,0
"610",2023,"HUN","AGHY",3,"Exclusion",713,"SJC",1,10,NA,NA,0
"611",2023,"HUN","AGHY",3,"Exclusion",714,"COHR",1,13,NA,NA,0
"612",2023,"HUN","AGHY",3,"Exclusion",715,"LPEF",1,30,NA,NA,0
"613",2023,"HUN","AGHY",4,"Access",716,"COHR",1,7,NA,NA,7
"614",2023,"HUN","AGHY",4,"Access",717,"SJC",0,8,NA,NA,0
"615",2023,"HUN","AGHY",4,"Access",718,"COHR",0,21,NA,NA,19
"616",2023,"HUN","AGHY",4,"Access",719,"LPEF",1,28,NA,NA,0
"617",2023,"HUN","AGHY",4,"Access",720,"LPEF",1,19,NA,NA,15
"618",2023,"HUN","AGHY",4,"Access",721,"LPEF",0,19,NA,NA,0
"619",2023,"HUN","AGHY",4,"Access",722,"LPEF",1,3,NA,NA,0
"620",2023,"HUN","AGHY",4,"Access",723,"COHR",0,6,NA,NA,0
"621",2023,"HUN","AGHY",4,"Access",724,"COHR",1,7,NA,NA,0
"622",2023,"HUN","AGHY",4,"Access",725,"SJC",0,3,NA,NA,2
"623",2023,"HUN","AGHY",4,"Access",726,"SJC",1,22,NA,NA,15
"624",2023,"HUN","AGHY",4,"Access",727,"SJC",1,12,NA,NA,0
"625",2023,"HUN","AGHY",4,"Access",728,"COHR",1,9,NA,NA,3
"626",2023,"HUN","AGHY",4,"Access",729,"LPEF",0,3,NA,NA,0
"627",2023,"HUN","AGHY",4,"Access",730,"SJC",1,25,NA,NA,0
"628",2023,"KER","AGHY",1,"Access",731,"SJC",1,8,NA,NA,8
"629",2023,"SON","AGHY",2,"Access",10001,"COHR",0,3,NA,NA,4
"630",2023,"KER","AGHY",1,"Access",732,"COHR",0,7,NA,NA,7
"631",2023,"KER","AGHY",1,"Access",733,"LPEF",1,2,NA,NA,2
"632",2023,"KER","AGHY",1,"Access",734,"SJC",0,11,NA,NA,11
"633",2023,"KER","AGHY",1,"Access",735,"COHR",1,6,NA,NA,0
"634",2023,"KER","AGHY",1,"Access",736,"COHR",1,7,NA,NA,7
"635",2023,"KER","AGHY",1,"Access",737,"COHR",1,9,NA,NA,8
"636",2023,"KER","AGHY",1,"Access",738,"SJC",1,4,NA,NA,2
"637",2023,"KER","AGHY",1,"Access",739,"SJC",1,14,NA,NA,14
"638",2023,"KER","AGHY",1,"Access",740,"SJC",1,13,NA,NA,13
"639",2023,"KER","AGHY",1,"Access",741,"LPEF",1,12,NA,NA,7
"640",2023,"KER","AGHY",1,"Access",742,"LPEF",1,6,NA,NA,5
"641",2023,"KER","AGHY",1,"Access",743,"COHR",1,9,NA,NA,5
"642",2023,"KER","AGHY",2,"Access",744,"LPEF",0,11,NA,NA,2
"643",2023,"KER","AGHY",2,"Access",745,"SJC",0,10,NA,NA,9
"644",2023,"KER","AGHY",2,"Access",746,"SJC",0,1,NA,NA,0
"645",2023,"KER","AGHY",2,"Access",747,"LPEF",0,13,NA,NA,13
"646",2023,"KER","AGHY",2,"Access",748,"LPEF",1,1,NA,NA,1
"647",2023,"KER","AGHY",2,"Access",749,"COHR",1,4,NA,NA,1
"648",2023,"KER","AGHY",2,"Access",750,"SJC",0,5,NA,NA,5
"649",2023,"KER","AGHY",2,"Access",751,"COHR",0,4,NA,NA,4
"650",2023,"KER","AGHY",2,"Access",752,"COHR",0,16,NA,NA,16
"651",2023,"KER","AGHY",3,"Exclusion",753,"LPEF",0,2,NA,NA,0
"652",2023,"KER","AGHY",3,"Exclusion",754,"SJC",1,8,NA,NA,0
"653",2023,"KER","AGHY",3,"Exclusion",755,"COHR",1,1,NA,NA,0
"654",2023,"KER","AGHY",3,"Exclusion",756,"SJC",1,1,NA,NA,0
"655",2023,"KER","AGHY",3,"Exclusion",757,"SJC",0,2,NA,NA,0
"656",2023,"KER","AGHY",4,"Exclusion",758,"SJC",0,4,NA,NA,0
"657",2023,"KER","AGHY",4,"Exclusion",759,"LPEF",0,7,NA,NA,0
"658",2023,"KER","AGHY",4,"Exclusion",760,"SJC",1,6,NA,NA,0
"659",2023,"KER","AGHY",4,"Exclusion",761,"COHR",0,6,NA,NA,0
"660",2023,"KER","AGHY",4,"Exclusion",762,"LPEF",0,1,NA,NA,0
"661",2023,"KER","AGHY",4,"Exclusion",763,"SJC",0,6,NA,NA,0
"662",2023,"KER","AGHY",5,"Exclusion",764,"COHR",0,4,NA,NA,0
"663",2023,"KER","AGHY",5,"Exclusion",765,"SJC",0,3,NA,NA,0
"664",2023,"KER","AGHY",5,"Exclusion",766,"SJC",0,4,NA,NA,0
"665",2023,"KER","AGHY",8,"Access",767,"SJC",0,4,NA,NA,4
"666",2023,"KER","AGHY",8,"Access",768,"COHR",1,5,NA,NA,5
"667",2023,"KER","AGHY",8,"Access",769,"COHR",0,4,NA,NA,0
"668",2023,"KER","AGHY",8,"Access",770,"COHR",1,1,NA,NA,1
"669",2023,"KER","AGHY",8,"Access",771,"LPEF",0,2,NA,NA,2
"670",2023,"KER","AGHY",8,"Access",772,"COHR",0,11,NA,NA,11
"671",2023,"KER","AGHY",8,"Access",773,"SJC",1,7,NA,NA,6
"672",2023,"KER","AGHY",7,"Exclusion",774,"COHR",1,2,NA,NA,0
"673",2023,"KER","AGHY",7,"Exclusion",775,"LPEF",1,16,NA,NA,0
"674",2023,"KER","AGHY",7,"Exclusion",776,"SJC",1,1,NA,NA,0
"675",2023,"KER","AGHY",7,"Exclusion",777,"COHR",0,8,NA,NA,0
"676",2023,"KER","AGHY",7,"Exclusion",778,"SJC",1,8,NA,NA,0
"677",2023,"KER","AGHY",7,"Exclusion",779,"SJC",0,10,NA,NA,0
"678",2023,"KER","AGHY",7,"Exclusion",780,"LPEF",0,3,NA,NA,0
"679",2023,"KER","AGHY",6,"Access",781,"LPEF",0,1,NA,NA,1
"680",2023,"KER","AGHY",6,"Access",782,"SJC",0,7,NA,NA,6
"681",2023,"KER","AGHY",6,"Access",783,"COHR",1,1,NA,NA,0
"682",2023,"KER","POAU",7,"Access",784,"SFAEF",0,5,NA,NA,5
"683",2023,"KER","POAU",7,"Access",785,"SFAEF",0,11,NA,NA,11
"684",2023,"KER","POAU",7,"Access",786,"LA7",1,2,NA,NA,0
"685",2023,"KER","POAU",7,"Access",787,"SFAEF",1,7,NA,NA,7
"686",2023,"KER","POAU",7,"Access",788,"LA7",0,14,NA,NA,14
"687",2023,"KER","POAU",8,"Exclusion",789,"LA2",1,9,NA,NA,0
"688",2023,"KER","POAU",8,"Exclusion",790,"LA2",1,6,NA,NA,0
"689",2023,"KER","POAU",8,"Exclusion",791,"LA2",1,12,NA,NA,0
"690",2023,"KER","POAU",8,"Exclusion",792,"SFAEF",0,6,NA,NA,0
"691",2023,"KER","POAU",8,"Exclusion",793,"SFAEF",1,5,NA,NA,0
"692",2023,"KER","POAU",8,"Exclusion",794,"SFAEF",1,9,NA,NA,0
"693",2023,"KER","POAU",8,"Exclusion",795,"LA2",1,18,NA,NA,0
"694",2023,"KER","POAU",8,"Exclusion",796,"LA2",1,6,NA,NA,0
"695",2023,"KER","POAU",8,"Exclusion",797,"LA2",0,5,NA,NA,0
"696",2023,"KER","POAU",8,"Exclusion",798,"LA2",1,2,NA,NA,0
"697",2023,"KER","POAU",8,"Exclusion",799,"SFAEF",1,4,NA,NA,0
"698",2023,"KER","POAU",6,"Exclusion",801,"LA2",1,13,NA,NA,0
"699",2023,"KER","POAU",6,"Exclusion",802,"LA7",0,2,NA,NA,0
"700",2023,"KER","POAU",6,"Exclusion",803,"SFAEF",1,10,NA,NA,0
"701",2023,"KER","POAU",6,"Exclusion",804,"LA2",0,2,NA,NA,0
"702",2023,"KER","POAU",6,"Exclusion",805,"LA7",1,2,NA,NA,0
"703",2023,"KER","POAU",6,"Exclusion",806,"LA2",0,7,NA,NA,0
"704",2023,"KER","POAU",6,"Exclusion",807,"SFAEF",0,4,NA,NA,0
"705",2023,"KER","POAU",6,"Exclusion",808,"SFAEF",0,5,NA,NA,0
"706",2023,"KER","POAU",6,"Exclusion",809,"LA2",0,9,NA,NA,0
"707",2023,"COL","POAU",6,"Access",810,"SFAEF",0,7,NA,NA,0
"708",2023,"BAS","AGHY",1,"Exclusion",811,"LPEF",0,18,NA,NA,0
"709",2023,"BAS","AGHY",1,"Exclusion",812,"LPEF",1,9,NA,NA,0
"710",2023,"BAS","AGHY",1,"Exclusion",813,"LPEF",1,12,NA,NA,0
"711",2023,"BAS","AGHY",1,"Exclusion",814,"COHR",0,3,NA,NA,0
"712",2023,"BAS","AGHY",1,"Exclusion",815,"COHR",1,14,NA,NA,0
"713",2023,"BAS","AGHY",1,"Exclusion",816,"COHR",1,22,NA,NA,0
"714",2023,"BAS","AGHY",1,"Exclusion",817,"SJC",1,30,NA,NA,0
"715",2023,"BAS","AGHY",1,"Exclusion",818,"SJC",1,19,NA,NA,0
"716",2023,"BAS","AGHY",1,"Exclusion",819,"SJC",1,44,NA,NA,0
"717",2023,"BAS","AGHY",1,"Exclusion",820,"SJC",1,36,NA,NA,0
"718",2023,"BAS","AGHY",1,"Exclusion",821,"COHR",1,24,NA,NA,0
"719",2023,"BAS","AGHY",1,"Exclusion",822,"COHR",1,23,NA,NA,0
"720",2023,"BAS","AGHY",1,"Exclusion",823,"LPEF",1,27,NA,NA,0
"721",2023,"BAS","AGHY",1,"Exclusion",824,"SJC",0,16,NA,NA,0
"722",2023,"BAS","AGHY",1,"Exclusion",825,"LPEF",1,25,NA,NA,0
"723",2023,"BAS","AGHY",3,"Exclusion",826,"LPEF",0,9,NA,NA,0
"724",2023,"BAS","AGHY",3,"Exclusion",827,"COHR",0,17,NA,NA,0
"725",2023,"BAS","AGHY",3,"Exclusion",828,"SJC",0,23,NA,NA,0
"726",2023,"BAS","AGHY",3,"Exclusion",829,"COHR",0,13,NA,NA,0
"727",2023,"BAS","AGHY",3,"Exclusion",830,"SJC",0,24,NA,NA,0
"728",2023,"BAS","AGHY",3,"Exclusion",831,"COHR",0,22,NA,NA,0
"729",2023,"BAS","AGHY",3,"Exclusion",832,"SJC",0,32,NA,NA,0
"730",2023,"BAS","AGHY",3,"Exclusion",833,"LPEF",1,6,NA,NA,0
"731",2023,"BAS","AGHY",3,"Exclusion",834,"COHR",0,9,NA,NA,1
"732",2023,"BAS","AGHY",3,"Exclusion",835,"COHR",0,24,NA,NA,0
"733",2023,"BAS","AGHY",3,"Exclusion",836,"LPEF",0,17,NA,NA,0
"734",2023,"BAS","AGHY",3,"Exclusion",837,"LPEF",0,32,NA,NA,0
"735",2023,"BAS","AGHY",3,"Exclusion",838,"LPEF",0,18,NA,NA,0
"736",2023,"BAS","AGHY",3,"Exclusion",839,"SJC",1,15,NA,NA,0
"737",2023,"BAS","AGHY",3,"Exclusion",840,"COHR",1,24,NA,NA,0
"738",2023,"BAS","AGHY",6,"Exclusion",841,"COHR",0,8,NA,NA,0
"739",2023,"BAS","AGHY",6,"Exclusion",842,"COHR",1,11,NA,NA,0
"740",2023,"BAS","AGHY",6,"Exclusion",843,"LPEF",0,37,NA,NA,0
"741",2023,"BAS","AGHY",6,"Exclusion",844,"LPEF",1,39,NA,NA,0
"742",2023,"BAS","AGHY",6,"Exclusion",845,"SJC",1,35,NA,NA,0
"743",2023,"BAS","AGHY",6,"Exclusion",846,"SJC",0,27,NA,NA,0
"744",2023,"BAS","AGHY",6,"Exclusion",847,"LPEF",1,36,NA,NA,0
"745",2023,"BAS","AGHY",6,"Exclusion",848,"SJC",0,31,NA,NA,0
"746",2023,"BAS","AGHY",6,"Exclusion",849,"SJC",0,18,NA,NA,0
"747",2023,"BAS","AGHY",6,"Exclusion",850,"LPEF",0,10,NA,NA,0
"748",2023,"BAS","AGHY",6,"Exclusion",851,"LPEF",0,31,NA,NA,0
"749",2023,"BAS","AGHY",6,"Exclusion",852,"SJC",1,40,NA,NA,0
"750",2023,"BAS","AGHY",6,"Exclusion",853,"COHR",0,20,NA,NA,0
"751",2023,"BAS","AGHY",6,"Exclusion",854,"COHR",1,18,NA,NA,0
"752",2023,"BAS","AGHY",6,"Exclusion",855,"COHR",0,21,NA,NA,0
"753",2023,"BAS","AGHY",7,"Access",856,"COHR",1,1,NA,NA,0
"754",2023,"BAS","AGHY",7,"Access",857,"SJC",1,23,NA,NA,0
"755",2023,"BAS","AGHY",7,"Access",858,"LPEF",1,1,NA,NA,0
"756",2023,"BAS","AGHY",7,"Access",859,"LPEF",1,9,NA,NA,0
"757",2023,"BAS","AGHY",7,"Access",860,"LPEF",0,9,NA,NA,0
"758",2023,"BAS","AGHY",7,"Access",861,"COHR",1,0,NA,NA,NA
"759",2023,"BAS","AGHY",7,"Access",862,"SJC",0,18,NA,NA,0
"760",2023,"BAS","AGHY",7,"Access",863,"LPEF",0,8,NA,NA,0
"761",2023,"BAS","AGHY",7,"Access",864,"SJC",1,22,NA,NA,0
"762",2023,"BAS","AGHY",7,"Access",865,"SJC",0,13,NA,NA,0
"763",2023,"BAS","AGHY",7,"Access",866,"COHR",0,13,NA,NA,0
"764",2023,"BAS","AGHY",7,"Access",867,"COHR",0,25,NA,NA,0
"765",2023,"BAS","AGHY",7,"Access",868,"COHR",0,24,NA,NA,0
"766",2023,"BAS","AGHY",7,"Access",869,"SJC",0,25,NA,NA,0
"767",2023,"BAS","AGHY",7,"Access",870,"LPEF",0,12,NA,NA,0
"768",2023,"BAS","POAU",2,"Access",871,"LA7",0,13,NA,NA,0
"769",2023,"BAS","POAU",2,"Access",872,"LA7",0,13,NA,NA,1
"770",2023,"BAS","POAU",2,"Access",873,"LA7",0,24,NA,NA,0
"771",2023,"BAS","POAU",2,"Access",874,"LA2",1,35,NA,NA,0
"772",2023,"BAS","POAU",2,"Access",875,"LA2",0,17,NA,NA,0
"773",2023,"BAS","POAU",2,"Access",876,"SFAEF",0,22,NA,NA,5
"774",2023,"BAS","POAU",2,"Access",877,"LA2",0,24,NA,NA,0
"775",2023,"BAS","POAU",2,"Access",878,"SFAEF",1,23,NA,NA,0
"776",2023,"BAS","POAU",2,"Access",879,"SFAEF",0,15,NA,NA,0
"777",2023,"BAS","POAU",2,"Access",880,"LA2",0,10,NA,NA,2
"778",2023,"BAS","POAU",2,"Access",881,"LA7",0,15,NA,NA,0
"779",2023,"BAS","POAU",2,"Access",882,"SFAEF",0,29,NA,NA,0
"780",2023,"BAS","POAU",2,"Access",883,"LA7",1,11,NA,NA,1
"781",2023,"BAS","POAU",2,"Access",884,"LA2",0,12,NA,NA,0
"782",2023,"BAS","POAU",2,"Access",885,"SFAEF",0,6,NA,NA,0
"783",2023,"BAS","POAU",3,"Exclusion",886,"SFAEF",1,8,NA,NA,0
"784",2023,"BAS","POAU",3,"Exclusion",887,"SFAEF",0,17,NA,NA,1
"785",2023,"BAS","POAU",3,"Exclusion",888,"LA1",0,7,NA,NA,1
"786",2023,"BAS","POAU",3,"Exclusion",889,"LA7",1,18,NA,NA,0
"787",2023,"BAS","POAU",3,"Exclusion",890,"LA2",1,25,NA,NA,0
"788",2023,"BAS","POAU",3,"Exclusion",891,"SFAEF",1,11,NA,NA,0
"789",2023,"BAS","POAU",3,"Exclusion",892,"LA2",1,11,NA,NA,0
"790",2023,"BAS","POAU",3,"Exclusion",893,"LA7",1,23,NA,NA,0
"791",2023,"BAS","POAU",3,"Exclusion",894,"LA2",1,16,NA,NA,0
"792",2023,"BAS","POAU",3,"Exclusion",895,"LA2",0,28,NA,NA,0
"793",2023,"BAS","POAU",3,"Exclusion",896,"LA7",1,17,NA,NA,4
"794",2023,"BAS","POAU",3,"Exclusion",897,"LA2",1,24,NA,NA,0
"795",2023,"BAS","POAU",3,"Exclusion",898,"SFAEF",1,23,NA,NA,0
"796",2023,"BAS","POAU",3,"Exclusion",899,"SFAEF",1,16,NA,NA,0
"797",2023,"BAS","POAU",3,"Exclusion",900,"SFAEF",1,35,NA,NA,0
"798",2023,"BAS","AGHY",2,"Access",901,"SJC",1,25,NA,NA,1
"799",2023,"BAS","AGHY",2,"Access",902,"LPEF",0,15,NA,NA,0
"800",2023,"BAS","AGHY",2,"Access",903,"COHR",1,11,NA,NA,0
"801",2023,"BAS","AGHY",2,"Access",904,"SJC",1,34,NA,NA,0
"802",2023,"BAS","AGHY",2,"Access",905,"COHR",1,31,NA,NA,0
"803",2023,"BAS","AGHY",2,"Access",906,"LPEF",1,24,NA,NA,0
"804",2023,"BAS","AGHY",2,"Access",907,"SJC",1,18,NA,NA,2
"805",2023,"BAS","AGHY",2,"Access",908,"LPEF",1,25,NA,NA,0
"806",2023,"BAS","AGHY",2,"Access",909,"COHR",0,19,NA,NA,0
"807",2023,"BAS","AGHY",2,"Access",910,"COHR",1,18,NA,NA,0
"808",2023,"BAS","AGHY",2,"Access",911,"SJC",0,25,NA,NA,0
"809",2023,"BAS","AGHY",2,"Access",912,"LPEF",1,13,NA,NA,0
"810",2023,"BAS","AGHY",2,"Access",913,"COHR",1,25,NA,NA,1
"811",2023,"BAS","AGHY",2,"Access",914,"SJC",1,42,NA,NA,1
"812",2023,"BAS","AGHY",2,"Access",915,"LPEF",1,17,NA,NA,2
"813",2023,"BAS","AGHY",5,"Access",916,"COHR",1,20,NA,NA,0
"814",2023,"BAS","AGHY",5,"Access",917,"COHR",1,17,NA,NA,0
"815",2023,"BAS","AGHY",5,"Access",918,"COHR",0,13,NA,NA,1
"816",2023,"BAS","AGHY",5,"Access",919,"SJC",1,27,NA,NA,0
"817",2023,"BAS","AGHY",5,"Access",920,"LPEF",0,13,NA,NA,0
"818",2023,"BAS","AGHY",5,"Access",921,"LPEF",1,12,NA,NA,0
"819",2023,"BAS","AGHY",5,"Access",922,"SJC",0,24,NA,NA,0
"820",2023,"BAS","AGHY",5,"Access",923,"SJC",0,22,NA,NA,0
"821",2023,"BAS","AGHY",5,"Access",924,"COHR",1,24,NA,NA,0
"822",2023,"BAS","AGHY",5,"Access",925,"COHR",0,8,NA,NA,2
"823",2023,"BAS","AGHY",5,"Access",926,"LPEF",0,17,NA,NA,0
"824",2023,"BAS","AGHY",5,"Access",927,"SJC",1,12,NA,NA,0
"825",2023,"BAS","AGHY",5,"Access",928,"LPEF",1,9,NA,NA,0
"826",2023,"BAS","AGHY",5,"Access",929,"LPEF",1,21,NA,NA,1
"827",2023,"BAS","AGHY",5,"Access",930,"SJC",1,21,NA,NA,0
"828",2023,"BAS","AGHY",4,"Exclusion",931,"COHR",1,15,NA,NA,0
"829",2023,"BAS","AGHY",4,"Exclusion",932,"COHR",1,16,NA,NA,0
"830",2023,"BAS","AGHY",4,"Exclusion",933,"COHR",0,42,NA,NA,0
"831",2023,"BAS","AGHY",4,"Exclusion",934,"SJC",1,34,NA,NA,0
"832",2023,"BAS","AGHY",4,"Exclusion",935,"LPEF",0,15,NA,NA,0
"833",2023,"BAS","AGHY",4,"Exclusion",936,"LPEF",1,10,NA,NA,0
"834",2023,"BAS","AGHY",4,"Exclusion",937,"SJC",0,17,NA,NA,0
"835",2023,"BAS","AGHY",4,"Exclusion",938,"SJC",0,40,NA,NA,0
"836",2023,"BAS","AGHY",4,"Exclusion",939,"COHR",1,17,NA,NA,0
"837",2023,"BAS","AGHY",4,"Exclusion",940,"COHR",0,23,NA,NA,0
"838",2023,"BAS","AGHY",4,"Exclusion",941,"LPEF",0,27,NA,NA,0
"839",2023,"BAS","AGHY",4,"Exclusion",942,"SJC",1,30,NA,NA,0
"840",2023,"BAS","AGHY",4,"Exclusion",943,"LPEF",1,16,NA,NA,0
"841",2023,"BAS","AGHY",4,"Exclusion",944,"LPEF",1,21,NA,NA,0
"842",2023,"BAS","AGHY",4,"Exclusion",945,"SJC",1,33,NA,NA,0
"843",2023,"BAS","AGHY",8,"Access",946,"SJC",0,45,NA,NA,2
"844",2023,"BAS","AGHY",8,"Access",947,"COHR",1,51,NA,NA,6
"845",2023,"BAS","AGHY",8,"Access",948,"SJC",0,26,NA,NA,0
"846",2023,"BAS","AGHY",8,"Access",949,"COHR",0,22,NA,NA,0
"847",2023,"BAS","AGHY",8,"Access",950,"SJC",1,47,NA,NA,3
"848",2023,"BAS","AGHY",8,"Access",951,"COHR",0,78,NA,NA,0
"849",2023,"BAS","AGHY",8,"Access",952,"SJC",0,35,NA,NA,0
"850",2023,"BAS","AGHY",8,"Access",953,"SJC",0,37,NA,NA,0
"851",2023,"BAS","AGHY",8,"Access",954,"LPEF",0,52,NA,NA,0
"852",2023,"BAS","AGHY",8,"Access",955,"COHR",0,42,NA,NA,0
"853",2023,"BAS","AGHY",8,"Access",956,"LPEF",0,23,NA,NA,2
"854",2023,"BAS","AGHY",8,"Access",957,"LPEF",0,24,NA,NA,0
"855",2023,"BAS","AGHY",8,"Access",958,"LPEF",1,25,NA,NA,2
"856",2023,"BAS","AGHY",8,"Access",959,"COHR",0,21,NA,NA,2
"857",2023,"BAS","AGHY",8,"Access",960,"LPEF",0,24,NA,NA,3
"858",2023,"BAS","POAU",1,"Exclusion",961,"LA2",0,21,NA,NA,0
"859",2023,"BAS","POAU",1,"Exclusion",962,"LA7",0,16,NA,NA,1
"860",2023,"BAS","POAU",1,"Exclusion",963,"LA7",1,22,NA,NA,0
"861",2023,"BAS","POAU",1,"Exclusion",964,"SFAEF",0,29,NA,NA,0
"862",2023,"BAS","POAU",1,"Exclusion",965,"LA7",0,24,NA,NA,0
"863",2023,"BAS","POAU",1,"Exclusion",966,"SFAEF",1,24,NA,NA,0
"864",2023,"BAS","POAU",1,"Exclusion",967,"SFAEF",0,22,NA,NA,0
"865",2023,"BAS","POAU",1,"Exclusion",968,"LA2",0,15,NA,NA,0
"866",2023,"BAS","POAU",1,"Exclusion",969,"LA2",0,6,NA,NA,0
"867",2023,"BAS","POAU",1,"Exclusion",970,"LA2",0,20,NA,NA,0
"868",2023,"BAS","POAU",1,"Exclusion",971,"LA7",0,9,NA,NA,1
"869",2023,"BAS","POAU",1,"Exclusion",972,"SFAEF",0,11,NA,NA,0
"870",2023,"BAS","POAU",1,"Exclusion",973,"LA2",1,21,NA,NA,2
"871",2023,"BAS","POAU",1,"Exclusion",974,"LA7",0,28,NA,NA,0
"872",2023,"BAS","POAU",1,"Exclusion",975,"SFAEF",0,13,NA,NA,0
"873",2023,"BAS","POAU",5,"Access",976,"LA2",1,13,NA,NA,4
"874",2023,"BAS","POAU",5,"Access",977,"LA2",0,10,NA,NA,2
"875",2023,"BAS","POAU",5,"Access",978,"SFAEF",0,8,NA,NA,1
"876",2023,"BAS","POAU",5,"Access",979,"LA2",1,15,NA,NA,0
"877",2023,"BAS","POAU",5,"Access",980,"LA1",0,8,NA,NA,6
"878",2023,"BAS","POAU",5,"Access",981,"SFAEF",1,19,NA,NA,0
"879",2023,"BAS","POAU",5,"Access",982,"LA2",0,5,NA,NA,1
"880",2023,"BAS","POAU",5,"Access",983,"LA7",1,10,NA,NA,0
"881",2023,"BAS","POAU",5,"Access",984,"LA2",1,9,NA,NA,1
"882",2023,"BAS","POAU",5,"Access",985,"SFAEF",1,19,NA,NA,0
"883",2023,"BAS","POAU",5,"Access",986,"SFAEF",1,15,NA,NA,1
"884",2023,"BAS","POAU",5,"Access",987,"LA1",0,9,NA,NA,1
"885",2023,"BAS","POAU",5,"Access",988,"SFAEF",0,10,NA,NA,2
"886",2023,"BAS","POAU",5,"Access",989,"LA7",1,22,NA,NA,0
"887",2023,"BAS","POAU",5,"Access",990,"LA1",1,13,NA,NA,4
"888",2023,"BAS","POAU",8,"Access",991,"LA2",0,10,NA,NA,5
"889",2023,"BAS","POAU",8,"Access",992,"SFAEF",1,11,NA,NA,3
"890",2023,"BAS","POAU",8,"Access",993,"LA1",0,8,NA,NA,2
"891",2023,"BAS","POAU",8,"Access",994,"SFAEF",0,14,NA,NA,6
"892",2023,"BAS","POAU",8,"Access",995,"LA1",1,4,NA,NA,3
"893",2023,"BAS","POAU",8,"Access",996,"LA1",1,9,NA,NA,9
"894",2023,"BAS","POAU",8,"Access",997,"SFAEF",0,11,NA,NA,11
"895",2023,"BAS","POAU",8,"Access",998,"LA1",0,4,NA,NA,1
"896",2023,"BAS","POAU",8,"Access",999,"LA2",1,8,NA,NA,6
"897",2023,"BAS","POAU",8,"Access",2001,"LA2",1,9,NA,NA,9
"898",2023,"BAS","POAU",8,"Access",2002,"SFAEF",1,10,NA,NA,9
"899",2023,"BAS","POAU",8,"Access",2003,"SFAEF",0,9,NA,NA,7
"900",2023,"BAS","POAU",8,"Access",2004,"LA2",0,7,NA,NA,7
"901",2023,"BAS","POAU",8,"Access",2005,"LA2",0,14,NA,NA,11
"902",2023,"BAS","POAU",7,"Exclusion",2006,"LA2",1,12,NA,NA,0
"903",2023,"BAS","POAU",7,"Exclusion",2007,"LA7",1,7,NA,NA,0
"904",2023,"BAS","POAU",7,"Exclusion",2008,"SFAEF",1,5,NA,NA,0
"905",2023,"BAS","POAU",7,"Exclusion",2009,"LA2",1,13,NA,NA,0
"906",2023,"BAS","POAU",7,"Exclusion",2010,"SFAEF",0,5,NA,NA,0
"907",2023,"BAS","POAU",7,"Exclusion",2011,"LA2",0,17,NA,NA,0
"908",2023,"BAS","POAU",7,"Exclusion",2012,"LA2",1,16,NA,NA,1
"909",2023,"BAS","POAU",7,"Exclusion",2013,"LA7",1,16,NA,NA,0
"910",2023,"BAS","POAU",7,"Exclusion",2014,"LA2",0,18,NA,NA,0
"911",2023,"BAS","POAU",7,"Exclusion",2015,"LA1",0,5,NA,NA,0
"912",2023,"BAS","POAU",7,"Exclusion",2016,"LA1",0,10,NA,NA,0
"913",2023,"BAS","POAU",7,"Exclusion",2017,"SFAEF",1,11,NA,NA,0
"914",2023,"BAS","POAU",7,"Exclusion",2018,"SFAEF",1,23,NA,NA,0
"915",2023,"BAS","POAU",7,"Exclusion",2019,"LA1",1,9,NA,NA,0
"916",2023,"BAS","POAU",7,"Exclusion",2020,"SFAEF",0,12,NA,NA,0
"917",2023,"BAS","ELVI",1,"Access",2021,"PALM",0,4,NA,NA,4
"918",2023,"BAS","ELVI",1,"Access",2022,"HUNT",0,2,NA,NA,1
"919",2023,"BAS","ELVI",1,"Access",2023,"JLP",0,1,NA,NA,1
"920",2023,"BAS","ELVI",1,"Access",2024,"PALM",1,2,NA,NA,2
"921",2023,"BAS","ELVI",1,"Access",2025,"PALM",0,3,NA,NA,3
"922",2023,"BAS","ELVI",1,"Access",2026,"RL5",0,3,NA,NA,2
"923",2023,"BAS","ELVI",1,"Access",2027,"PALM",1,1,NA,NA,1
"924",2023,"BAS","ELVI",1,"Access",2028,"PALM",1,4,NA,NA,4
"925",2023,"BAS","ELVI",1,"Access",2029,"RL5",0,3,NA,NA,3
"926",2023,"BAS","ELVI",1,"Access",2030,"RL5",1,3,NA,NA,3
"927",2023,"BAS","ELVI",1,"Access",2031,"PALM",1,6,NA,NA,6
"928",2023,"BAS","ELVI",1,"Access",2032,"PALM",0,3,NA,NA,3
"929",2023,"BAS","ELVI",1,"Access",2033,"PALM",0,1,NA,NA,1
"930",2023,"BAS","ELVI",2,"Access",2034,"PALM",0,3,NA,NA,0
"931",2023,"BAS","ELVI",2,"Access",2035,"PALM",0,9,NA,NA,0
"932",2023,"BAS","ELVI",2,"Access",2036,"PALM",1,2,NA,NA,1
"933",2023,"BAS","ELVI",2,"Access",2037,"JLP",0,1,NA,NA,0
"934",2023,"BAS","ELVI",2,"Access",2038,"SHS",1,2,NA,NA,0
"935",2023,"BAS","ELVI",2,"Access",2039,"PALM",0,2,NA,NA,1
"936",2023,"BAS","ELVI",2,"Access",2040,"JLP",0,1,NA,NA,0
"937",2023,"BAS","ELVI",2,"Access",2041,"PALM",0,23,NA,NA,27
"938",2023,"BAS","ELVI",2,"Access",2042,"HUNT",0,2,NA,NA,0
"939",2023,"BAS","ELVI",2,"Access",2043,"JLP",0,1,NA,NA,0
"940",2023,"BAS","ELVI",2,"Access",2044,"RL5",0,11,NA,NA,9
"941",2023,"BAS","ELVI",2,"Access",2045,"JLP",1,4,NA,NA,1
"942",2023,"BAS","ELVI",2,"Access",2046,"JLP",0,3,NA,NA,1
"943",2023,"BAS","ELVI",2,"Access",2047,"RL5",0,1,NA,NA,0
"944",2023,"BAS","ELVI",2,"Access",2048,"PALM",0,3,NA,NA,3
"945",2023,"BAS","ELVI",7,"Access",2049,"PALM",1,11,NA,NA,0
"946",2023,"BAS","ELVI",7,"Access",2050,"PALM",1,4,NA,NA,3
"947",2023,"BAS","ELVI",7,"Access",2051,"JLP",1,0,NA,NA,NA
"948",2023,"BAS","ELVI",7,"Access",2052,"JLP",0,3,NA,NA,1
"949",2023,"BAS","ELVI",7,"Access",2053,"RL5",1,2,NA,NA,1
"950",2023,"BAS","ELVI",7,"Access",2054,"PALM",0,4,NA,NA,3
"951",2023,"BAS","ELVI",7,"Access",2055,"PALM",1,2,NA,NA,0
"952",2023,"BAS","ELVI",7,"Access",2056,"PALM",0,7,NA,NA,2
"953",2023,"BAS","ELVI",7,"Access",2057,"HUNT",0,0,NA,NA,NA
"954",2023,"BAS","ELVI",7,"Access",2058,"PALM",0,1,NA,NA,0
"955",2023,"BAS","ELVI",7,"Access",2059,"PALM",1,0,NA,NA,NA
"956",2023,"BAS","ELVI",7,"Access",2060,"SHS",1,4,NA,NA,2
"957",2023,"BAS","ELVI",7,"Access",2061,"PALM",1,2,NA,NA,0
"958",2023,"BAS","ELVI",7,"Access",2062,"PALM",1,3,NA,NA,2
"959",2023,"BAS","ELVI",7,"Access",2063,"RL5",0,7,NA,NA,3
"960",2023,"BAS","ELVI",6,"Exclusion",2064,"RL5",0,4,NA,NA,5
"961",2023,"BAS","ELVI",6,"Exclusion",2065,"PALM",0,3,NA,NA,0
"962",2023,"BAS","ELVI",6,"Exclusion",2066,"PALM",1,4,NA,NA,0
"963",2023,"BAS","ELVI",6,"Exclusion",2067,"RL5",1,4,NA,NA,0
"964",2023,"BAS","ELVI",6,"Exclusion",2068,"PALM",0,4,NA,NA,1
"965",2023,"BAS","ELVI",6,"Exclusion",2069,"PALM",1,1,NA,NA,1
"966",2023,"BAS","ELVI",6,"Exclusion",2070,"JLP",0,1,NA,NA,1
"967",2023,"BAS","ELVI",6,"Exclusion",2071,"JLP",1,3,NA,NA,3
"968",2023,"BAS","ELVI",6,"Exclusion",2072,"HUNT",1,4,NA,NA,2
"969",2023,"BAS","ELVI",6,"Exclusion",2073,"PALM",0,6,NA,NA,1
"970",2023,"BAS","ELVI",6,"Exclusion",2074,"PALM",0,5,NA,NA,3
"971",2023,"BAS","ELVI",6,"Exclusion",2075,"RL5",0,4,NA,NA,1
"972",2023,"BAS","ELVI",6,"Exclusion",2076,"JLP",0,2,NA,NA,2
"973",2023,"BAS","ELVI",6,"Exclusion",2077,"HUNT",0,4,NA,NA,1
"974",2023,"BAS","ELVI",6,"Exclusion",2078,"PALM",1,3,NA,NA,0
"975",2023,"BAS","ELVI",5,"Exclusion",2079,"RL5",0,6,NA,NA,0
"976",2023,"BAS","ELVI",5,"Exclusion",2080,"PALM",1,9,NA,NA,10
"977",2023,"BAS","ELVI",5,"Exclusion",2081,"SHS",1,1,NA,NA,3
"978",2023,"BAS","ELVI",5,"Exclusion",2082,"PALM",0,7,NA,NA,1
"979",2023,"BAS","ELVI",5,"Exclusion",2083,"PALM",1,2,NA,NA,6
"980",2023,"BAS","ELVI",5,"Exclusion",2084,"PALM",1,3,NA,NA,5
"981",2023,"BAS","ELVI",5,"Exclusion",2085,"JLP",0,1,NA,NA,0
"982",2023,"BAS","ELVI",5,"Exclusion",2086,"JLP",1,1,NA,NA,0
"983",2023,"BAS","ELVI",5,"Exclusion",2087,"RL5",1,2,NA,NA,3
"984",2023,"BAS","ELVI",5,"Exclusion",2088,"PALM",0,2,NA,NA,1
"985",2023,"BAS","ELVI",5,"Exclusion",2089,"HUNT",0,2,NA,NA,2
"986",2023,"BAS","ELVI",5,"Exclusion",2090,"RL5",0,7,NA,NA,8
"987",2023,"BAS","ELVI",5,"Exclusion",2091,"PALM",1,3,NA,NA,0
"988",2023,"BAS","ELVI",5,"Exclusion",2092,"PALM",1,11,NA,NA,0
"989",2023,"BFL","ELVI",4,"Exclusion",2093,"PALM",1,4,NA,NA,3
"990",2023,"BFL","ELVI",4,"Exclusion",2094,"HUNT",0,3,NA,NA,2
"991",2023,"BFL","ELVI",4,"Exclusion",2095,"PALM",1,14,NA,NA,9
"992",2023,"BFL","ELVI",4,"Exclusion",2096,"PALM",1,6,NA,NA,2
"993",2023,"SON","ELVI",5,"Access",2097,"SHS",1,1,NA,NA,0
"994",2023,"SON","ELVI",5,"Access",2098,"PALM",0,2,NA,NA,0
"995",2023,"SON","ELVI",5,"Access",2099,"RL5",1,2,NA,NA,0
"996",2023,"BAS","ELVI",5,"Exclusion",2100,"PALM",1,3,NA,NA,7
"997",2023,"HUN","ELVI",1,"Exclusion",2101,"SHS",1,2,NA,NA,0
"998",2023,"HUN","ELVI",1,"Exclusion",2102,"PALM",1,1,NA,NA,1
"999",2023,"HUN","ELVI",1,"Exclusion",2103,"JLP",1,5,NA,NA,0
"1000",2023,"HUN","ELVI",1,"Exclusion",2104,"RL5",1,2,NA,NA,0
"1001",2023,"HUN","ELVI",1,"Exclusion",2105,"PALM",1,7,NA,NA,0
"1002",2023,"HUN","ELVI",1,"Exclusion",2106,"PALM",1,13,NA,NA,0
"1003",2023,"HUN","ELVI",1,"Exclusion",2107,"RL5",0,4,NA,NA,0
"1004",2023,"HUN","ELVI",1,"Exclusion",2108,"JLP",1,1,NA,NA,0
"1005",2023,"HUN","ELVI",1,"Exclusion",2109,"JLP",1,1,NA,NA,0
"1006",2023,"HUN","ELVI",1,"Exclusion",2110,"PALM",1,8,NA,NA,0
"1007",2023,"HUN","ELVI",1,"Exclusion",2111,"PALM",0,4,NA,NA,0
"1008",2023,"HUN","ELVI",1,"Exclusion",2112,"PALM",1,3,NA,NA,0
"1009",2023,"HUN","ELVI",1,"Exclusion",2113,"PALM",1,2,NA,NA,0
"1010",2023,"HUN","ELVI",1,"Exclusion",2114,"HUNT",0,4,NA,NA,0
"1011",2023,"HUN","ELVI",1,"Exclusion",2115,"PALM",1,1,NA,NA,0
"1012",2023,"HUN","ELVI",2,"Access",2116,"RL5",0,2,NA,NA,0
"1013",2023,"HUN","ELVI",2,"Access",2117,"PALM",1,3,NA,NA,0
"1014",2023,"HUN","ELVI",2,"Access",2118,"SHS",1,3,NA,NA,0
"1015",2023,"HUN","ELVI",2,"Access",2119,"HUNT",0,3,NA,NA,0
"1016",2023,"HUN","ELVI",2,"Access",2120,"PALM",1,11,NA,NA,0
"1017",2023,"HUN","ELVI",2,"Access",2121,"PALM",1,2,NA,NA,0
"1018",2023,"HUN","ELVI",2,"Access",2122,"JLP",1,1,NA,NA,0
"1019",2023,"HUN","ELVI",2,"Access",2123,"PALM",1,12,NA,NA,0
"1020",2023,"HUN","ELVI",2,"Access",2124,"PALM",1,2,NA,NA,0
"1021",2023,"HUN","ELVI",2,"Access",2125,"RL5",1,15,NA,NA,0
"1022",2023,"HUN","ELVI",2,"Access",2126,"PALM",1,5,NA,NA,0
"1023",2023,"HUN","ELVI",2,"Access",2127,"JLP",1,2,NA,NA,0
"1024",2023,"HUN","ELVI",2,"Access",2128,"JLP",1,4,NA,NA,0
"1025",2023,"HUN","ELVI",2,"Access",2129,"PALM",1,3,NA,NA,0
"1026",2023,"HUN","ELVI",2,"Access",2130,"PALM",0,6,NA,NA,0
"1027",2023,"HUN","ELVI",3,"Exclusion",2131,"PALM",0,7,NA,NA,0
"1028",2023,"HUN","ELVI",3,"Exclusion",2132,"PALM",0,2,NA,NA,0
"1029",2023,"HUN","ELVI",3,"Exclusion",2133,"JLP",0,3,NA,NA,0
"1030",2023,"HUN","ELVI",3,"Exclusion",2134,"PALM",0,2,NA,NA,1
"1031",2023,"HUN","ELVI",3,"Exclusion",2135,"PALM",0,7,NA,NA,1
"1032",2023,"HUN","ELVI",3,"Exclusion",2136,"PALM",1,3,NA,NA,0
"1033",2023,"HUN","ELVI",3,"Exclusion",2137,"JLP",0,4,NA,NA,0
"1034",2023,"HUN","ELVI",3,"Exclusion",2138,"PALM",1,2,NA,NA,2
"1035",2023,"HUN","ELVI",3,"Exclusion",2139,"RL5",0,2,NA,NA,0
"1036",2023,"HUN","ELVI",3,"Exclusion",2140,"JLP",1,5,NA,NA,0
"1037",2023,"HUN","ELVI",3,"Exclusion",2141,"RL5",0,1,NA,NA,0
"1038",2023,"HUN","ELVI",3,"Exclusion",2142,"HUNT",0,3,NA,NA,0
"1039",2023,"HUN","ELVI",3,"Exclusion",2143,"PALM",0,17,NA,NA,0
"1040",2023,"HUN","ELVI",3,"Exclusion",2144,"PALM",0,8,NA,NA,0
"1041",2023,"HUN","ELVI",3,"Exclusion",2145,"JLP",0,4,NA,NA,1
"1042",2023,"HUN","ELVI",4,"Exclusion",2146,"PALM",0,9,NA,NA,1
"1043",2023,"HUN","ELVI",4,"Exclusion",2147,"PALM",1,8,NA,NA,0
"1044",2023,"HUN","ELVI",4,"Exclusion",2148,"PALM",1,4,NA,NA,0
"1045",2023,"HUN","ELVI",4,"Exclusion",2149,"PALM",1,5,NA,NA,0
"1046",2023,"HUN","ELVI",4,"Exclusion",2150,"HUNT",0,5,NA,NA,1
"1047",2023,"HUN","ELVI",4,"Exclusion",2151,"JLP",1,2,NA,NA,1
"1048",2023,"HUN","ELVI",4,"Exclusion",2152,"PALM",0,3,NA,NA,0
"1049",2023,"HUN","ELVI",4,"Exclusion",2153,"JLP",1,2,NA,NA,0
"1050",2023,"HUN","ELVI",4,"Exclusion",2154,"PALM",1,12,NA,NA,0
"1051",2023,"HUN","ELVI",4,"Exclusion",2155,"SHS",1,2,NA,NA,2
"1052",2023,"HUN","ELVI",4,"Exclusion",2156,"RL5",1,3,NA,NA,0
"1053",2023,"HUN","ELVI",4,"Exclusion",2157,"PALM",0,3,NA,NA,0
"1054",2023,"HUN","ELVI",4,"Exclusion",2158,"RL5",0,3,NA,NA,0
"1055",2023,"HUN","ELVI",4,"Exclusion",2159,"PALM",1,6,NA,NA,1
"1056",2023,"HUN","ELVI",4,"Exclusion",2160,"JLP",0,2,NA,NA,1
"1057",2023,"HUN","POAU",4,"Exclusion",2161,"LA2",1,17,NA,NA,0
"1058",2023,"HUN","POAU",4,"Exclusion",2162,"LA2",1,25,NA,NA,0
"1059",2023,"HUN","POAU",4,"Exclusion",2163,"LA2",0,6,NA,NA,0
"1060",2023,"HUN","POAU",4,"Exclusion",2164,"LA7",1,18,NA,NA,0
"1061",2023,"HUN","POAU",4,"Exclusion",2165,"LA1",0,6,NA,NA,0
"1062",2023,"HUN","POAU",4,"Exclusion",2166,"LA7",1,10,NA,NA,0
"1063",2023,"HUN","POAU",4,"Exclusion",2167,"SFAEF",1,1,NA,NA,0
"1064",2023,"HUN","POAU",4,"Exclusion",2168,"LA2",0,18,NA,NA,3
"1065",2023,"HUN","POAU",4,"Exclusion",2169,"SFAEF",1,7,NA,NA,1
"1066",2023,"HUN","POAU",4,"Exclusion",2170,"LA1",0,11,NA,NA,1
"1067",2023,"HUN","POAU",4,"Exclusion",2171,"SFAEF",1,8,NA,NA,0
"1068",2023,"HUN","POAU",4,"Exclusion",2172,"LA1",1,6,NA,NA,0
"1069",2023,"HUN","POAU",4,"Exclusion",2173,"SFAEF",0,11,NA,NA,0
"1070",2023,"HUN","POAU",4,"Exclusion",2174,"LA2",1,17,NA,NA,0
"1071",2023,"HUN","POAU",4,"Exclusion",2175,"SFAEF",0,7,NA,NA,1
"1072",2023,"COL","ELVI",1,"Exclusion",2176,"PALM",0,5,NA,NA,0
"1073",2023,"COL","ELVI",1,"Exclusion",2177,"HUNT",0,1,NA,NA,0
"1074",2023,"COL","ELVI",1,"Exclusion",2178,"JLP",1,3,NA,NA,0
"1075",2023,"COL","ELVI",1,"Exclusion",2179,"PALM",0,2,NA,NA,0
"1076",2023,"COL","ELVI",1,"Exclusion",2180,"JLP",0,2,NA,NA,0
"1077",2023,"COL","ELVI",1,"Exclusion",2181,"HUNT",1,3,NA,NA,1
"1078",2023,"COL","ELVI",1,"Exclusion",2182,"JLP",0,3,NA,NA,NA
"1079",2023,"COL","ELVI",1,"Exclusion",2183,"PALM",0,5,NA,NA,0
"1080",2023,"COL","ELVI",1,"Exclusion",2184,"PALM",0,1,NA,NA,1
"1081",2023,"COL","ELVI",1,"Exclusion",2185,"PALM",0,3,NA,NA,0
"1082",2023,"COL","ELVI",1,"Exclusion",2186,"JLP",0,2,NA,NA,2
"1083",2023,"COL","ELVI",1,"Exclusion",2187,"PALM",0,1,NA,NA,1
"1084",2023,"COL","ELVI",1,"Exclusion",2188,"PALM",1,6,NA,NA,0
"1085",2023,"COL","ELVI",1,"Exclusion",2189,"RL5",0,1,NA,NA,0
"1086",2023,"COL","ELVI",1,"Exclusion",2190,"RL5",0,2,NA,NA,1
"1087",2023,"COL","ELVI",7,"Access",2191,"PALM",1,4,NA,NA,4
"1088",2023,"COL","ELVI",7,"Access",2192,"PALM",1,3,NA,NA,3
"1089",2023,"COL","ELVI",7,"Access",2193,"JLP",1,2,NA,NA,0
"1090",2023,"COL","ELVI",7,"Access",2194,"PALM",1,4,NA,NA,4
"1091",2023,"COL","ELVI",7,"Access",2195,"PALM",1,4,NA,NA,3
"1092",2023,"COL","ELVI",7,"Access",2196,"PALM",0,1,NA,NA,1
"1093",2023,"COL","ELVI",7,"Access",2197,"RL5",1,3,NA,NA,3
"1094",2023,"COL","ELVI",7,"Access",2198,"SHS",1,4,NA,NA,4
"1095",2023,"COL","ELVI",7,"Access",2199,"PALM",1,4,NA,NA,4
"1096",2023,"COL","ELVI",7,"Access",2200,"JLP",1,2,NA,NA,1
"1097",2023,"HUN","ELVI",6,"Access",2201,"PALM",1,8,NA,NA,0
"1098",2023,"HUN","ELVI",6,"Access",2202,"HUNT",1,8,NA,NA,1
"1099",2023,"HUN","ELVI",6,"Access",2203,"JLP",1,5,NA,NA,1
"1100",2023,"HUN","ELVI",6,"Access",2204,"PALM",0,13,NA,NA,1
"1101",2023,"HUN","ELVI",6,"Access",2205,"PALM",0,5,NA,NA,1
"1102",2023,"HUN","ELVI",6,"Access",2206,"PALM",0,7,NA,NA,1
"1103",2023,"HUN","ELVI",6,"Access",2207,"PALM",0,8,NA,NA,2
"1104",2023,"HUN","ELVI",6,"Access",2208,"JLP",0,2,NA,NA,0
"1105",2023,"HUN","ELVI",5,"Access",2209,"PALM",1,3,NA,NA,0
"1106",2023,"HUN","ELVI",5,"Access",2210,"RL5",0,3,NA,NA,0
"1107",2023,"HUN","ELVI",5,"Access",2211,"PALM",0,5,NA,NA,0
"1108",2023,"HUN","ELVI",5,"Access",2212,"PALM",0,12,NA,NA,4
"1109",2023,"HUN","ELVI",5,"Access",2213,"PALM",0,8,NA,NA,1
"1110",2023,"HUN","ELVI",5,"Access",2214,"PALM",0,2,NA,NA,0
"1111",2023,"HUN","ELVI",5,"Access",2215,"JLP",0,4,NA,NA,1
"1112",2023,"HUN","ELVI",5,"Access",2216,"PALM",0,4,NA,NA,0
"1113",2023,"HUN","ELVI",5,"Access",2217,"PALM",1,3,NA,NA,1
"1114",2023,"HUN","ELVI",5,"Access",2218,"HUNT",0,2,NA,NA,0
"1115",2023,"HUN","ELVI",5,"Access",2219,"RL5",0,3,NA,NA,0
"1116",2023,"HUN","ELVI",5,"Access",2220,"JLP",0,4,NA,NA,1
"1117",2023,"HUN","ELVI",5,"Access",2221,"JLP",1,5,NA,NA,0
"1118",2023,"HUN","ELVI",5,"Access",2222,"JLP",0,4,NA,NA,0
"1119",2023,"HUN","ELVI",5,"Access",2223,"PALM",0,5,NA,NA,NA
"1120",2023,"COL","ELVI",2,"Exclusion",2224,"PALM",1,10,NA,NA,0
"1121",2023,"COL","ELVI",2,"Exclusion",2225,"JLP",0,4,NA,NA,0
"1122",2023,"COL","ELVI",2,"Exclusion",2226,"JLP",1,2,NA,NA,0
"1123",2023,"COL","ELVI",2,"Exclusion",2227,"RL5",0,2,NA,NA,0
"1124",2023,"COL","ELVI",2,"Exclusion",2228,"RL5",1,1,NA,NA,0
"1125",2023,"COL","ELVI",2,"Exclusion",2229,"PALM",0,2,NA,NA,0
"1126",2023,"COL","ELVI",2,"Exclusion",2230,"PALM",1,12,NA,NA,2
"1127",2023,"COL","ELVI",2,"Exclusion",2231,"RL5",0,3,NA,NA,1
"1128",2023,"COL","ELVI",2,"Exclusion",2232,"PALM",1,3,NA,NA,0
"1129",2023,"COL","ELVI",2,"Exclusion",2233,"PALM",0,0,NA,NA,0
"1130",2023,"COL","ELVI",2,"Exclusion",2234,"PALM",0,6,NA,NA,2
"1131",2023,"COL","ELVI",2,"Exclusion",2235,"PALM",1,10,NA,NA,0
"1132",2023,"COL","ELVI",2,"Exclusion",2236,"JLP",0,0,NA,NA,0
"1133",2023,"COL","ELVI",2,"Exclusion",2237,"PALM",0,5,NA,NA,0
"1134",2023,"COL","ELVI",2,"Exclusion",2238,"HUNT",0,1,NA,NA,1
"1135",2023,"COL","ELVI",3,"Access",2239,"PALM",1,9,NA,NA,2
"1136",2023,"COL","ELVI",3,"Access",2240,"JLP",1,2,NA,NA,0
"1137",2023,"COL","ELVI",3,"Access",2241,"PALM",0,2,NA,NA,0
"1138",2023,"COL","ELVI",3,"Access",2242,"RL5",1,5,NA,NA,0
"1139",2023,"COL","ELVI",3,"Access",2243,"JLP",0,2,NA,NA,0
"1140",2023,"COL","ELVI",3,"Access",2244,"JLP",0,2,NA,NA,0
"1141",2023,"COL","ELVI",3,"Access",2245,"PALM",0,7,NA,NA,0
"1142",2023,"COL","ELVI",3,"Access",2246,"PALM",0,2,NA,NA,0
"1143",2023,"COL","ELVI",3,"Access",2247,"JLP",0,1,NA,NA,0
"1144",2023,"COL","ELVI",3,"Access",2248,"PALM",0,3,NA,NA,0
"1145",2023,"COL","ELVI",3,"Access",2249,"HUNT",0,4,NA,NA,0
"1146",2023,"COL","ELVI",3,"Access",2250,"RL5",0,3,NA,NA,0
"1147",2023,"COL","ELVI",3,"Access",2251,"HUNT",0,2,NA,NA,0
"1148",2023,"COL","ELVI",3,"Access",2252,"PALM",0,2,NA,NA,0
"1149",2023,"COL","ELVI",3,"Access",2253,"RL5",0,1,NA,NA,0
"1150",2023,"COL","ELVI",4,"Access",2254,"PALM",0,2,NA,NA,0
"1151",2023,"COL","ELVI",4,"Access",2255,"PALM",1,7,NA,NA,0
"1152",2023,"COL","ELVI",4,"Access",2256,"JLP",1,2,NA,NA,1
"1153",2023,"COL","ELVI",4,"Access",2257,"SHS",1,2,NA,NA,1
"1154",2023,"COL","ELVI",4,"Access",2258,"PALM",0,1,NA,NA,0
"1155",2023,"COL","ELVI",4,"Access",2259,"PALM",1,3,NA,NA,0
"1156",2023,"COL","ELVI",4,"Access",2260,"HUNT",0,3,NA,NA,0
"1157",2023,"COL","ELVI",4,"Access",2261,"PALM",0,2,NA,NA,0
"1158",2023,"COL","ELVI",4,"Access",2262,"JLP",0,4,NA,NA,1
"1159",2023,"COL","ELVI",4,"Access",2263,"JLP",0,3,NA,NA,0
"1160",2023,"COL","ELVI",4,"Access",2264,"PALM",1,10,NA,NA,1
"1161",2023,"COL","ELVI",4,"Access",2265,"RL5",0,5,NA,NA,0
"1162",2023,"COL","ELVI",4,"Access",2266,"RL5",0,5,NA,NA,2
"1163",2023,"COL","ELVI",4,"Access",2267,"PALM",0,2,NA,NA,0
"1164",2023,"COL","ELVI",4,"Access",2268,"RL5",1,2,NA,NA,2
"1165",2023,"COL","ELVI",5,"Exclusion",2269,"PALM",1,5,NA,NA,0
"1166",2023,"COL","ELVI",5,"Exclusion",2270,"JLP",0,3,NA,NA,0
"1167",2023,"COL","ELVI",5,"Exclusion",2271,"PALM",0,3,NA,NA,0
"1168",2023,"COL","ELVI",5,"Exclusion",2272,"JLP",1,2,NA,NA,0
"1169",2023,"COL","ELVI",5,"Exclusion",2273,"PALM",1,11,NA,NA,1
"1170",2023,"COL","ELVI",5,"Exclusion",2274,"PALM",1,4,NA,NA,0
"1171",2023,"COL","ELVI",5,"Exclusion",2275,"RL5",1,3,NA,NA,0
"1172",2023,"COL","ELVI",5,"Exclusion",2276,"JLP",1,3,NA,NA,1
"1173",2023,"COL","ELVI",5,"Exclusion",2277,"PALM",1,9,NA,NA,2
"1174",2023,"COL","ELVI",5,"Exclusion",2278,"PALM",1,2,NA,NA,0
"1175",2023,"COL","ELVI",5,"Exclusion",2279,"PALM",1,1,NA,NA,0
"1176",2023,"COL","ELVI",5,"Exclusion",2280,"PALM",1,11,NA,NA,0
"1177",2023,"COL","ELVI",5,"Exclusion",2281,"HUNT",1,1,NA,NA,0
"1178",2023,"COL","ELVI",5,"Exclusion",2282,"PALM",1,10,NA,NA,1
"1179",2023,"COL","ELVI",5,"Exclusion",2283,"RL5",0,6,NA,NA,0
"1180",2023,"BAS","ELVI",8,"Exclusion",2301,"JLP",1,6,NA,NA,1
"1181",2023,"BAS","ELVI",8,"Exclusion",2302,"RL5",0,7,NA,NA,3
"1182",2023,"BAS","ELVI",8,"Exclusion",2303,"PALM",1,3,NA,NA,1
"1183",2023,"BAS","ELVI",8,"Exclusion",2304,"PALM",0,3,NA,NA,0
"1184",2023,"BAS","ELVI",8,"Exclusion",2305,"JLP",0,5,NA,NA,0
"1185",2023,"BAS","ELVI",8,"Exclusion",2306,"PALM",0,3,NA,NA,1
"1186",2023,"BAS","ELVI",8,"Exclusion",2307,"JLP",0,6,NA,NA,2
"1187",2023,"BAS","ELVI",8,"Exclusion",2308,"PALM",0,7,NA,NA,3
"1188",2023,"BAS","ELVI",8,"Exclusion",2309,"PALM",0,4,NA,NA,1
"1189",2023,"BAS","ELVI",8,"Exclusion",2310,"RL5",0,11,NA,NA,3
"1190",2023,"BAS","ELVI",8,"Exclusion",2311,"HUNT",0,3,NA,NA,3
"1191",2023,"BAS","ELVI",8,"Exclusion",2312,"PALM",0,1,NA,NA,1
"1192",2023,"BAS","ELVI",8,"Exclusion",2313,"JLP",0,4,NA,NA,2
"1193",2023,"BAS","ELVI",8,"Exclusion",2314,"RL5",1,4,NA,NA,2
"1194",2023,"BAS","ELVI",8,"Exclusion",2315,"JLP",0,4,NA,NA,3
"1195",2023,"BAS","ELVI",4,"Access",2316,"PALM",1,4,NA,NA,2
"1196",2023,"BAS","ELVI",4,"Access",2317,"PALM",1,2,NA,NA,2
"1197",2023,"BAS","ELVI",4,"Access",2318,"PALM",1,1,NA,NA,0
"1198",2023,"BAS","ELVI",4,"Access",2319,"JLP",0,6,NA,NA,0
"1199",2023,"BAS","ELVI",4,"Access",2320,"PALM",1,2,NA,NA,3
"1200",2023,"BAS","ELVI",4,"Access",2321,"SHS",1,1,NA,NA,1
"1201",2023,"BAS","ELVI",4,"Access",2322,"JLP",1,2,NA,NA,2
"1202",2023,"BAS","ELVI",4,"Access",2323,"PALM",1,2,NA,NA,1
"1203",2023,"BAS","ELVI",4,"Access",2324,"PALM",1,1,NA,NA,0
"1204",2023,"BAS","ELVI",4,"Access",2325,"PALM",1,3,NA,NA,1
"1205",2023,"BAS","ELVI",4,"Access",2326,"HUNT",0,3,NA,NA,1
"1206",2023,"BAS","ELVI",4,"Access",2327,"RL5",0,3,NA,NA,0
"1207",2023,"BAS","ELVI",3,"Exclusion",2328,"HUNT",0,3,NA,NA,1
"1208",2023,"BAS","ELVI",3,"Exclusion",2329,"PALM",1,2,NA,NA,2
"1209",2023,"BAS","ELVI",3,"Exclusion",2330,"PALM",1,2,NA,NA,2
"1210",2023,"BAS","ELVI",3,"Exclusion",2331,"PALM",1,3,NA,NA,3
"1211",2023,"BAS","ELVI",3,"Exclusion",2332,"RL5",0,3,NA,NA,3
"1212",2023,"BAS","ELVI",3,"Exclusion",2333,"PALM",1,3,NA,NA,3
"1213",2023,"BAS","ELVI",3,"Exclusion",2334,"HUNT",1,2,NA,NA,2
"1214",2023,"BAS","ELVI",3,"Exclusion",2335,"JLP",0,1,NA,NA,1
"1215",2023,"BAS","ELVI",3,"Exclusion",2336,"PALM",1,1,NA,NA,1
"1216",2023,"BAS","ELVI",3,"Exclusion",2337,"JLP",1,2,NA,NA,2
"1217",2023,"BAS","ELVI",3,"Exclusion",2338,"PALM",1,4,NA,NA,3
"1218",2023,"BAS","ELVI",3,"Exclusion",2339,"PALM",1,3,NA,NA,3
"1219",2023,"BAS","ELVI",3,"Exclusion",2340,"RL5",1,4,NA,NA,4
"1220",2023,"BAS","ELVI",3,"Exclusion",2341,"JLP",1,2,NA,NA,2
"1221",2023,"BAS","ELVI",3,"Exclusion",2342,"PALM",1,4,NA,NA,4
"1222",2023,"KER","ELVI",4,"Exclusion",2343,"PALM",1,2,NA,NA,0
"1223",2023,"KER","ELVI",4,"Exclusion",2344,"JLP",1,3,NA,NA,2
"1224",2023,"KER","ELVI",4,"Exclusion",2345,"JLP",1,3,NA,NA,1
"1225",2023,"KER","ELVI",5,"Exclusion",2346,"JLP",0,2,NA,NA,2
"1226",2023,"KER","ELVI",5,"Exclusion",2347,"PALM",0,1,NA,NA,1
"1227",2023,"KER","ELVI",5,"Exclusion",2348,"PALM",0,2,NA,NA,0
"1228",2023,"KER","ELVI",5,"Exclusion",2349,"SHS",1,2,NA,NA,0
"1229",2023,"KER","ELVI",5,"Exclusion",2350,"PALM",1,2,NA,NA,0
"1230",2023,"KER","ELVI",6,"Exclusion",2351,"PALM",0,1,NA,NA,0
"1231",2023,"KER","ELVI",6,"Exclusion",2352,"PALM",1,4,NA,NA,0
"1232",2023,"KER","ELVI",6,"Exclusion",2353,"PALM",1,1,NA,NA,0
"1233",2023,"KER","ELVI",6,"Exclusion",2354,"PALM",1,3,NA,NA,0
"1234",2023,"KER","ELVI",6,"Exclusion",2355,"PALM",0,2,NA,NA,0
"1235",2023,"KER","ELVI",6,"Exclusion",2356,"PALM",1,3,NA,NA,0
"1236",2023,"KER","ELVI",6,"Exclusion",2357,"SHS",1,3,NA,NA,0
"1237",2023,"KER","ELVI",6,"Exclusion",2358,"PALM",0,3,NA,NA,0
"1238",2023,"KER","ELVI",6,"Exclusion",2359,"PALM",1,4,NA,NA,0
"1239",2023,"KER","ELVI",6,"Exclusion",2360,"JLP",1,6,NA,NA,0
"1240",2023,"KER","ELVI",6,"Exclusion",2361,"HUNT",0,3,NA,NA,0
"1241",2023,"KER","ELVI",8,"Exclusion",2362,"JLP",1,2,NA,NA,0
"1242",2023,"KER","ELVI",8,"Exclusion",2363,"JLP",0,1,NA,NA,0
"1243",2023,"KER","ELVI",8,"Exclusion",2364,"PALM",0,1,NA,NA,0
"1244",2023,"KER","ELVI",8,"Exclusion",2365,"PALM",0,2,NA,NA,2
"1245",2023,"KER","ELVI",8,"Exclusion",2366,"HUNT",0,2,NA,NA,0
"1246",2023,"KER","ELVI",8,"Exclusion",2367,"RL5",0,2,NA,NA,0
"1247",2023,"KER","ELVI",8,"Exclusion",2368,"PALM",0,4,NA,NA,4
"1248",2023,"KER","ELVI",8,"Exclusion",2369,"PALM",0,5,NA,NA,3
"1249",2023,"KER","ELVI",8,"Exclusion",2370,"RL5",1,5,NA,NA,1
"1250",2023,"KER","ELVI",8,"Exclusion",2371,"RL5",0,1,NA,NA,0
"1251",2023,"BFL","ELVI",8,"Exclusion",2401,"JLP",0,4,NA,NA,4
"1252",2023,"BFL","ELVI",8,"Exclusion",2402,"RL5",0,4,NA,NA,2
"1253",2023,"BFL","ELVI",8,"Exclusion",2403,"PALM",0,3,NA,NA,3
"1254",2023,"BFL","ELVI",8,"Exclusion",2404,"JLP",1,3,NA,NA,3
"1255",2023,"BFL","ELVI",8,"Exclusion",2405,"HUNT",0,3,NA,NA,2
"1256",2023,"BFL","ELVI",8,"Exclusion",2406,"RL5",0,6,NA,NA,3
"1257",2023,"BFL","ELVI",8,"Exclusion",2407,"RL5",1,6,NA,NA,6
"1258",2023,"BFL","ELVI",8,"Exclusion",2408,"PALM",0,6,NA,NA,6
"1259",2023,"BFL","ELVI",8,"Exclusion",2409,"PALM",0,8,NA,NA,8
"1260",2023,"BFL","ELVI",8,"Exclusion",2410,"JLP",0,3,NA,NA,3
"1261",2023,"BFL","ELVI",8,"Exclusion",2411,"JLP",0,3,NA,NA,2
"1262",2023,"BFL","ELVI",8,"Exclusion",2412,"RL5",0,4,NA,NA,3
"1263",2023,"BFL","ELVI",8,"Exclusion",2413,"PALM",1,2,NA,NA,2
"1264",2023,"BFL","ELVI",8,"Exclusion",2414,"PALM",0,7,NA,NA,7
"1265",2023,"BFL","ELVI",7,"Exclusion",2415,"PALM",1,12,NA,NA,8
"1266",2023,"BFL","ELVI",7,"Exclusion",2416,"RL5",0,20,NA,NA,6
"1267",2023,"BFL","ELVI",7,"Exclusion",2417,"PALM",1,19,NA,NA,11
"1268",2023,"BFL","ELVI",7,"Exclusion",2418,"JLP",1,5,NA,NA,5
"1269",2023,"BFL","ELVI",7,"Exclusion",2419,"PALM",0,19,NA,NA,12
"1270",2023,"BFL","ELVI",7,"Exclusion",2420,"PALM",1,26,NA,NA,15
"1271",2023,"BFL","ELVI",7,"Exclusion",2421,"PALM",1,7,NA,NA,7
"1272",2023,"BFL","ELVI",7,"Exclusion",2422,"PALM",1,30,NA,NA,17
"1273",2023,"BFL","ELVI",7,"Exclusion",2423,"PALM",1,23,NA,NA,7
"1274",2023,"BFL","ELVI",7,"Exclusion",2424,"PALM",0,7,NA,NA,2
"1275",2023,"BFL","ELVI",7,"Exclusion",2425,"RL5",1,6,NA,NA,6
"1276",2023,"BFL","ELVI",7,"Exclusion",2426,"PALM",1,10,NA,NA,10
"1277",2023,"BFL","ELVI",7,"Exclusion",2427,"RL5",0,5,NA,NA,4
"1278",2023,"BFL","ELVI",7,"Exclusion",2428,"RL5",0,10,NA,NA,6
"1279",2023,"BFL","ELVI",7,"Exclusion",2429,"HUNT",0,2,NA,NA,2
"1280",2023,"BFL","ELVI",6,"Access",2430,"PALM",1,28,NA,NA,20
"1281",2023,"BFL","ELVI",6,"Access",2431,"PALM",1,29,NA,NA,8
"1282",2023,"BFL","ELVI",6,"Access",2432,"PALM",1,9,NA,NA,9
"1283",2023,"BFL","ELVI",6,"Access",2433,"PALM",1,3,NA,NA,1
"1284",2023,"BFL","ELVI",6,"Access",2434,"PALM",1,45,NA,NA,27
"1285",2023,"BFL","ELVI",6,"Access",2435,"RL5",1,5,NA,NA,5
"1286",2023,"BFL","ELVI",6,"Access",2436,"HUNT",0,18,NA,NA,6
"1287",2023,"BFL","ELVI",6,"Access",2437,"RL5",0,11,NA,NA,5
"1288",2023,"BFL","ELVI",6,"Access",2438,"PALM",1,29,NA,NA,29
"1289",2023,"BFL","ELVI",6,"Access",2439,"PALM",1,49,NA,NA,27
"1290",2023,"BFL","ELVI",6,"Access",2440,"JLP",1,6,NA,NA,6
"1291",2023,"BFL","ELVI",6,"Access",2441,"PALM",1,15,NA,NA,9
"1292",2023,"BFL","ELVI",6,"Access",2442,"PALM",1,16,NA,NA,7
"1293",2023,"BFL","ELVI",6,"Access",2443,"JLP",1,9,NA,NA,8
"1294",2023,"BFL","ELVI",6,"Access",2444,"PALM",0,2,NA,NA,2
"1295",2023,"BFL","ELVI",5,"Exclusion",2445,"PALM",0,10,NA,NA,10
"1296",2023,"BFL","ELVI",5,"Exclusion",2446,"RL5",0,7,NA,NA,7
"1297",2023,"BFL","ELVI",5,"Exclusion",2447,"RL5",0,7,NA,NA,7
"1298",2023,"BFL","ELVI",5,"Exclusion",2448,"PALM",0,28,NA,NA,14
"1299",2023,"BFL","ELVI",5,"Exclusion",2449,"JLP",0,5,NA,NA,5
"1300",2023,"BFL","ELVI",5,"Exclusion",2450,"PALM",1,11,NA,NA,9
"1301",2023,"BFL","ELVI",5,"Exclusion",2451,"PALM",1,5,NA,NA,4
"1302",2023,"BFL","ELVI",5,"Exclusion",2452,"PALM",0,9,NA,NA,9
"1303",2023,"BFL","ELVI",5,"Exclusion",2453,"JLP",0,15,NA,NA,15
"1304",2023,"BFL","ELVI",5,"Exclusion",2454,"PALM",1,5,NA,NA,5
"1305",2023,"BFL","ELVI",5,"Exclusion",2455,"PALM",1,4,NA,NA,4
"1306",2023,"BFL","ELVI",5,"Exclusion",2456,"HUNT",0,3,NA,NA,3
"1307",2023,"BFL","ELVI",5,"Exclusion",2457,"RL5",1,3,NA,NA,3
"1308",2023,"BFL","ELVI",5,"Exclusion",2458,"PALM",0,4,NA,NA,4
"1309",2023,"BFL","ELVI",5,"Exclusion",2459,"JLP",1,3,NA,NA,3
"1310",2023,"COL","ELVI",7,"Access",2501,"PALM",1,7,NA,NA,7
"1311",2023,"COL","ELVI",7,"Access",2502,"PALM",1,4,NA,NA,4
"1312",2023,"COL","ELVI",7,"Access",2503,"PALM",1,3,NA,NA,3
"1313",2023,"COL","ELVI",7,"Access",2504,"JLP",0,3,NA,NA,3
"1314",2023,"COL","ELVI",7,"Access",2505,"RL5",0,3,NA,NA,3
"1315",2023,"COL","ELVI",8,"Exclusion",2506,"PALM",0,1,NA,NA,0
"1316",2023,"COL","ELVI",8,"Exclusion",2507,"PALM",1,3,NA,NA,0
"1317",2023,"COL","ELVI",8,"Exclusion",2508,"RL5",1,7,NA,NA,0
"1318",2023,"COL","ELVI",8,"Exclusion",2509,"PALM",1,2,NA,NA,0
"1319",2023,"COL","ELVI",8,"Exclusion",2510,"PALM",0,4,NA,NA,3
"1320",2023,"COL","ELVI",8,"Exclusion",2511,"JLP",0,3,NA,NA,1
"1321",2023,"COL","ELVI",8,"Exclusion",2512,"PALM",1,1,NA,NA,1
"1322",2023,"COL","ELVI",8,"Exclusion",2513,"HUNT",0,1,NA,NA,1
"1323",2023,"COL","ELVI",8,"Exclusion",2514,"PALM",1,4,NA,NA,2
"1324",2023,"COL","ELVI",8,"Exclusion",2515,"PALM",1,7,NA,NA,0
"1325",2023,"COL","ELVI",8,"Exclusion",2516,"HUNT",0,3,NA,NA,1
"1326",2023,"COL","ELVI",8,"Exclusion",2517,"JLP",1,1,NA,NA,0
"1327",2023,"COL","ELVI",8,"Exclusion",2518,"RL5",0,8,NA,NA,2
"1328",2023,"COL","ELVI",8,"Exclusion",2519,"PALM",1,11,NA,NA,2
"1329",2023,"COL","ELVI",8,"Exclusion",2520,"PALM",1,4,NA,NA,2
"1330",2023,"COL","ELVI",6,"Access",2521,"RL5",1,3,NA,NA,0
"1331",2023,"COL","ELVI",6,"Access",2522,"PALM",0,3,NA,NA,3
"1332",2023,"COL","ELVI",6,"Access",2523,"PALM",0,4,NA,NA,4
"1333",2023,"COL","ELVI",6,"Access",2524,"PALM",1,6,NA,NA,6
"1334",2023,"COL","ELVI",6,"Access",2525,"PALM",1,8,NA,NA,8
"1335",2023,"COL","ELVI",6,"Access",2526,"PALM",1,7,NA,NA,6
"1336",2023,"COL","ELVI",6,"Access",2527,"JLP",0,2,NA,NA,2
"1337",2023,"COL","ELVI",6,"Access",2528,"RL5",0,1,NA,NA,1
"1338",2023,"COL","ELVI",6,"Access",2529,"HUNT",1,6,NA,NA,5
"1339",2023,"COL","ELVI",6,"Access",2530,"HUNT",0,3,NA,NA,0
"1340",2023,"COL","ELVI",6,"Access",2531,"PALM",1,17,NA,NA,4
"1341",2023,"COL","ELVI",6,"Access",2532,"JLP",1,3,NA,NA,3
"1342",2023,"COL","ELVI",6,"Access",2533,"PALM",1,14,NA,NA,11
"1343",2023,"COL","ELVI",6,"Access",2534,"PALM",0,4,NA,NA,3
"1344",2023,"COL","ELVI",6,"Access",2535,"PALM",1,6,NA,NA,6
"1345",2023,"LAF","ELVI",4,"Access",2536,"RL5",0,1,NA,NA,1
"1346",2023,"LAF","ELVI",4,"Access",2537,"PALM",1,5,NA,NA,1
"1347",2023,"LAF","ELVI",4,"Access",2538,"JLP",1,1,NA,NA,0
"1348",2023,"LAF","ELVI",4,"Access",2539,"PALM",0,3,NA,NA,3
"1349",2023,"LAF","ELVI",4,"Access",2540,"PALM",0,1,NA,NA,1
"1350",2023,"LAF","ELVI",4,"Access",2541,"JLP",0,1,NA,NA,0
"1351",2023,"LAF","ELVI",4,"Access",2542,"HUNT",0,2,NA,NA,0
"1352",2023,"LAF","ELVI",4,"Access",2543,"PALM",0,3,NA,NA,0
"1353",2023,"LAF","ELVI",3,"Exclusion",2544,"JLP",0,1,NA,NA,0
"1354",2023,"LAF","ELVI",3,"Exclusion",2545,"PALM",0,3,NA,NA,0
"1355",2023,"LAF","ELVI",3,"Exclusion",2546,"JLP",1,3,NA,NA,0
"1356",2023,"LAF","ELVI",3,"Exclusion",2547,"PALM",1,7,NA,NA,5
"1357",2023,"LAF","ELVI",3,"Exclusion",2548,"SHS",1,2,NA,NA,0
"1358",2023,"LAF","ELVI",3,"Exclusion",2549,"PALM",1,12,NA,NA,0
"1359",2023,"LAF","ELVI",3,"Exclusion",2550,"PALM",0,6,NA,NA,0
"1360",2023,"LAF","ELVI",3,"Exclusion",2551,"JLP",1,3,NA,NA,0
"1361",2023,"LAF","ELVI",3,"Exclusion",2552,"HUNT",0,1,NA,NA,0
"1362",2023,"LAF","ELVI",3,"Exclusion",2553,"RL5",1,4,NA,NA,0
"1363",2023,"LAF","ELVI",3,"Exclusion",2554,"PALM",0,1,NA,NA,0
"1364",2023,"LAF","ELVI",3,"Exclusion",2555,"PALM",1,2,NA,NA,0
"1365",2023,"LAF","ELVI",3,"Exclusion",2556,"RL5",0,3,NA,NA,0
"1366",2023,"LAF","ELVI",3,"Exclusion",2557,"PALM",1,4,NA,NA,0
"1367",2023,"LAF","ELVI",2,"Access",2558,"PALM",1,4,NA,NA,1
"1368",2023,"LAF","ELVI",2,"Access",2559,"SHS",1,2,NA,NA,0
"1369",2023,"LAF","ELVI",2,"Access",2560,"RL5",0,4,NA,NA,0
"1370",2023,"LAF","ELVI",2,"Access",2561,"PALM",1,4,NA,NA,0
"1371",2023,"LAF","ELVI",2,"Access",2562,"HUNT",0,1,NA,NA,0
"1372",2023,"LAF","ELVI",2,"Access",2563,"PALM",0,3,NA,NA,0
"1373",2023,"LAF","ELVI",2,"Access",2564,"RL5",1,6,NA,NA,1
"1374",2023,"LAF","ELVI",2,"Access",2565,"PALM",1,4,NA,NA,0
"1375",2023,"LAF","ELVI",2,"Access",2566,"JLP",1,3,NA,NA,2
"1376",2023,"LAF","ELVI",2,"Access",2567,"PALM",0,3,NA,NA,5
"1377",2023,"LAF","ELVI",2,"Access",2568,"JLP",0,2,NA,NA,0
"1378",2023,"LAF","ELVI",2,"Access",2569,"PALM",0,2,NA,NA,0
"1379",2023,"LAF","ELVI",2,"Access",2570,"PALM",0,2,NA,NA,0
"1380",2023,"LAF","ELVI",2,"Access",2571,"JLP",0,2,NA,NA,0
"1381",2023,"LAF","ELVI",1,"Exclusion",2577,"PALM",1,7,NA,NA,0
"1382",2023,"LAF","ELVI",1,"Exclusion",2578,"JLP",1,2,NA,NA,0
"1383",2023,"LAF","ELVI",1,"Exclusion",2579,"JLP",1,2,NA,NA,0
"1384",2023,"LAF","ELVI",1,"Exclusion",2580,"PALM",1,1,NA,NA,0
"1385",2023,"LAF","ELVI",1,"Exclusion",2581,"JLP",1,4,NA,NA,0
"1386",2023,"LAF","ELVI",1,"Exclusion",2582,"RL5",1,3,NA,NA,2
"1387",2023,"LAF","ELVI",1,"Exclusion",2583,"PALM",1,3,NA,NA,0
"1388",2023,"LAF","ELVI",1,"Exclusion",2584,"PALM",0,6,NA,NA,0
"1389",2023,"LAF","ELVI",1,"Exclusion",2585,"HUNT",1,1,NA,NA,0
"1390",2023,"LAF","ELVI",1,"Exclusion",2586,"JLP",1,3,NA,NA,0
"1391",2023,"LAF","ELVI",1,"Exclusion",2587,"PALM",1,1,NA,NA,0
"1392",2023,"LAF","ELVI",1,"Exclusion",2588,"PALM",0,3,NA,NA,0
"1393",2023,"LAF","ELVI",1,"Exclusion",2589,"JLP",0,3,NA,NA,0
"1394",2023,"LAF","ELVI",1,"Exclusion",2590,"PALM",1,5,NA,NA,0
"1395",2023,"LAF","ELVI",1,"Exclusion",2591,"PALM",1,4,NA,NA,0
"1396",2023,"LAF","ELVI",8,"Exclusion",2601,"PALM",0,4,NA,NA,0
"1397",2023,"LAF","ELVI",8,"Exclusion",2602,"PALM",0,3,NA,NA,0
"1398",2023,"LAF","ELVI",8,"Exclusion",2603,"JLP",0,2,NA,NA,2
"1399",2023,"LAF","ELVI",8,"Exclusion",2604,"SHS",1,2,NA,NA,2
"1400",2023,"LAF","ELVI",8,"Exclusion",2605,"PALM",1,2,NA,NA,2
"1401",2023,"LAF","ELVI",8,"Exclusion",2606,"PALM",0,4,NA,NA,0
"1402",2023,"LAF","ELVI",8,"Exclusion",2607,"RL5",0,6,NA,NA,2
"1403",2023,"LAF","ELVI",8,"Exclusion",2608,"PALM",0,3,NA,NA,3
"1404",2023,"LAF","ELVI",8,"Exclusion",2609,"JLP",0,3,NA,NA,1
"1405",2023,"LAF","ELVI",8,"Exclusion",2610,"JLP",1,2,NA,NA,1
"1406",2023,"LAF","ELVI",8,"Exclusion",2611,"PALM",0,2,NA,NA,1
"1407",2023,"LAF","ELVI",8,"Exclusion",2612,"PALM",0,2,NA,NA,0
"1408",2023,"LAF","ELVI",8,"Exclusion",2613,"PALM",0,4,NA,NA,0
"1409",2023,"LAF","ELVI",8,"Exclusion",2614,"HUNT",0,1,NA,NA,0
"1410",2023,"LAF","ELVI",7,"Exclusion",2615,"PALM",0,4,NA,NA,0
"1411",2023,"LAF","ELVI",7,"Exclusion",2616,"JLP",1,4,NA,NA,0
"1412",2023,"LAF","ELVI",7,"Exclusion",2617,"JLP",0,2,NA,NA,1
"1413",2023,"LAF","ELVI",7,"Exclusion",2618,"PALM",0,4,NA,NA,0
"1414",2023,"LAF","ELVI",7,"Exclusion",2619,"PALM",1,6,NA,NA,4
"1415",2023,"LAF","ELVI",7,"Exclusion",2620,"PALM",0,2,NA,NA,2
"1416",2023,"LAF","ELVI",7,"Exclusion",2621,"RL5",1,11,NA,NA,2
"1417",2023,"LAF","ELVI",7,"Exclusion",2622,"JLP",0,3,NA,NA,2
"1418",2023,"LAF","ELVI",7,"Exclusion",2623,"PALM",0,3,NA,NA,1
"1419",2023,"LAF","ELVI",7,"Exclusion",2624,"HUNT",1,3,NA,NA,3
"1420",2023,"LAF","ELVI",7,"Exclusion",2625,"PALM",1,4,NA,NA,1
"1421",2023,"LAF","ELVI",7,"Exclusion",2626,"PALM",1,4,NA,NA,0
"1422",2023,"LAF","ELVI",7,"Exclusion",2627,"PALM",0,3,NA,NA,3
"1423",2023,"LAF","ELVI",7,"Exclusion",2628,"PALM",0,1,NA,NA,1
"1424",2023,"LAF","ELVI",7,"Exclusion",2629,"RL5",0,3,NA,NA,3
"1425",2023,"LAF","ELVI",6,"Access",2630,"PALM",1,3,NA,NA,3
"1426",2023,"LAF","ELVI",6,"Access",2631,"RL5",1,6,NA,NA,6
"1427",2023,"LAF","ELVI",6,"Access",2632,"PALM",0,1,NA,NA,1
"1428",2023,"LAF","ELVI",6,"Access",2633,"PALM",0,3,NA,NA,3
"1429",2023,"LAF","ELVI",6,"Access",2634,"JLP",1,2,NA,NA,2
"1430",2023,"LAF","ELVI",6,"Access",2635,"PALM",1,3,NA,NA,3
"1431",2023,"LAF","ELVI",6,"Access",2636,"PALM",1,2,NA,NA,2
"1432",2023,"LAF","ELVI",6,"Access",2637,"PALM",1,1,NA,NA,1
"1433",2023,"LAF","ELVI",5,"Access",2638,"PALM",1,2,NA,NA,2
"1434",2023,"LAF","ELVI",5,"Access",2639,"PALM",1,4,NA,NA,4
"1435",2023,"LAF","ELVI",5,"Access",2640,"PALM",0,1,NA,NA,1
"1436",2023,"LAF","ELVI",5,"Access",2641,"RL5",1,3,NA,NA,3
"1437",2023,"LAF","ELVI",5,"Access",2642,"JLP",0,1,NA,NA,1
"1438",2023,"LAF","ELVI",5,"Access",2643,"PALM",1,4,NA,NA,4
"1439",2023,"LAF","ELVI",5,"Access",2644,"JLP",1,2,NA,NA,2
"1440",2023,"LAF","ELVI",5,"Access",2645,"PALM",1,2,NA,NA,2
"1441",2023,"LAF","ELVI",5,"Access",2646,"PALM",1,3,NA,NA,3
"1442",2023,"BFL","ELVI",1,"Access",2647,"HUNT",0,1,NA,NA,2
"1443",2023,"BFL","ELVI",1,"Access",2648,"PALM",1,7,NA,NA,2
"1444",2023,"BFL","ELVI",1,"Access",2649,"HUNT",0,2,NA,NA,0
"1445",2023,"BFL","ELVI",1,"Access",2650,"SHS",1,2,NA,NA,2
"1446",2023,"BFL","ELVI",1,"Access",2651,"PALM",1,9,NA,NA,3
"1447",2023,"BFL","ELVI",1,"Access",2652,"PALM",1,14,NA,NA,6
"1448",2023,"BFL","ELVI",1,"Access",2653,"PALM",1,9,NA,NA,1
"1449",2023,"BFL","ELVI",1,"Access",2654,"PALM",1,3,NA,NA,0
"1450",2023,"BFL","ELVI",1,"Access",2655,"RL5",0,3,NA,NA,5
"1451",2023,"BFL","ELVI",1,"Access",2656,"RL5",1,9,NA,NA,4
"1452",2023,"BFL","ELVI",1,"Access",2657,"JLP",1,3,NA,NA,2
"1453",2023,"BFL","ELVI",1,"Access",2658,"PALM",0,2,NA,NA,2
"1454",2023,"BFL","ELVI",1,"Access",2659,"RL5",0,1,NA,NA,1
"1455",2023,"BFL","ELVI",2,"Access",2660,"JLP",1,3,NA,NA,3
"1456",2023,"BFL","ELVI",2,"Access",2661,"PALM",1,3,NA,NA,3
"1457",2023,"BFL","ELVI",2,"Access",2662,"JLP",0,2,NA,NA,1
"1458",2023,"BFL","ELVI",2,"Access",2663,"PALM",0,9,NA,NA,9
"1459",2023,"BFL","ELVI",2,"Access",2664,"JLP",0,3,NA,NA,2
"1460",2023,"BFL","ELVI",2,"Access",2665,"HUNT",0,1,NA,NA,1
"1461",2023,"BFL","ELVI",2,"Access",2666,"PALM",0,4,NA,NA,4
"1462",2023,"BFL","ELVI",2,"Access",2667,"JLP",0,5,NA,NA,4
"1463",2023,"BFL","ELVI",2,"Access",2668,"JLP",0,5,NA,NA,2
"1464",2023,"BFL","ELVI",2,"Access",2669,"PALM",0,3,NA,NA,3
"1465",2023,"BFL","ELVI",2,"Access",2670,"RL5",0,9,NA,NA,3
"1466",2023,"BFL","ELVI",2,"Access",2671,"RL5",0,4,NA,NA,4
"1467",2023,"BFL","ELVI",2,"Access",2672,"PALM",0,3,NA,NA,2
"1468",2023,"BFL","ELVI",2,"Access",2673,"RL5",1,2,NA,NA,1
"1469",2023,"BFL","ELVI",2,"Access",2674,"HUNT",0,2,NA,NA,2
"1470",2023,"BFL","ELVI",3,"Access",2675,"JLP",0,3,NA,NA,3
"1471",2023,"BFL","ELVI",3,"Access",2676,"PALM",1,4,NA,NA,4
"1472",2023,"BFL","ELVI",3,"Access",2677,"PALM",1,11,NA,NA,10
"1473",2023,"BFL","ELVI",3,"Access",2678,"JLP",0,3,NA,NA,2
"1474",2023,"BFL","ELVI",3,"Access",2679,"RL5",0,11,NA,NA,4
"1475",2023,"BFL","ELVI",3,"Access",2680,"PALM",1,13,NA,NA,10
"1476",2023,"BFL","ELVI",3,"Access",2681,"PALM",0,5,NA,NA,4
"1477",2023,"BFL","ELVI",3,"Access",2682,"HUNT",0,2,NA,NA,2
"1478",2023,"BFL","ELVI",3,"Access",2683,"PALM",0,2,NA,NA,1
"1479",2023,"BFL","ELVI",3,"Access",2684,"HUNT",0,3,NA,NA,3
"1480",2023,"BFL","ELVI",3,"Access",2685,"SHS",1,3,NA,NA,2
"1481",2023,"BFL","ELVI",3,"Access",2686,"PALM",0,5,NA,NA,5
"1482",2023,"BFL","ELVI",3,"Access",2687,"RL5",1,7,NA,NA,3
"1483",2023,"BFL","ELVI",3,"Access",2688,"SHS",1,3,NA,NA,3
"1484",2023,"BFL","ELVI",3,"Access",2689,"RL5",0,4,NA,NA,4
"1485",2023,"BFL","ELVI",4,"Exclusion",2690,"PALM",1,10,NA,NA,8
"1486",2023,"BFL","ELVI",4,"Exclusion",2691,"PALM",1,3,NA,NA,1
"1487",2023,"BFL","ELVI",4,"Exclusion",2692,"PALM",0,2,NA,NA,1
"1488",2023,"BFL","ELVI",4,"Exclusion",2693,"PALM",1,5,NA,NA,1
"1489",2023,"BFL","ELVI",4,"Exclusion",2694,"PALM",1,2,NA,NA,1
"1490",2023,"BFL","ELVI",4,"Exclusion",2695,"JLP",1,4,NA,NA,3
"1491",2023,"BFL","ELVI",4,"Exclusion",2696,"RL5",1,3,NA,NA,1
"1492",2023,"BFL","ELVI",4,"Exclusion",2697,"PALM",1,4,NA,NA,0
"1493",2023,"BFL","ELVI",4,"Exclusion",2698,"SHS",1,2,NA,NA,2
"1494",2023,"BFL","ELVI",4,"Exclusion",2699,"JLP",1,5,NA,NA,5
"1495",2023,"BFL","ELVI",4,"Exclusion",2700,"RL5",0,11,NA,NA,3
"1496",2023,"BAS","POAU",4,"Exclusion",2701,"LA2",1,8,NA,NA,0
"1497",2023,"BAS","POAU",4,"Exclusion",2702,"SFAEF",0,16,NA,NA,0
"1498",2023,"BAS","POAU",4,"Exclusion",2703,"LA2",0,18,NA,NA,0
"1499",2023,"BAS","POAU",4,"Exclusion",2704,"SFAEF",1,29,NA,NA,0
"1500",2023,"BAS","POAU",4,"Exclusion",2705,"LA1",0,15,NA,NA,0
"1501",2023,"BAS","POAU",4,"Exclusion",2706,"LA2",0,20,NA,NA,0
"1502",2023,"BAS","POAU",4,"Exclusion",2707,"LA1",1,13,NA,NA,0
"1503",2023,"BAS","POAU",4,"Exclusion",2708,"LA2",1,23,NA,NA,0
"1504",2023,"BAS","POAU",4,"Exclusion",2709,"SFAEF",1,5,NA,NA,0
"1505",2023,"BAS","POAU",4,"Exclusion",2710,"LA1",0,16,NA,NA,0
"1506",2023,"BAS","POAU",4,"Exclusion",2711,"SFAEF",0,32,NA,NA,0
"1507",2023,"BAS","POAU",4,"Exclusion",2712,"SFAEF",0,14,NA,NA,0
"1508",2023,"BAS","POAU",4,"Exclusion",2713,"LA1",1,16,NA,NA,0
"1509",2023,"BAS","POAU",4,"Exclusion",2714,"LA1",0,16,NA,NA,0
"1510",2023,"BAS","POAU",4,"Exclusion",2715,"LA2",0,20,NA,NA,0
"1511",2023,"BAS","POAU",6,"Access",2716,"LA7",1,20,NA,NA,0
"1512",2023,"BAS","POAU",6,"Access",2717,"SFAEF",1,17,NA,NA,0
"1513",2023,"BAS","POAU",6,"Access",2718,"SFAEF",0,9,NA,NA,0
"1514",2023,"BAS","POAU",6,"Access",2719,"LA2",0,24,NA,NA,0
"1515",2023,"BAS","POAU",6,"Access",2720,"SFAEF",1,13,NA,NA,0
"1516",2023,"BAS","POAU",6,"Access",2721,"LA2",1,14,NA,NA,0
"1517",2023,"BAS","POAU",6,"Access",2722,"LA2",1,15,NA,NA,0
"1518",2023,"BAS","POAU",6,"Access",2723,"LA2",1,26,NA,NA,0
"1519",2023,"BAS","POAU",6,"Access",2724,"SFAEF",1,13,NA,NA,0
"1520",2023,"BAS","POAU",6,"Access",2725,"SFAEF",1,23,NA,NA,0
"1521",2023,"BAS","POAU",6,"Access",2726,"LA2",1,19,NA,NA,0
"1522",2023,"BAS","POAU",6,"Access",2727,"LA7",1,16,NA,NA,7
"1523",2023,"BAS","POAU",6,"Access",2728,"SFAEF",1,18,NA,NA,0
"1524",2023,"BAS","POAU",6,"Access",2729,"LA7",1,23,NA,NA,0
"1525",2023,"BAS","POAU",6,"Access",2730,"LA1",0,10,NA,NA,4
"1526",2023,"LAF","AGHY",1,"Access",2731,"COHR",0,6,NA,NA,0
"1527",2023,"LAF","AGHY",1,"Access",2732,"COHR",0,18,NA,NA,0
"1528",2023,"LAF","AGHY",1,"Access",2733,"SJC",0,40,NA,NA,0
"1529",2023,"LAF","AGHY",1,"Access",2734,"SJC",1,33,NA,NA,0
"1530",2023,"LAF","AGHY",1,"Access",2735,"SJC",0,23,NA,NA,0
"1531",2023,"LAF","AGHY",1,"Access",2736,"LPEF",0,11,NA,NA,0
"1532",2023,"LAF","AGHY",1,"Access",2737,"COHR",1,19,NA,NA,0
"1533",2023,"LAF","AGHY",1,"Access",2738,"SJC",0,56,NA,NA,0
"1534",2023,"LAF","AGHY",1,"Access",2739,"LPEF",1,5,NA,NA,0
"1535",2023,"LAF","AGHY",1,"Access",2740,"LPEF",0,19,NA,NA,0
"1536",2023,"LAF","AGHY",1,"Access",2741,"COHR",0,20,NA,NA,0
"1537",2023,"LAF","AGHY",1,"Access",2742,"SJC",0,39,NA,NA,0
"1538",2023,"LAF","AGHY",1,"Access",2743,"COHR",0,4,NA,NA,0
"1539",2023,"LAF","AGHY",1,"Access",2744,"LPEF",0,8,NA,NA,0
"1540",2023,"LAF","AGHY",1,"Access",2745,"LPEF",0,25,NA,NA,0
"1541",2023,"LAF","AGHY",2,"Access",2746,"LPEF",0,14,NA,NA,0
"1542",2023,"LAF","AGHY",2,"Access",2747,"COHR",0,23,NA,NA,0
"1543",2023,"LAF","AGHY",2,"Access",2748,"SJC",1,36,NA,NA,0
"1544",2023,"LAF","AGHY",2,"Access",2749,"COHR",0,19,NA,NA,0
"1545",2023,"LAF","AGHY",2,"Access",2750,"COHR",0,26,NA,NA,0
"1546",2023,"LAF","AGHY",2,"Access",2751,"COHR",1,24,NA,NA,0
"1547",2023,"LAF","AGHY",2,"Access",2752,"LPEF",1,13,NA,NA,0
"1548",2023,"LAF","AGHY",2,"Access",2753,"LPEF",0,28,NA,NA,0
"1549",2023,"LAF","AGHY",2,"Access",2754,"SJC",0,12,NA,NA,0
"1550",2023,"LAF","AGHY",2,"Access",2755,"COHR",1,17,NA,NA,0
"1551",2023,"LAF","AGHY",2,"Access",2756,"SJC",1,4,NA,NA,0
"1552",2023,"LAF","AGHY",2,"Access",2757,"SJC",0,10,NA,NA,0
"1553",2023,"LAF","AGHY",2,"Access",2758,"LPEF",0,29,NA,NA,0
"1554",2023,"LAF","AGHY",5,"Access",2759,"COHR",1,16,NA,NA,0
"1555",2023,"LAF","AGHY",5,"Access",2760,"LPEF",1,26,NA,NA,0
"1556",2023,"LAF","AGHY",5,"Access",2761,"COHR",1,18,NA,NA,0
"1557",2023,"LAF","AGHY",5,"Access",2762,"LPEF",1,9,NA,NA,0
"1558",2023,"LAF","AGHY",5,"Access",2763,"COHR",1,21,NA,NA,0
"1559",2023,"LAF","AGHY",5,"Access",2764,"SJC",1,24,NA,NA,0
"1560",2023,"LAF","AGHY",5,"Access",2765,"LPEF",1,18,NA,NA,0
"1561",2023,"LAF","AGHY",5,"Access",2766,"SJC",0,40,NA,NA,0
"1562",2023,"LAF","AGHY",5,"Access",2767,"LPEF",0,73,NA,NA,0
"1563",2023,"LAF","AGHY",5,"Access",2768,"SJC",1,14,NA,NA,0
"1564",2023,"LAF","AGHY",5,"Access",2769,"SJC",1,14,NA,NA,0
"1565",2023,"LAF","AGHY",5,"Access",2770,"LPEF",1,27,NA,NA,0
"1566",2023,"LAF","AGHY",5,"Access",2771,"COHR",1,34,NA,NA,0
"1567",2023,"LAF","AGHY",5,"Access",2772,"SJC",1,23,NA,NA,0
"1568",2023,"LAF","AGHY",5,"Access",2773,"COHR",0,15,NA,NA,0
"1569",2023,"LAF","AGHY",3,"Exclusion",2774,"LPEF",0,42,NA,NA,0
"1570",2023,"LAF","AGHY",3,"Exclusion",2775,"COHR",1,34,NA,NA,0
"1571",2023,"LAF","AGHY",3,"Exclusion",2776,"SJC",1,11,NA,NA,0
"1572",2023,"LAF","AGHY",3,"Exclusion",2777,"SJC",1,13,NA,NA,0
"1573",2023,"LAF","AGHY",3,"Exclusion",2778,"LPEF",1,8,NA,NA,0
"1574",2023,"LAF","AGHY",3,"Exclusion",2779,"COHR",0,36,NA,NA,0
"1575",2023,"LAF","AGHY",3,"Exclusion",2780,"COHR",0,26,NA,NA,0
"1576",2023,"LAF","AGHY",3,"Exclusion",2781,"COHR",1,24,NA,NA,0
"1577",2023,"LAF","AGHY",3,"Exclusion",2782,"LPEF",1,6,NA,NA,1
"1578",2023,"LAF","AGHY",3,"Exclusion",2783,"LPEF",0,55,NA,NA,0
"1579",2023,"LAF","AGHY",3,"Exclusion",2784,"COHR",1,27,NA,NA,0
"1580",2023,"LAF","AGHY",3,"Exclusion",2785,"LPEF",1,4,NA,NA,0
"1581",2023,"LAF","AGHY",3,"Exclusion",2786,"SJC",0,39,NA,NA,0
"1582",2023,"LAF","AGHY",3,"Exclusion",2787,"SJC",0,23,NA,NA,0
"1583",2023,"LAF","AGHY",8,"Exclusion",2788,"LPEF",0,37,NA,NA,0
"1584",2023,"LAF","AGHY",8,"Exclusion",2789,"SJC",0,53,NA,NA,0
"1585",2023,"LAF","AGHY",8,"Exclusion",2790,"COHR",0,44,NA,NA,0
"1586",2023,"LAF","AGHY",8,"Exclusion",2791,"COHR",1,26,NA,NA,0
"1587",2023,"LAF","AGHY",8,"Exclusion",2792,"LPEF",1,13,NA,NA,0
"1588",2023,"LAF","AGHY",8,"Exclusion",2793,"LPEF",0,33,NA,NA,0
"1589",2023,"LAF","AGHY",8,"Exclusion",2794,"SJC",1,12,NA,NA,0
"1590",2023,"LAF","AGHY",8,"Exclusion",2795,"COHR",0,57,NA,NA,0
"1591",2023,"LAF","AGHY",8,"Exclusion",2796,"SJC",0,22,NA,NA,0
"1592",2023,"LAF","AGHY",8,"Exclusion",2797,"LPEF",1,2,NA,NA,0
"1593",2023,"LAF","AGHY",8,"Exclusion",2798,"SJC",0,19,NA,NA,0
"1594",2023,"LAF","AGHY",8,"Exclusion",2799,"SJC",1,23,NA,NA,0
"1595",2023,"LAF","AGHY",8,"Exclusion",2800,"COHR",0,29,NA,NA,0
"1596",2023,"LAF","AGHY",8,"Exclusion",2801,"COHR",1,20,NA,NA,0
"1597",2023,"LAF","AGHY",8,"Exclusion",2802,"LPEF",0,40,NA,NA,0
"1598",2023,"LAF","AGHY",7,"Exclusion",2803,"LPEF",0,83,NA,NA,0
"1599",2023,"LAF","AGHY",7,"Exclusion",2804,"SJC",1,12,NA,NA,0
"1600",2023,"LAF","AGHY",7,"Exclusion",2805,"LPEF",1,46,NA,NA,0
"1601",2023,"LAF","AGHY",7,"Exclusion",2806,"SJC",0,39,NA,NA,0
"1602",2023,"LAF","AGHY",7,"Exclusion",2807,"COHR",0,34,NA,NA,0
"1603",2023,"LAF","AGHY",7,"Exclusion",2808,"LPEF",1,15,NA,NA,0
"1604",2023,"LAF","AGHY",7,"Exclusion",2809,"SJC",1,23,NA,NA,0
"1605",2023,"LAF","AGHY",7,"Exclusion",2810,"COHR",1,6,NA,NA,0
"1606",2023,"LAF","AGHY",7,"Exclusion",2811,"LPEF",1,5,NA,NA,0
"1607",2023,"LAF","AGHY",7,"Exclusion",2812,"COHR",1,30,NA,NA,0
"1608",2023,"LAF","AGHY",7,"Exclusion",2813,"LPEF",1,4,NA,NA,1
"1609",2023,"LAF","AGHY",7,"Exclusion",2814,"COHR",1,1,NA,NA,0
"1610",2023,"LAF","AGHY",7,"Exclusion",2815,"COHR",1,4,NA,NA,0
"1611",2023,"LAF","AGHY",7,"Exclusion",2816,"SJC",1,14,NA,NA,0
"1612",2023,"LAF","AGHY",4,"Exclusion",2817,"COHR",0,19,NA,NA,0
"1613",2023,"LAF","AGHY",4,"Exclusion",2818,"SJC",0,34,NA,NA,0
"1614",2023,"LAF","AGHY",4,"Exclusion",2819,"SJC",0,47,NA,NA,0
"1615",2023,"LAF","AGHY",4,"Exclusion",2820,"LPEF",0,44,NA,NA,0
"1616",2023,"LAF","AGHY",4,"Exclusion",2821,"SJC",1,24,NA,NA,0
"1617",2023,"LAF","AGHY",4,"Exclusion",2822,"SJC",0,38,NA,NA,0
"1618",2023,"LAF","AGHY",4,"Exclusion",2823,"COHR",0,11,NA,NA,0
"1619",2023,"LAF","AGHY",4,"Exclusion",2824,"COHR",0,7,NA,NA,0
"1620",2023,"LAF","AGHY",4,"Exclusion",2825,"SJC",0,52,NA,NA,0
"1621",2023,"LAF","AGHY",4,"Exclusion",2826,"COHR",0,23,NA,NA,0
"1622",2023,"LAF","AGHY",4,"Exclusion",2827,"LPEF",0,32,NA,NA,0
"1623",2023,"LAF","AGHY",4,"Exclusion",2828,"LPEF",0,38,NA,NA,0
"1624",2023,"LAF","AGHY",4,"Exclusion",2829,"COHR",1,11,NA,NA,0
"1625",2023,"LAF","AGHY",4,"Exclusion",2830,"LPEF",0,9,NA,NA,0
"1626",2023,"LAF","AGHY",6,"Access",2831,"LPEF",1,7,NA,NA,7
"1627",2023,"LAF","AGHY",6,"Access",2832,"COHR",0,5,NA,NA,5
"1628",2023,"LAF","AGHY",6,"Access",2833,"SJC",0,9,NA,NA,9
"1629",2023,"LAF","AGHY",6,"Access",2834,"COHR",1,3,NA,NA,3
"1630",2023,"LAF","AGHY",6,"Access",2835,"COHR",1,5,NA,NA,5
"1631",2023,"LAF","AGHY",6,"Access",2836,"COHR",0,12,NA,NA,0
"1632",2023,"LAF","AGHY",6,"Access",2837,"LPEF",1,6,NA,NA,6
"1633",2023,"LAF","AGHY",6,"Access",2838,"LPEF",0,4,NA,NA,4
"1634",2023,"LAF","AGHY",6,"Access",2839,"LPEF",1,2,NA,NA,2
"1635",2023,"LAF","AGHY",6,"Access",2840,"SJC",1,8,NA,NA,5
"1636",2023,"LAF","AGHY",6,"Access",2841,"SJC",1,5,NA,NA,5
"1637",2023,"LAF","AGHY",6,"Access",2842,"SJC",1,5,NA,NA,3
"1638",2023,"LAF","AGHY",6,"Access",2843,"SJC",0,19,NA,NA,9
"1639",2023,"LAF","POAU",4,"Exclusion",2844,"LA1",1,6,NA,NA,0
"1640",2023,"LAF","POAU",4,"Exclusion",2845,"LA1",1,12,NA,NA,0
"1641",2023,"LAF","POAU",4,"Exclusion",2846,"LA2",1,27,NA,NA,0
"1642",2023,"LAF","POAU",4,"Exclusion",2847,"LA1",0,9,NA,NA,0
"1643",2023,"LAF","POAU",4,"Exclusion",2848,"LA1",1,8,NA,NA,0
"1644",2023,"LAF","POAU",4,"Exclusion",2849,"LA1",1,15,NA,NA,0
"1645",2023,"LAF","POAU",4,"Exclusion",2850,"SFAEF",1,4,NA,NA,0
"1646",2023,"LAF","POAU",4,"Exclusion",2851,"LA2",1,15,NA,NA,0
"1647",2023,"LAF","POAU",4,"Exclusion",2852,"SFAEF",1,5,NA,NA,0
"1648",2023,"LAF","POAU",4,"Exclusion",2853,"SFAEF",0,18,NA,NA,0
"1649",2023,"LAF","POAU",4,"Exclusion",2854,"LA1",1,10,NA,NA,0
"1650",2023,"LAF","POAU",4,"Exclusion",2855,"LA2",1,25,NA,NA,0
"1651",2023,"LAF","POAU",4,"Exclusion",2856,"LA2",1,20,NA,NA,0
"1652",2023,"LAF","POAU",4,"Exclusion",2857,"LA2",0,8,NA,NA,0
"1653",2023,"LAF","POAU",4,"Exclusion",2858,"SFAEF",1,11,NA,NA,0
"1654",2023,"LAF","POAU",3,"Access",2859,"LA1",1,6,NA,NA,0
"1655",2023,"LAF","POAU",3,"Access",2860,"SFAEF",1,7,NA,NA,0
"1656",2023,"LAF","POAU",3,"Access",2861,"LA2",1,41,NA,NA,0
"1657",2023,"LAF","POAU",3,"Access",2862,"LA1",1,10,NA,NA,0
"1658",2023,"LAF","POAU",3,"Access",2863,"LA1",0,8,NA,NA,0
"1659",2023,"LAF","POAU",3,"Access",2864,"LA1",1,6,NA,NA,0
"1660",2023,"LAF","POAU",3,"Access",2865,"LA2",1,18,NA,NA,0
"1661",2023,"LAF","POAU",3,"Access",2866,"LA2",1,72,NA,NA,0
"1662",2023,"LAF","POAU",3,"Access",2867,"LA1",1,9,NA,NA,1
"1663",2023,"LAF","POAU",3,"Access",2868,"LA2",0,11,NA,NA,0
"1664",2023,"LAF","POAU",3,"Access",2869,"LA1",1,14,NA,NA,0
"1665",2023,"LAF","POAU",3,"Access",2870,"SFAEF",0,32,NA,NA,5
"1666",2023,"LAF","POAU",3,"Access",2871,"SFAEF",1,12,NA,NA,0
"1667",2023,"LAF","POAU",3,"Access",2872,"SFAEF",1,6,NA,NA,0
"1668",2023,"LAF","POAU",3,"Access",2873,"LA2",1,31,NA,NA,0
"1669",2023,"LAF","POAU",1,"Access",2874,"LA2",1,25,NA,NA,0
"1670",2023,"LAF","POAU",1,"Access",2875,"SFAEF",1,25,NA,NA,1
"1671",2023,"LAF","POAU",1,"Access",2876,"LA2",1,13,NA,NA,NA
"1672",2023,"LAF","POAU",1,"Access",2877,"SFAEF",1,9,NA,NA,0
"1673",2023,"LAF","POAU",1,"Access",2878,"LA7",1,18,NA,NA,8
"1674",2023,"LAF","POAU",1,"Access",2879,"LA1",0,9,NA,NA,2
"1675",2023,"LAF","POAU",1,"Access",2880,"LA2",0,16,NA,NA,0
"1676",2023,"LAF","POAU",1,"Access",2881,"LA2",0,16,NA,NA,0
"1677",2023,"LAF","POAU",1,"Access",2882,"LA1",1,20,NA,NA,0
"1678",2023,"LAF","POAU",1,"Access",2883,"LA7",1,16,NA,NA,0
"1679",2023,"LAF","POAU",1,"Access",2884,"SFAEF",0,9,NA,NA,1
"1680",2023,"LAF","POAU",1,"Access",2885,"LA1",0,21,NA,NA,0
"1681",2023,"LAF","POAU",1,"Access",2886,"SFAEF",1,10,NA,NA,0
"1682",2023,"LAF","POAU",1,"Access",2887,"SFAEF",0,13,NA,NA,0
"1683",2023,"LAF","POAU",1,"Access",2888,"LA2",1,23,NA,NA,0
"1684",2023,"LAF","POAU",2,"Exclusion",2889,"LA2",0,4,NA,NA,0
"1685",2023,"LAF","POAU",2,"Exclusion",2890,"SFAEF",1,11,NA,NA,0
"1686",2023,"LAF","POAU",2,"Exclusion",2891,"LA2",1,55,NA,NA,0
"1687",2023,"LAF","POAU",2,"Exclusion",2892,"SFAEF",0,30,NA,NA,0
"1688",2023,"LAF","POAU",2,"Exclusion",2893,"SFAEF",1,18,NA,NA,0
"1689",2023,"LAF","POAU",2,"Exclusion",2894,"LA2",1,8,NA,NA,0
"1690",2023,"LAF","POAU",2,"Exclusion",2895,"LA2",0,8,NA,NA,0
"1691",2023,"LAF","POAU",2,"Exclusion",2896,"SFAEF",0,9,NA,NA,0
"1692",2023,"LAF","POAU",2,"Exclusion",2897,"LA1",0,11,NA,NA,0
"1693",2023,"LAF","POAU",2,"Exclusion",2898,"LA1",1,12,NA,NA,0
"1694",2023,"LAF","POAU",2,"Exclusion",2899,"LA1",0,10,NA,NA,0
"1695",2023,"LAF","POAU",2,"Exclusion",2900,"LA1",0,18,NA,NA,0
"1696",2023,"LAF","POAU",2,"Exclusion",2901,"LA1",1,7,NA,NA,0
"1697",2023,"LAF","POAU",2,"Exclusion",2902,"LA2",0,9,NA,NA,0
"1698",2023,"LAF","POAU",2,"Exclusion",2903,"SFAEF",0,9,NA,NA,0
"1699",2023,"LAF","POAU",5,"Access",2904,"SFAEF",1,13,NA,NA,0
"1700",2023,"LAF","POAU",5,"Access",2905,"LA7",1,17,NA,NA,0
"1701",2023,"LAF","POAU",5,"Access",2906,"SFAEF",0,12,NA,NA,0
"1702",2023,"LAF","POAU",5,"Access",2907,"LA2",0,6,NA,NA,0
"1703",2023,"LAF","POAU",5,"Access",2908,"SFAEF",0,17,NA,NA,0
"1704",2023,"LAF","POAU",5,"Access",2909,"LA2",0,8,NA,NA,0
"1705",2023,"LAF","POAU",5,"Access",2910,"LA7",0,18,NA,NA,0
"1706",2023,"LAF","POAU",5,"Access",2911,"LA2",1,19,NA,NA,0
"1707",2023,"LAF","POAU",5,"Access",2912,"SFAEF",0,22,NA,NA,0
"1708",2023,"LAF","POAU",5,"Access",2913,"LA7",0,19,NA,NA,0
"1709",2023,"LAF","POAU",5,"Access",2914,"LA7",0,14,NA,NA,0
"1710",2023,"LAF","POAU",5,"Access",2915,"LA7",0,22,NA,NA,0
"1711",2023,"LAF","POAU",5,"Access",2916,"LA2",0,4,NA,NA,3
"1712",2023,"LAF","POAU",5,"Access",2917,"LA2",0,4,NA,NA,0
"1713",2023,"LAF","POAU",5,"Access",2918,"SFAEF",0,14,NA,NA,0
"1714",2023,"LAF","POAU",6,"Access",2919,"LA2",0,17,NA,NA,0
"1715",2023,"LAF","POAU",6,"Access",2920,"LA2",1,31,NA,NA,0
"1716",2023,"LAF","POAU",6,"Access",2921,"LA1",0,4,NA,NA,0
"1717",2023,"LAF","POAU",6,"Access",2922,"SFAEF",0,23,NA,NA,0
"1718",2023,"LAF","POAU",6,"Access",2923,"LA1",0,11,NA,NA,1
"1719",2023,"LAF","POAU",6,"Access",2924,"LA1",1,15,NA,NA,0
"1720",2023,"LAF","POAU",6,"Access",2925,"LA2",0,16,NA,NA,0
"1721",2023,"LAF","POAU",6,"Access",2926,"LA2",1,15,NA,NA,0
"1722",2023,"LAF","POAU",6,"Access",2927,"SFAEF",1,21,NA,NA,0
"1723",2023,"LAF","POAU",6,"Access",2928,"LA2",0,24,NA,NA,0
"1724",2023,"LAF","POAU",6,"Access",2929,"LA1",1,14,NA,NA,0
"1725",2023,"LAF","POAU",6,"Access",2930,"SFAEF",1,10,NA,NA,0
"1726",2023,"LAF","POAU",6,"Access",2931,"SFAEF",0,3,NA,NA,0
"1727",2023,"LAF","POAU",6,"Access",2932,"LA1",0,8,NA,NA,0
"1728",2023,"LAF","POAU",6,"Access",2933,"SFAEF",0,24,NA,NA,1
"1729",2023,"LAF","POAU",7,"Exclusion",2934,"LA2",1,18,NA,NA,0
"1730",2023,"LAF","POAU",7,"Exclusion",2935,"LA7",0,18,NA,NA,0
"1731",2023,"LAF","POAU",7,"Exclusion",2936,"SFAEF",0,4,NA,NA,0
"1732",2023,"LAF","POAU",7,"Exclusion",2937,"LA7",0,20,NA,NA,0
"1733",2023,"LAF","POAU",7,"Exclusion",2938,"SFAEF",0,5,NA,NA,0
"1734",2023,"LAF","POAU",7,"Exclusion",2939,"LA7",0,31,NA,NA,0
"1735",2023,"LAF","POAU",7,"Exclusion",2940,"SFAEF",0,41,NA,NA,0
"1736",2023,"LAF","POAU",7,"Exclusion",2941,"LA2",0,20,NA,NA,0
"1737",2023,"LAF","POAU",7,"Exclusion",2942,"LA7",0,18,NA,NA,0
"1738",2023,"LAF","POAU",7,"Exclusion",2943,"LA7",1,32,NA,NA,0
"1739",2023,"LAF","POAU",7,"Exclusion",2944,"LA2",0,5,NA,NA,0
"1740",2023,"LAF","POAU",7,"Exclusion",2945,"SFAEF",1,19,NA,NA,0
"1741",2023,"LAF","POAU",7,"Exclusion",2946,"SFAEF",0,19,NA,NA,0
"1742",2023,"LAF","POAU",7,"Exclusion",2947,"LA2",0,5,NA,NA,0
"1743",2023,"LAF","POAU",7,"Exclusion",2948,"LA2",0,16,NA,NA,0
"1744",2023,"LAF","POAU",8,"Exclusion",2949,"LA7",1,18,NA,NA,0
"1745",2023,"LAF","POAU",8,"Exclusion",2950,"LA1",0,3,NA,NA,0
"1746",2023,"LAF","POAU",8,"Exclusion",2951,"SFAEF",1,29,NA,NA,0
"1747",2023,"LAF","POAU",8,"Exclusion",2952,"LA1",0,18,NA,NA,0
"1748",2023,"LAF","POAU",8,"Exclusion",2953,"SFAEF",1,18,NA,NA,0
"1749",2023,"LAF","POAU",8,"Exclusion",2954,"LA2",1,10,NA,NA,0
"1750",2023,"LAF","POAU",8,"Exclusion",2955,"SFAEF",0,3,NA,NA,0
"1751",2023,"LAF","POAU",8,"Exclusion",2956,"LA2",1,31,NA,NA,0
"1752",2023,"LAF","POAU",8,"Exclusion",2957,"LA2",1,14,NA,NA,0
"1753",2023,"LAF","POAU",8,"Exclusion",2958,"LA1",1,6,NA,NA,0
"1754",2023,"LAF","POAU",8,"Exclusion",2959,"LA7",1,28,NA,NA,0
"1755",2023,"LAF","POAU",8,"Exclusion",2960,"SFAEF",0,15,NA,NA,0
"1756",2023,"LAF","POAU",8,"Exclusion",2961,"SFAEF",1,6,NA,NA,0
"1757",2023,"LAF","POAU",8,"Exclusion",2962,"LA2",0,10,NA,NA,0
"1758",2023,"LAF","POAU",8,"Exclusion",2963,"LA2",0,11,NA,NA,0
"1759",2023,"HUN","ELVI",8,"Exclusion",2964,"HUNT",0,6,NA,NA,0
"1760",2023,"HUN","ELVI",8,"Exclusion",2965,"PALM",0,4,NA,NA,0
"1761",2023,"HUN","ELVI",8,"Exclusion",2966,"JLP",0,3,NA,NA,0
"1762",2023,"HUN","ELVI",8,"Exclusion",2967,"PALM",1,3,NA,NA,0
"1763",2023,"HUN","ELVI",8,"Exclusion",2968,"PALM",0,4,NA,NA,0
"1764",2023,"HUN","ELVI",8,"Exclusion",2969,"PALM",0,8,NA,NA,0
"1765",2023,"HUN","ELVI",8,"Exclusion",2970,"PALM",0,10,NA,NA,0
"1766",2023,"HUN","ELVI",8,"Exclusion",2971,"PALM",1,3,NA,NA,0
"1767",2023,"HUN","ELVI",8,"Exclusion",2972,"SHS",1,1,NA,NA,0
"1768",2023,"HUN","ELVI",8,"Exclusion",2973,"JLP",0,3,NA,NA,0
"1769",2023,"HUN","ELVI",8,"Exclusion",2974,"PALM",1,1,NA,NA,0
"1770",2023,"HUN","ELVI",8,"Exclusion",2975,"JLP",1,3,NA,NA,0
"1771",2023,"HUN","ELVI",8,"Exclusion",2976,"RL5",0,4,NA,NA,0
"1772",2023,"HUN","ELVI",8,"Exclusion",2977,"RL5",0,4,NA,NA,0
"1773",2023,"HUN","ELVI",8,"Exclusion",2978,"RL5",1,7,NA,NA,0
"1774",2023,"HUN","ELVI",7,"Access",2979,"JLP",1,3,NA,NA,0
"1775",2023,"HUN","ELVI",7,"Access",2980,"PALM",1,10,NA,NA,0
"1776",2023,"HUN","ELVI",7,"Access",2981,"RL5",1,3,NA,NA,0
"1777",2023,"HUN","ELVI",7,"Access",2982,"PALM",1,3,NA,NA,0
"1778",2023,"HUN","ELVI",7,"Access",2983,"PALM",1,3,NA,NA,0
"1779",2023,"HUN","ELVI",7,"Access",2984,"PALM",0,3,NA,NA,0
"1780",2023,"HUN","ELVI",7,"Access",2985,"RL5",0,1,NA,NA,1
"1781",2023,"HUN","ELVI",7,"Access",2986,"HUNT",0,4,NA,NA,0
"1782",2023,"HUN","ELVI",7,"Access",2987,"PALM",0,7,NA,NA,0
"1783",2023,"HUN","ELVI",7,"Access",2988,"PALM",1,8,NA,NA,0
"1784",2023,"HUN","ELVI",7,"Access",2989,"SHS",1,2,NA,NA,0
"1785",2023,"HUN","ELVI",7,"Access",2990,"PALM",0,7,NA,NA,2
"1786",2023,"HUN","ELVI",7,"Access",2991,"PALM",1,6,NA,NA,0
"1787",2023,"HUN","ELVI",7,"Access",2992,"JLP",0,2,NA,NA,0
"1788",2023,"HUN","ELVI",7,"Access",2993,"JLP",1,1,NA,NA,0
"1789",2023,"HUN","ELVI",6,"Access",2994,"PALM",1,4,NA,NA,2
"1790",2023,"HUN","ELVI",6,"Access",2995,"RL5",0,5,NA,NA,0
"1791",2023,"HUN","ELVI",6,"Access",2996,"JLP",0,5,NA,NA,1
"1792",2023,"HUN","ELVI",6,"Access",2997,"RL5",0,3,NA,NA,1
"1793",2023,"HUN","ELVI",6,"Access",2998,"HUNT",0,5,NA,NA,0
"1794",2023,"HUN","ELVI",6,"Access",2999,"PALM",1,5,NA,NA,0
"1795",2023,"HUN","ELVI",6,"Access",3000,"SHS",1,2,NA,NA,2
"1796",2023,"BFL","POAU",5,"Exclusion",1,"LA2",0,21,NA,NA,0
"1797",2023,"BFL","POAU",5,"Exclusion",2,"LA7",0,16,NA,NA,0
"1798",2023,"BFL","POAU",5,"Exclusion",3,"LA7",0,12,NA,NA,1
"1799",2023,"BFL","POAU",5,"Exclusion",4,"LA7",0,15,NA,NA,0
"1800",2023,"BFL","POAU",5,"Exclusion",5,"LA2",1,38,NA,NA,2
"1801",2023,"BFL","POAU",5,"Exclusion",6,"LA2",0,17,NA,NA,0
"1802",2023,"BFL","POAU",5,"Exclusion",7,"SFAEF",0,17,NA,NA,0
"1803",2023,"BFL","POAU",5,"Exclusion",8,"SFAEF",0,14,NA,NA,1
"1804",2023,"BFL","POAU",5,"Exclusion",9,"LA7",0,19,NA,NA,1
"1805",2023,"BFL","POAU",5,"Exclusion",10,"LA2",1,14,NA,NA,0
"1806",2023,"BFL","POAU",5,"Exclusion",11,"LA1",0,13,NA,NA,2
"1807",2023,"BFL","POAU",5,"Exclusion",12,"SFAEF",0,14,NA,NA,0
"1808",2023,"BFL","POAU",5,"Exclusion",13,"SFAEF",1,21,NA,NA,0
"1809",2023,"BFL","POAU",5,"Exclusion",14,"SFAEF",0,28,NA,NA,0
"1810",2023,"BFL","POAU",5,"Exclusion",15,"LA2",0,16,NA,NA,1
"1811",2023,"BFL","POAU",7,"Access",16,"LA1",0,8,NA,NA,0
"1812",2023,"BFL","POAU",7,"Access",17,"LA2",1,23,NA,NA,0
"1813",2023,"BFL","POAU",7,"Access",18,"SFAEF",1,9,NA,NA,0
"1814",2023,"BFL","POAU",7,"Access",19,"SFAEF",1,19,NA,NA,0
"1815",2023,"BFL","POAU",7,"Access",20,"LA1",0,8,NA,NA,NA
"1816",2023,"BFL","POAU",7,"Access",21,"SFAEF",0,10,NA,NA,0
"1817",2023,"BFL","POAU",7,"Access",22,"LA2",1,18,NA,NA,0
"1818",2023,"BFL","POAU",7,"Access",23,"SFAEF",1,6,NA,NA,0
"1819",2023,"BFL","POAU",7,"Access",24,"LA2",0,11,NA,NA,0
"1820",2023,"BFL","POAU",6,"Exclusion",25,"SFAEF",0,12,NA,NA,1
"1821",2023,"BFL","POAU",6,"Exclusion",26,"SFAEF",1,20,NA,NA,0
"1822",2023,"BFL","POAU",6,"Exclusion",27,"SFAEF",0,6,NA,NA,0
"1823",2023,"BFL","POAU",6,"Exclusion",28,"LA2",0,2,NA,NA,0
"1824",2023,"BFL","POAU",6,"Exclusion",29,"LA1",0,9,NA,NA,0
"1825",2023,"BFL","POAU",6,"Exclusion",30,"SFAEF",0,15,NA,NA,0
"1826",2023,"BFL","POAU",6,"Exclusion",31,"LA1",1,9,NA,NA,0
"1827",2023,"BFL","POAU",6,"Exclusion",32,"LA1",0,5,NA,NA,0
"1828",2023,"BFL","POAU",6,"Exclusion",33,"SFAEF",1,9,NA,NA,0
"1829",2023,"BFL","POAU",6,"Exclusion",34,"LA1",0,7,NA,NA,0
"1830",2023,"BFL","POAU",6,"Exclusion",35,"LA2",1,11,NA,NA,0
"1831",2023,"BFL","POAU",6,"Exclusion",36,"LA2",1,20,NA,NA,0
"1832",2023,"BFL","POAU",6,"Exclusion",37,"LA2",0,9,NA,NA,0
"1833",2023,"BFL","POAU",6,"Exclusion",38,"LA1",1,12,NA,NA,0
"1834",2023,"BFL","POAU",6,"Exclusion",39,"LA2",0,11,NA,NA,0
"1835",2023,"BFL","POAU",3,"Access",40,"LA1",0,8,NA,NA,1
"1836",2023,"BFL","POAU",3,"Access",41,"SFAEF",0,10,NA,NA,2
"1837",2023,"BFL","POAU",3,"Access",42,"LA7",0,10,NA,NA,0
"1838",2023,"BFL","POAU",3,"Access",43,"LA2",1,12,NA,NA,0
"1839",2023,"BFL","POAU",3,"Access",44,"LA1",1,9,NA,NA,0
"1840",2023,"BFL","POAU",3,"Access",45,"LA2",0,9,NA,NA,0
"1841",2023,"BFL","POAU",3,"Access",46,"LA1",1,8,NA,NA,0
"1842",2023,"BFL","POAU",3,"Access",47,"SFAEF",0,5,NA,NA,0
"1843",2023,"BFL","POAU",3,"Access",48,"SFAEF",0,12,NA,NA,0
"1844",2023,"BFL","POAU",3,"Access",49,"SFAEF",1,22,NA,NA,0
"1845",2023,"BFL","POAU",3,"Access",50,"LA1",0,11,NA,NA,2
"1846",2023,"BFL","POAU",3,"Access",51,"SFAEF",0,24,NA,NA,0
"1847",2023,"BFL","POAU",3,"Access",52,"SFAEF",1,11,NA,NA,0
"1848",2023,"BFL","POAU",3,"Access",53,"LA2",1,19,NA,NA,0
"1849",2023,"BFL","POAU",3,"Access",54,"LA1",0,8,NA,NA,0
"1850",2023,"BFL","POAU",8,"Access",55,"LA1",1,4,NA,NA,0
"1851",2023,"BFL","POAU",8,"Access",56,"SFAEF",1,8,NA,NA,0
"1852",2023,"BFL","POAU",8,"Access",57,"LA2",1,7,NA,NA,0
"1853",2023,"BFL","POAU",8,"Access",58,"SFAEF",1,7,NA,NA,0
"1854",2023,"BFL","POAU",8,"Access",59,"LA2",1,9,NA,NA,0
"1855",2023,"BFL","POAU",8,"Access",60,"LA2",1,12,NA,NA,0
"1856",2023,"BFL","POAU",8,"Access",61,"SFAEF",1,3,NA,NA,0
"1857",2023,"BFL","POAU",8,"Access",62,"LA1",1,13,NA,NA,0
"1858",2023,"BFL","POAU",8,"Access",63,"LA2",1,8,NA,NA,0
"1859",2023,"BFL","POAU",8,"Access",64,"LA1",0,13,NA,NA,2
"1860",2023,"BFL","POAU",8,"Access",65,"SFAEF",1,28,NA,NA,0
"1861",2023,"BFL","POAU",8,"Access",66,"SFAEF",0,13,NA,NA,1
"1862",2023,"BFL","POAU",8,"Access",67,"LA1",1,9,NA,NA,0
"1863",2023,"BFL","POAU",8,"Access",68,"LA1",1,9,NA,NA,0
"1864",2023,"BFL","POAU",8,"Access",69,"LA2",0,12,NA,NA,0
"1865",2023,"BFL","AGHY",1,"Access",70,"LPEF",1,11,NA,NA,2
"1866",2023,"BFL","AGHY",1,"Access",71,"COHR",0,9,NA,NA,5
"1867",2023,"BFL","AGHY",1,"Access",72,"COHR",1,15,NA,NA,0
"1868",2023,"BFL","AGHY",1,"Access",73,"SJC",0,13,NA,NA,0
"1869",2023,"BFL","AGHY",1,"Access",74,"COHR",1,17,NA,NA,3
"1870",2023,"BFL","AGHY",1,"Access",75,"SJC",1,11,NA,NA,5
"1871",2023,"BFL","AGHY",1,"Access",76,"SJC",0,11,NA,NA,0
"1872",2023,"BFL","AGHY",1,"Access",77,"COHR",0,14,NA,NA,4
"1873",2023,"BFL","AGHY",1,"Access",78,"LPEF",0,7,NA,NA,6
"1874",2023,"BFL","AGHY",1,"Access",79,"LPEF",0,20,NA,NA,5
"1875",2023,"BFL","AGHY",1,"Access",80,"SJC",0,6,NA,NA,0
"1876",2023,"BFL","AGHY",1,"Access",81,"LPEF",1,17,NA,NA,5
"1877",2023,"BFL","AGHY",1,"Access",82,"SJC",1,14,NA,NA,6
"1878",2023,"BFL","AGHY",1,"Access",83,"COHR",0,20,NA,NA,0
"1879",2023,"BFL","AGHY",1,"Access",84,"LPEF",0,21,NA,NA,0
"1880",2023,"BFL","AGHY",2,"Access",85,"COHR",0,12,NA,NA,4
"1881",2023,"BFL","AGHY",2,"Access",86,"LPEF",0,17,NA,NA,0
"1882",2023,"BFL","AGHY",2,"Access",87,"LPEF",0,12,NA,NA,3
"1883",2023,"BFL","AGHY",2,"Access",88,"LPEF",0,23,NA,NA,0
"1884",2023,"BFL","AGHY",2,"Access",89,"SJC",0,5,NA,NA,0
"1885",2023,"BFL","AGHY",2,"Access",90,"COHR",0,12,NA,NA,0
"1886",2023,"BFL","AGHY",2,"Access",91,"SJC",0,10,NA,NA,0
"1887",2023,"BFL","AGHY",2,"Access",92,"LPEF",1,8,NA,NA,0
"1888",2023,"BFL","AGHY",2,"Access",93,"SJC",1,11,NA,NA,3
"1889",2023,"BFL","AGHY",2,"Access",94,"SJC",0,13,NA,NA,0
"1890",2023,"BFL","AGHY",2,"Access",95,"COHR",0,24,NA,NA,0
"1891",2023,"BFL","AGHY",2,"Access",96,"COHR",0,16,NA,NA,0
"1892",2023,"BFL","AGHY",2,"Access",97,"SJC",0,15,NA,NA,0
"1893",2023,"BFL","AGHY",2,"Access",98,"LPEF",0,24,NA,NA,0
"1894",2023,"BFL","AGHY",2,"Access",99,"COHR",1,11,NA,NA,1
"1895",2023,"BFL","POAU",7,"Access",593,"SFAEF",0,9,NA,NA,2
"1896",2023,"BFL","POAU",7,"Access",594,"LA2",1,33,NA,NA,0
"1897",2023,"BFL","POAU",7,"Access",597,"LA1",0,9,NA,NA,0
"1898",2023,"BFL","POAU",7,"Access",598,"LA2",1,18,NA,NA,0
"1899",2023,"LAF","ELVI",2,"Access",NA,"PALM",0,NA,NA,NA,NA
"1900",2024,"HUN","AGHY",1,"Exclusion",562,"LPEF",1,0,NA,NA,NA
"1901",2024,"HUN","AGHY",1,"Exclusion",563,"COHR",1,0,NA,NA,NA
"1902",2024,"HUN","AGHY",1,"Exclusion",564,"COHR",0,0,NA,NA,NA
"1903",2024,"HUN","AGHY",1,"Exclusion",565,"LPEF",0,28,0,9,0
"1904",2024,"HUN","AGHY",1,"Exclusion",566,"SJC",0,0,NA,NA,NA
"1905",2024,"HUN","AGHY",1,"Exclusion",567,"SJC",0,0,NA,NA,NA
"1906",2024,"HUN","AGHY",1,"Exclusion",568,"LPEF",0,0,NA,NA,NA
"1907",2024,"HUN","AGHY",1,"Exclusion",569,"COHR",0,8,0,3,0
"1908",2024,"HUN","AGHY",1,"Exclusion",570,"SJC",1,0,NA,NA,NA
"1909",2024,"HUN","AGHY",1,"Exclusion",571,"COHR",0,0,NA,NA,NA
"1910",2024,"HUN","AGHY",1,"Exclusion",572,"LPEF",0,0,NA,NA,NA
"1911",2024,"HUN","AGHY",1,"Exclusion",573,"COHR",1,7,0,4,1
"1912",2024,"HUN","AGHY",1,"Exclusion",574,"SJC",0,0,NA,NA,NA
"1913",2024,"HUN","AGHY",1,"Exclusion",575,"SJC",1,0,NA,NA,NA
"1914",2024,"HUN","AGHY",1,"Exclusion",576,"LPEF",1,4,0,4,1
"1915",2024,"HUN","AGHY",2,"Access",577,"LPEF",1,4,0,3,0
"1916",2024,"HUN","AGHY",2,"Access",578,"COHR",1,0,NA,NA,NA
"1917",2024,"HUN","AGHY",2,"Access",579,"SJC",1,0,NA,NA,NA
"1918",2024,"HUN","AGHY",2,"Access",580,"COHR",1,0,NA,NA,NA
"1919",2024,"HUN","AGHY",2,"Access",581,"COHR",1,2,0,0,0
"1920",2024,"HUN","AGHY",2,"Access",582,"COHR",0,0,NA,NA,NA
"1921",2024,"HUN","AGHY",2,"Access",583,"SJC",1,9,0,0,0
"1922",2024,"HUN","AGHY",2,"Access",584,"LPEF",1,0,NA,NA,NA
"1923",2024,"HUN","AGHY",2,"Access",585,"SJC",1,0,NA,NA,NA
"1924",2024,"HUN","AGHY",2,"Access",586,"SJC",1,0,NA,NA,NA
"1925",2024,"HUN","AGHY",2,"Access",587,"LPEF",1,0,NA,NA,NA
"1926",2024,"HUN","AGHY",2,"Access",588,"LPEF",0,4,0,0,0
"1927",2024,"HUN","AGHY",2,"Access",589,"LPEF",1,0,NA,NA,NA
"1928",2024,"HUN","AGHY",2,"Access",590,"COHR",1,3,0,1,0
"1929",2024,"HUN","AGHY",2,"Access",591,"SJC",0,0,NA,NA,NA
"1930",2024,"HUN","AGHY",3,"Exclusion",701,"SJC",1,0,NA,NA,NA
"1931",2024,"HUN","AGHY",3,"Exclusion",702,"COHR",1,8,1,6,0
"1932",2024,"HUN","AGHY",3,"Exclusion",703,"COHR",1,0,NA,NA,NA
"1933",2024,"HUN","AGHY",3,"Exclusion",704,"LPEF",1,0,NA,NA,NA
"1934",2024,"HUN","AGHY",3,"Exclusion",705,"LPEF",0,23,2,14,0
"1935",2024,"HUN","AGHY",3,"Exclusion",706,"LPEF",1,27,1,26,0
"1936",2024,"HUN","AGHY",3,"Exclusion",707,"COHR",1,8,0,1,1
"1937",2024,"HUN","AGHY",3,"Exclusion",708,"SJC",1,0,NA,NA,NA
"1938",2024,"HUN","AGHY",3,"Exclusion",709,"SJC",1,31,0,24,0
"1939",2024,"HUN","AGHY",3,"Exclusion",710,"COHR",0,26,0,22,0
"1940",2024,"HUN","AGHY",3,"Exclusion",711,"LPEF",1,32,0,19,0
"1941",2024,"HUN","AGHY",3,"Exclusion",712,"SJC",0,0,NA,NA,NA
"1942",2024,"HUN","AGHY",3,"Exclusion",713,"SJC",1,17,0,14,0
"1943",2024,"HUN","AGHY",3,"Exclusion",714,"COHR",1,17,1,15,0
"1944",2024,"HUN","AGHY",3,"Exclusion",715,"LPEF",1,55,0,36,0
"1945",2024,"HUN","AGHY",4,"Access",716,"COHR",1,0,NA,NA,NA
"1946",2024,"HUN","AGHY",4,"Access",717,"SJC",0,0,NA,NA,NA
"1947",2024,"HUN","AGHY",4,"Access",718,"COHR",0,0,NA,NA,NA
"1948",2024,"HUN","AGHY",4,"Access",719,"LPEF",1,0,NA,NA,NA
"1949",2024,"HUN","AGHY",4,"Access",720,"LPEF",1,30,4,22,0
"1950",2024,"HUN","AGHY",4,"Access",721,"LPEF",0,17,0,13,0
"1951",2024,"HUN","AGHY",4,"Access",722,"LPEF",1,1,1,0,0
"1952",2024,"HUN","AGHY",4,"Access",723,"COHR",0,4,0,3,0
"1953",2024,"HUN","AGHY",4,"Access",724,"COHR",1,6,1,4,0
"1954",2024,"HUN","AGHY",4,"Access",725,"SJC",0,0,NA,NA,NA
"1955",2024,"HUN","AGHY",4,"Access",726,"SJC",1,0,NA,NA,NA
"1956",2024,"HUN","AGHY",4,"Access",727,"SJC",1,5,0,5,0
"1957",2024,"HUN","AGHY",4,"Access",728,"COHR",1,13,2,8,0
"1958",2024,"HUN","AGHY",4,"Access",729,"LPEF",0,0,NA,NA,NA
"1959",2024,"HUN","AGHY",4,"Access",730,"SJC",1,8,0,5,0
"1960",2024,"HUN","AGHY",5,"Exclusion",690,"COHR",0,18,1,15,0
"1961",2024,"HUN","AGHY",5,"Exclusion",691,"SJC",0,19,0,12,0
"1962",2024,"HUN","AGHY",5,"Exclusion",692,"SJC",0,2,0,1,0
"1963",2024,"HUN","AGHY",5,"Exclusion",693,"SJC",0,0,NA,NA,NA
"1964",2024,"HUN","AGHY",5,"Exclusion",694,"LPEF",0,8,0,5,0
"1965",2024,"HUN","AGHY",5,"Exclusion",695,"LPEF",0,22,2,15,0
"1966",2024,"HUN","AGHY",5,"Exclusion",696,"LPEF",1,0,NA,NA,NA
"1967",2024,"HUN","AGHY",5,"Exclusion",697,"COHR",1,22,2,18,0
"1968",2024,"HUN","AGHY",5,"Exclusion",698,"COHR",0,14,2,10,7
"1969",2024,"HUN","AGHY",5,"Exclusion",699,"SJC",0,0,NA,NA,NA
"1970",2024,"HUN","AGHY",5,"Exclusion",700,"LPEF",0,6,2,4,0
"1971",2024,"HUN","AGHY",5,"Exclusion",512,"COHR",0,0,NA,NA,NA
"1972",2024,"HUN","AGHY",5,"Exclusion",592,"SJC",1,15,3,5,0
"1973",2024,"HUN","AGHY",5,"Exclusion",600,"COHR",0,10,0,9,0
"1974",2024,"HUN","AGHY",5,"Exclusion",599,"LPEF",0,0,NA,NA,NA
"1975",2024,"HUN","AGHY",6,"Access",675,"COHR",0,2,0,1,1
"1976",2024,"HUN","AGHY",6,"Access",676,"LPEF",1,15,1,12,0
"1977",2024,"HUN","AGHY",6,"Access",677,"COHR",1,0,NA,NA,NA
"1978",2024,"HUN","AGHY",6,"Access",678,"LPEF",0,0,NA,NA,NA
"1979",2024,"HUN","AGHY",6,"Access",679,"LPEF",1,0,NA,NA,NA
"1980",2024,"HUN","AGHY",6,"Access",680,"SJC",1,5,1,1,1
"1981",2024,"HUN","AGHY",6,"Access",681,"SJC",0,0,NA,NA,NA
"1982",2024,"HUN","AGHY",6,"Access",682,"COHR",1,16,1,14,1
"1983",2024,"HUN","AGHY",6,"Access",683,"SJC",1,20,0,14,1
"1984",2024,"HUN","AGHY",6,"Access",684,"LPEF",0,23,1,14,1
"1985",2024,"HUN","AGHY",6,"Access",685,"COHR",0,11,1,10,0
"1986",2024,"HUN","AGHY",6,"Access",686,"COHR",0,0,NA,NA,NA
"1987",2024,"HUN","AGHY",6,"Access",687,"SJC",0,6,1,4,0
"1988",2024,"HUN","AGHY",6,"Access",688,"LPEF",0,39,0,37,2
"1989",2024,"HUN","AGHY",6,"Access",689,"SJC",0,15,1,6,0
"1990",2024,"HUN","AGHY",7,"Access",660,"LPEF",0,49,0,28,0
"1991",2024,"HUN","AGHY",7,"Access",661,"SJC",0,5,0,2,0
"1992",2024,"HUN","AGHY",7,"Access",662,"COHR",0,8,0,8,0
"1993",2024,"HUN","AGHY",7,"Access",663,"SJC",0,0,NA,NA,NA
"1994",2024,"HUN","AGHY",7,"Access",664,"SJC",0,14,1,7,0
"1995",2024,"HUN","AGHY",7,"Access",665,"COHR",0,0,NA,NA,NA
"1996",2024,"HUN","AGHY",7,"Access",666,"COHR",0,25,0,18,0
"1997",2024,"HUN","AGHY",7,"Access",667,"SJC",1,24,2,11,0
"1998",2024,"HUN","AGHY",7,"Access",668,"COHR",0,3,0,0,1
"1999",2024,"HUN","AGHY",7,"Access",669,"LPEF",0,41,0,14,0
"2000",2024,"HUN","AGHY",7,"Access",670,"COHR",1,23,0,14,0
"2001",2024,"HUN","AGHY",7,"Access",671,"LPEF",1,0,NA,NA,NA
"2002",2024,"HUN","AGHY",7,"Access",672,"LPEF",0,3,0,0,0
"2003",2024,"HUN","AGHY",7,"Access",673,"SJC",0,24,11,1,0
"2004",2024,"HUN","AGHY",7,"Access",674,"LPEF",0,37,8,7,0
"2005",2024,"HUN","AGHY",8,"Exclusion",645,"COHR",0,7,1,3,0
"2006",2024,"HUN","AGHY",8,"Exclusion",646,"SJC",1,0,NA,NA,NA
"2007",2024,"HUN","AGHY",8,"Exclusion",647,"COHR",1,13,0,5,0
"2008",2024,"HUN","AGHY",8,"Exclusion",648,"COHR",1,5,0,3,0
"2009",2024,"HUN","AGHY",8,"Exclusion",649,"LPEF",1,20,0,18,0
"2010",2024,"HUN","AGHY",8,"Exclusion",650,"SJC",0,5,0,0,0
"2011",2024,"HUN","AGHY",8,"Exclusion",651,"COHR",1,3,0,3,0
"2012",2024,"HUN","AGHY",8,"Exclusion",652,"SJC",0,11,1,4,0
"2013",2024,"HUN","AGHY",8,"Exclusion",653,"LPEF",0,0,NA,NA,NA
"2014",2024,"HUN","AGHY",8,"Exclusion",654,"SJC",1,0,NA,NA,NA
"2015",2024,"HUN","AGHY",8,"Exclusion",655,"COHR",0,10,0,4,0
"2016",2024,"HUN","AGHY",8,"Exclusion",656,"LPEF",1,8,0,4,0
"2017",2024,"HUN","AGHY",8,"Exclusion",657,"LPEF",1,9,7,1,0
"2018",2024,"HUN","AGHY",8,"Exclusion",658,"LPEF",0,25,1,15,0
"2019",2024,"HUN","AGHY",8,"Exclusion",659,"SJC",1,19,0,5,0
"2020",2024,"HUN","POAU",1,"Exclusion",501,"SFAEF",0,0,NA,NA,NA
"2021",2024,"HUN","POAU",1,"Exclusion",502,"LA2",0,9,1,0,5
"2022",2024,"HUN","POAU",1,"Exclusion",503,"LA2",1,0,NA,NA,NA
"2023",2024,"HUN","POAU",1,"Exclusion",504,"SFAEF",0,1,0,0,0
"2024",2024,"HUN","POAU",1,"Exclusion",505,"SFAEF",1,35,7,0,9
"2025",2024,"HUN","POAU",1,"Exclusion",506,"LA7",0,54,3,0,19
"2026",2024,"HUN","POAU",1,"Exclusion",507,"SFAEF",0,3,0,0,1
"2027",2024,"HUN","POAU",1,"Exclusion",508,"LA7",1,47,6,0,21
"2028",2024,"HUN","POAU",1,"Exclusion",509,"SFAEF",0,2,0,0,0
"2029",2024,"HUN","POAU",1,"Exclusion",510,"LA7",0,0,NA,NA,NA
"2030",2024,"HUN","POAU",1,"Exclusion",511,"LA7",0,1,0,0,0
"2031",2024,"HUN","POAU",1,"Exclusion",513,"LA2",0,3,1,0,3
"2032",2024,"HUN","POAU",1,"Exclusion",514,"LA2",0,3,0,0,0
"2033",2024,"HUN","POAU",1,"Exclusion",515,"LA2",0,0,NA,NA,NA
"2034",2024,"HUN","POAU",1,"Exclusion",516,"LA7",0,2,0,0,1
"2035",2024,"HUN","POAU",2,"Exclusion",601,"SFAEF",1,1,0,0,1
"2036",2024,"HUN","POAU",2,"Exclusion",602,"LA2",1,0,NA,NA,NA
"2037",2024,"HUN","POAU",2,"Exclusion",603,"SFAEF",0,0,NA,NA,NA
"2038",2024,"HUN","POAU",2,"Exclusion",604,"LA2",1,0,NA,NA,NA
"2039",2024,"HUN","POAU",2,"Exclusion",605,"LA2",1,1,0,0,0
"2040",2024,"HUN","POAU",2,"Exclusion",606,"SFAEF",1,0,NA,NA,NA
"2041",2024,"HUN","POAU",2,"Exclusion",607,"SFAEF",1,3,0,0,0
"2042",2024,"HUN","POAU",2,"Exclusion",608,"LA7",1,0,NA,NA,NA
"2043",2024,"HUN","POAU",2,"Exclusion",609,"LA2",1,0,NA,NA,NA
"2044",2024,"HUN","POAU",2,"Exclusion",610,"SFAEF",1,1,0,0,1
"2045",2024,"HUN","POAU",2,"Exclusion",611,"LA2",1,18,7,0,15
"2046",2024,"HUN","POAU",2,"Exclusion",612,"LA2",1,0,NA,NA,NA
"2047",2024,"HUN","POAU",2,"Exclusion",613,"LA7",0,0,NA,NA,NA
"2048",2024,"HUN","POAU",2,"Exclusion",614,"LA2",0,0,NA,NA,NA
"2049",2024,"HUN","POAU",2,"Exclusion",615,"LA7",1,31,8,2,8
"2050",2024,"HUN","POAU",3,"Access",616,"LA2",0,23,2,0,2
"2051",2024,"HUN","POAU",3,"Access",617,"SFAEF",0,1,1,0,1
"2052",2024,"HUN","POAU",3,"Access",618,"LA2",1,5,1,0,3
"2053",2024,"HUN","POAU",3,"Access",619,"LA2",1,40,8,1,1
"2054",2024,"HUN","POAU",3,"Access",620,"SFAEF",0,9,3,0,2
"2055",2024,"HUN","POAU",3,"Access",621,"SFAEF",0,0,NA,NA,NA
"2056",2024,"HUN","POAU",3,"Access",622,"LA1",1,21,4,0,6
"2057",2024,"HUN","POAU",3,"Access",623,"LA1",0,3,2,0,2
"2058",2024,"HUN","POAU",3,"Access",624,"LA1",0,16,3,1,7
"2059",2024,"HUN","POAU",3,"Access",625,"LA2",0,5,0,0,3
"2060",2024,"HUN","POAU",3,"Access",626,"LA1",1,16,5,0,3
"2061",2024,"HUN","POAU",3,"Access",627,"LA2",0,7,2,0,2
"2062",2024,"HUN","POAU",3,"Access",628,"LA1",0,8,3,0,4
"2063",2024,"HUN","POAU",3,"Access",629,"SFAEF",1,50,21,0,8
"2064",2024,"HUN","POAU",5,"Exclusion",517,"LA1",1,0,NA,NA,NA
"2065",2024,"HUN","POAU",5,"Exclusion",518,"LA2",0,0,NA,NA,NA
"2066",2024,"HUN","POAU",5,"Exclusion",519,"LA2",1,5,0,0,2
"2067",2024,"HUN","POAU",5,"Exclusion",520,"SFAEF",0,1,0,0,1
"2068",2024,"HUN","POAU",5,"Exclusion",521,"LA1",0,0,NA,NA,NA
"2069",2024,"HUN","POAU",5,"Exclusion",522,"SFAEF",0,0,NA,NA,NA
"2070",2024,"HUN","POAU",5,"Exclusion",523,"LA2",0,1,0,0,1
"2071",2024,"HUN","POAU",5,"Exclusion",524,"SFAEF",1,0,NA,NA,NA
"2072",2024,"HUN","POAU",5,"Exclusion",525,"SFAEF",0,0,NA,NA,NA
"2073",2024,"HUN","POAU",5,"Exclusion",526,"LA1",0,3,0,0,1
"2074",2024,"HUN","POAU",5,"Exclusion",527,"LA1",1,0,NA,NA,NA
"2075",2024,"HUN","POAU",5,"Exclusion",528,"SFAEF",1,8,0,0,3
"2076",2024,"HUN","POAU",5,"Exclusion",529,"LA2",0,0,NA,NA,NA
"2077",2024,"HUN","POAU",5,"Exclusion",530,"LA1",0,0,NA,NA,NA
"2078",2024,"HUN","POAU",5,"Exclusion",531,"LA2",1,0,NA,NA,NA
"2079",2024,"HUN","POAU",6,"Access",532,"LA1",0,1,0,0,1
"2080",2024,"HUN","POAU",6,"Access",533,"SFAEF",0,1,0,0,1
"2081",2024,"HUN","POAU",6,"Access",534,"LA7",1,3,0,0,1
"2082",2024,"HUN","POAU",6,"Access",535,"SFAEF",1,1,0,0,0
"2083",2024,"HUN","POAU",6,"Access",536,"LA2",1,2,0,0,2
"2084",2024,"HUN","POAU",6,"Access",537,"SFAEF",1,0,NA,NA,NA
"2085",2024,"HUN","POAU",6,"Access",538,"LA2",1,3,0,0,2
"2086",2024,"HUN","POAU",6,"Access",539,"SFAEF",1,0,NA,NA,NA
"2087",2024,"HUN","POAU",6,"Access",540,"SFAEF",0,0,NA,NA,NA
"2088",2024,"HUN","POAU",6,"Access",541,"LA1",1,0,NA,NA,NA
"2089",2024,"HUN","POAU",6,"Access",542,"LA2",1,0,NA,NA,NA
"2090",2024,"HUN","POAU",6,"Access",543,"LA1",0,10,0,0,7
"2091",2024,"HUN","POAU",6,"Access",544,"LA7",1,4,0,0,4
"2092",2024,"HUN","POAU",6,"Access",545,"LA2",0,9,0,0,5
"2093",2024,"HUN","POAU",6,"Access",546,"LA2",0,0,NA,NA,NA
"2094",2024,"HUN","POAU",7,"Access",547,"LA7",1,0,NA,NA,NA
"2095",2024,"HUN","POAU",7,"Access",548,"LA7",0,0,NA,NA,NA
"2096",2024,"HUN","POAU",7,"Access",549,"SFAEF",0,1,0,0,1
"2097",2024,"HUN","POAU",7,"Access",550,"LA7",0,0,NA,NA,NA
"2098",2024,"HUN","POAU",7,"Access",551,"LA2",1,0,NA,NA,NA
"2099",2024,"HUN","POAU",7,"Access",552,"SFAEF",0,0,NA,NA,NA
"2100",2024,"HUN","POAU",7,"Access",553,"LA2",0,0,NA,NA,NA
"2101",2024,"HUN","POAU",7,"Access",554,"SFAEF",0,0,NA,NA,NA
"2102",2024,"HUN","POAU",7,"Access",555,"LA7",0,0,NA,NA,NA
"2103",2024,"HUN","POAU",7,"Access",556,"LA7",0,0,NA,NA,NA
"2104",2024,"HUN","POAU",7,"Access",557,"LA2",0,0,NA,NA,NA
"2105",2024,"HUN","POAU",7,"Access",558,"LA2",0,1,0,0,1
"2106",2024,"HUN","POAU",7,"Access",559,"LA2",0,0,NA,NA,NA
"2107",2024,"HUN","POAU",7,"Access",560,"SFAEF",0,0,NA,NA,NA
"2108",2024,"HUN","POAU",7,"Access",561,"SFAEF",1,0,NA,NA,NA
"2109",2024,"HUN","POAU",8,"Access",630,"LA2",0,4,0,0,2
"2110",2024,"HUN","POAU",8,"Access",631,"LA7",0,1,0,0,1
"2111",2024,"HUN","POAU",8,"Access",632,"LA2",1,0,NA,NA,NA
"2112",2024,"HUN","POAU",8,"Access",633,"LA7",1,0,NA,NA,NA
"2113",2024,"HUN","POAU",8,"Access",634,"LA2",1,0,NA,NA,NA
"2114",2024,"HUN","POAU",8,"Access",635,"SFAEF",0,10,NA,NA,7
"2115",2024,"HUN","POAU",8,"Access",636,"LA2",1,0,NA,NA,NA
"2116",2024,"HUN","POAU",8,"Access",637,"LA7",1,0,NA,NA,NA
"2117",2024,"HUN","POAU",8,"Access",638,"LA2",1,0,NA,NA,NA
"2118",2024,"HUN","POAU",8,"Access",639,"LA2",1,0,NA,NA,NA
"2119",2024,"HUN","POAU",8,"Access",640,"SFAEF",1,1,0,0,0
"2120",2024,"HUN","POAU",8,"Access",641,"SFAEF",1,0,NA,NA,NA
"2121",2024,"HUN","POAU",8,"Access",642,"LA2",1,0,NA,NA,NA
"2122",2024,"HUN","POAU",8,"Access",643,"SFAEF",1,1,0,0,1
"2123",2024,"HUN","POAU",8,"Access",644,"SFAEF",1,0,NA,NA,NA
"2124",2024,"HUN","POAU",9,"Exclusion",2284,"LA2",1,10,0,0,1
"2125",2024,"HUN","POAU",9,"Exclusion",2285,"LA2",1,14,0,0,0
"2126",2024,"HUN","POAU",9,"Exclusion",2286,"LA1",0,8,2,0,2
"2127",2024,"HUN","POAU",9,"Exclusion",2287,"LA2",1,10,0,0,3
"2128",2024,"HUN","POAU",9,"Exclusion",2288,"LA1",0,10,0,0,0
"2129",2024,"HUN","POAU",9,"Exclusion",2289,"SFAEF",1,14,0,0,1
"2130",2024,"HUN","POAU",9,"Exclusion",2290,"SFAEF",1,16,0,0,0
"2131",2024,"HUN","POAU",9,"Exclusion",2291,"LA2",0,8,0,0,0
"2132",2024,"HUN","POAU",9,"Exclusion",2292,"SFAEF",1,17,0,0,0
"2133",2024,"HUN","POAU",9,"Exclusion",2293,"LA1",0,8,0,0,2
"2134",2024,"HUN","POAU",9,"Exclusion",2294,"SFAEF",1,10,0,0,1
"2135",2024,"HUN","POAU",9,"Exclusion",2295,"LA1",1,4,0,0,0
"2136",2024,"HUN","POAU",9,"Exclusion",2296,"SFAEF",0,18,0,0,3
"2137",2024,"HUN","POAU",9,"Exclusion",2297,"LA2",1,23,0,0,0
"2138",2024,"HUN","POAU",9,"Exclusion",2298,"SFAEF",0,7,0,0,0
"2139",2024,"HUN","ELVI",1,"Exclusion",2101,"SHS",1,0,NA,NA,NA
"2140",2024,"HUN","ELVI",1,"Exclusion",2102,"PALM",1,0,NA,NA,NA
"2141",2024,"HUN","ELVI",1,"Exclusion",2103,"JLP",1,0,NA,NA,NA
"2142",2024,"HUN","ELVI",1,"Exclusion",2104,"RL5",1,0,NA,NA,NA
"2143",2024,"HUN","ELVI",1,"Exclusion",2105,"PALM",1,0,NA,NA,NA
"2144",2024,"HUN","ELVI",1,"Exclusion",2106,"PALM",1,0,NA,NA,NA
"2145",2024,"HUN","ELVI",1,"Exclusion",2107,"RL5",0,0,NA,NA,NA
"2146",2024,"HUN","ELVI",1,"Exclusion",2108,"JLP",1,0,NA,NA,NA
"2147",2024,"HUN","ELVI",1,"Exclusion",2109,"JLP",1,0,NA,NA,NA
"2148",2024,"HUN","ELVI",1,"Exclusion",2110,"PALM",1,0,NA,NA,NA
"2149",2024,"HUN","ELVI",1,"Exclusion",2111,"PALM",0,0,NA,NA,NA
"2150",2024,"HUN","ELVI",1,"Exclusion",2112,"PALM",1,0,NA,NA,NA
"2151",2024,"HUN","ELVI",1,"Exclusion",2113,"PALM",1,0,NA,NA,NA
"2152",2024,"HUN","ELVI",1,"Exclusion",2114,"HUNT",0,0,NA,NA,NA
"2153",2024,"HUN","ELVI",1,"Exclusion",2115,"PALM",1,0,NA,NA,NA
"2154",2024,"HUN","ELVI",2,"Access",2116,"RL5",0,0,NA,NA,NA
"2155",2024,"HUN","ELVI",2,"Access",2117,"PALM",1,0,NA,NA,NA
"2156",2024,"HUN","ELVI",2,"Access",2118,"SHS",1,1,1,0,0
"2157",2024,"HUN","ELVI",2,"Access",2119,"HUNT",0,3,2,0,1
"2158",2024,"HUN","ELVI",2,"Access",2120,"PALM",1,0,NA,NA,NA
"2159",2024,"HUN","ELVI",2,"Access",2121,"PALM",1,1,1,0,0
"2160",2024,"HUN","ELVI",2,"Access",2122,"JLP",1,2,0,0,0
"2161",2024,"HUN","ELVI",2,"Access",2123,"PALM",1,4,0,0,0
"2162",2024,"HUN","ELVI",2,"Access",2124,"PALM",1,3,2,0,2
"2163",2024,"HUN","ELVI",2,"Access",2125,"RL5",1,1,0,0,0
"2164",2024,"HUN","ELVI",2,"Access",2126,"PALM",1,7,5,0,0
"2165",2024,"HUN","ELVI",2,"Access",2127,"JLP",1,1,1,30,1
"2166",2024,"HUN","ELVI",2,"Access",2128,"JLP",1,4,4,0,1
"2167",2024,"HUN","ELVI",2,"Access",2129,"PALM",1,4,4,0,1
"2168",2024,"HUN","ELVI",2,"Access",2130,"PALM",0,8,6,0,0
"2169",2024,"HUN","ELVI",3,"Exclusion",2131,"PALM",0,7,6,0,6
"2170",2024,"HUN","ELVI",3,"Exclusion",2132,"PALM",0,3,0,3,3
"2171",2024,"HUN","ELVI",3,"Exclusion",2133,"JLP",0,5,2,0,4
"2172",2024,"HUN","ELVI",3,"Exclusion",2134,"PALM",0,3,0,2,2
"2173",2024,"HUN","ELVI",3,"Exclusion",2135,"PALM",0,8,1,5,5
"2174",2024,"HUN","ELVI",3,"Exclusion",2136,"PALM",1,15,0,1,4
"2175",2024,"HUN","ELVI",3,"Exclusion",2137,"JLP",0,5,0,5,3
"2176",2024,"HUN","ELVI",3,"Exclusion",2138,"PALM",1,2,1,0,2
"2177",2024,"HUN","ELVI",3,"Exclusion",2139,"RL5",0,2,1,1,1
"2178",2024,"HUN","ELVI",3,"Exclusion",2140,"JLP",1,9,5,0,0
"2179",2024,"HUN","ELVI",3,"Exclusion",2141,"RL5",0,4,0,1,1
"2180",2024,"HUN","ELVI",3,"Exclusion",2142,"HUNT",0,3,3,0,2
"2181",2024,"HUN","ELVI",3,"Exclusion",2143,"PALM",0,1,1,0,0
"2182",2024,"HUN","ELVI",3,"Exclusion",2144,"PALM",0,1,1,0,0
"2183",2024,"HUN","ELVI",3,"Exclusion",2145,"JLP",0,3,3,0,0
"2184",2024,"HUN","ELVI",4,"Exclusion",2146,"PALM",0,5,3,0,0
"2185",2024,"HUN","ELVI",4,"Exclusion",2147,"PALM",1,5,0,5,5
"2186",2024,"HUN","ELVI",4,"Exclusion",2148,"PALM",1,4,3,1,1
"2187",2024,"HUN","ELVI",4,"Exclusion",2149,"PALM",1,2,0,0,0
"2188",2024,"HUN","ELVI",4,"Exclusion",2150,"HUNT",0,8,7,1,3
"2189",2024,"HUN","ELVI",4,"Exclusion",2151,"JLP",1,3,2,1,2
"2190",2024,"HUN","ELVI",4,"Exclusion",2152,"PALM",0,3,0,1,0
"2191",2024,"HUN","ELVI",4,"Exclusion",2153,"JLP",1,4,1,0,1
"2192",2024,"HUN","ELVI",4,"Exclusion",2154,"PALM",1,3,2,0,0
"2193",2024,"HUN","ELVI",4,"Exclusion",2155,"SHS",1,3,1,2,2
"2194",2024,"HUN","ELVI",4,"Exclusion",2156,"RL5",1,5,1,2,2
"2195",2024,"HUN","ELVI",4,"Exclusion",2157,"PALM",0,3,3,0,2
"2196",2024,"HUN","ELVI",4,"Exclusion",2158,"RL5",0,3,2,0,0
"2197",2024,"HUN","ELVI",4,"Exclusion",2159,"PALM",1,7,0,4,4
"2198",2024,"HUN","ELVI",4,"Exclusion",2160,"JLP",0,4,2,2,0
"2199",2024,"HUN","ELVI",5,"Access",2209,"PALM",1,4,4,0,1
"2200",2024,"HUN","ELVI",5,"Access",2210,"RL5",0,0,NA,NA,NA
"2201",2024,"HUN","ELVI",5,"Access",2211,"PALM",0,7,2,0,4
"2202",2024,"HUN","ELVI",5,"Access",2212,"PALM",0,4,2,0,2
"2203",2024,"HUN","ELVI",5,"Access",2213,"PALM",0,3,2,0,2
"2204",2024,"HUN","ELVI",5,"Access",2214,"PALM",0,2,2,0,1
"2205",2024,"HUN","ELVI",5,"Access",2215,"JLP",0,7,3,0,2
"2206",2024,"HUN","ELVI",5,"Access",2216,"PALM",0,2,2,0,2
"2207",2024,"HUN","ELVI",5,"Access",2217,"PALM",1,6,4,0,2
"2208",2024,"HUN","ELVI",5,"Access",2218,"HUNT",0,2,2,0,1
"2209",2024,"HUN","ELVI",5,"Access",2219,"RL5",0,1,0,0,0
"2210",2024,"HUN","ELVI",5,"Access",2220,"JLP",0,2,2,0,2
"2211",2024,"HUN","ELVI",5,"Access",2221,"JLP",1,5,5,0,1
"2212",2024,"HUN","ELVI",5,"Access",2222,"JLP",0,2,2,0,0
"2213",2024,"HUN","ELVI",5,"Access",2223,"PALM",0,3,2,1,2
"2214",2024,"HUN","ELVI",6,"Access",2994,"PALM",1,4,2,0,0
"2215",2024,"HUN","ELVI",6,"Access",2995,"RL5",0,0,NA,NA,NA
"2216",2024,"HUN","ELVI",6,"Access",2996,"JLP",0,7,6,0,0
"2217",2024,"HUN","ELVI",6,"Access",2997,"RL5",0,4,0,1,NA
"2218",2024,"HUN","ELVI",6,"Access",2998,"HUNT",0,4,1,0,0
"2219",2024,"HUN","ELVI",6,"Access",2999,"PALM",1,2,0,0,0
"2220",2024,"HUN","ELVI",6,"Access",3000,"SHS",1,3,3,0,0
"2221",2024,"HUN","ELVI",6,"Access",2201,"PALM",1,6,5,0,0
"2222",2024,"HUN","ELVI",6,"Access",2202,"HUNT",1,2,1,1,1
"2223",2024,"HUN","ELVI",6,"Access",2203,"JLP",1,4,1,0,0
"2224",2024,"HUN","ELVI",6,"Access",2204,"PALM",0,0,NA,NA,NA
"2225",2024,"HUN","ELVI",6,"Access",2205,"PALM",0,0,NA,NA,NA
"2226",2024,"HUN","ELVI",6,"Access",2206,"PALM",0,3,0,1,1
"2227",2024,"HUN","ELVI",6,"Access",2207,"PALM",0,4,2,1,1
"2228",2024,"HUN","ELVI",6,"Access",2208,"JLP",0,0,NA,NA,NA
"2229",2024,"HUN","ELVI",7,"Access",2979,"JLP",1,2,2,0,0
"2230",2024,"HUN","ELVI",7,"Access",2980,"PALM",1,4,4,0,0
"2231",2024,"HUN","ELVI",7,"Access",2981,"RL5",1,1,1,0,0
"2232",2024,"HUN","ELVI",7,"Access",2982,"PALM",1,2,0,0,1
"2233",2024,"HUN","ELVI",7,"Access",2983,"PALM",1,8,0,0,0
"2234",2024,"HUN","ELVI",7,"Access",2984,"PALM",0,3,1,0,1
"2235",2024,"HUN","ELVI",7,"Access",2985,"RL5",0,1,1,0,0
"2236",2024,"HUN","ELVI",7,"Access",2986,"HUNT",0,2,2,0,0
"2237",2024,"HUN","ELVI",7,"Access",2987,"PALM",0,6,2,1,2
"2238",2024,"HUN","ELVI",7,"Access",2988,"PALM",1,5,0,0,3
"2239",2024,"HUN","ELVI",7,"Access",2989,"SHS",1,2,1,0,1
"2240",2024,"HUN","ELVI",7,"Access",2990,"PALM",0,4,1,0,1
"2241",2024,"HUN","ELVI",7,"Access",2991,"PALM",1,0,NA,NA,NA
"2242",2024,"HUN","ELVI",7,"Access",2992,"JLP",0,1,1,0,1
"2243",2024,"HUN","ELVI",7,"Access",2993,"JLP",1,13,0,0,3
"2244",2024,"HUN","ELVI",8,"Exclusion",2964,"HUNT",0,2,2,0,0
"2245",2024,"HUN","ELVI",8,"Exclusion",2965,"PALM",0,0,NA,NA,NA
"2246",2024,"HUN","ELVI",8,"Exclusion",2966,"JLP",0,4,3,0,0
"2247",2024,"HUN","ELVI",8,"Exclusion",2967,"PALM",1,13,4,5,5
"2248",2024,"HUN","ELVI",8,"Exclusion",2968,"PALM",0,2,0,0,0
"2249",2024,"HUN","ELVI",8,"Exclusion",2969,"PALM",0,4,0,0,1
"2250",2024,"HUN","ELVI",8,"Exclusion",2970,"PALM",0,9,1,0,0
"2251",2024,"HUN","ELVI",8,"Exclusion",2971,"PALM",1,8,6,0,0
"2252",2024,"HUN","ELVI",8,"Exclusion",2972,"SHS",1,1,1,0,0
"2253",2024,"HUN","ELVI",8,"Exclusion",2973,"JLP",0,0,NA,NA,NA
"2254",2024,"HUN","ELVI",8,"Exclusion",2974,"PALM",1,2,2,0,0
"2255",2024,"HUN","ELVI",8,"Exclusion",2975,"JLP",1,5,4,0,0
"2256",2024,"HUN","ELVI",8,"Exclusion",2976,"RL5",0,1,1,0,0
"2257",2024,"HUN","ELVI",8,"Exclusion",2977,"RL5",0,1,1,0,0
"2258",2024,"HUN","ELVI",8,"Exclusion",2978,"RL5",1,4,2,0,1
"2259",2024,"COL","AGHY",1,"Exclusion",316,"SJC",1,0,NA,NA,NA
"2260",2024,"COL","AGHY",1,"Exclusion",317,"SJC",1,0,NA,NA,NA
"2261",2024,"COL","AGHY",1,"Exclusion",318,"LPEF",1,0,NA,NA,NA
"2262",2024,"COL","AGHY",1,"Exclusion",319,"LPEF",1,0,NA,NA,NA
"2263",2024,"COL","AGHY",1,"Exclusion",320,"COHR",0,0,NA,NA,NA
"2264",2024,"COL","AGHY",1,"Exclusion",321,"COHR",1,3,0,1,0
"2265",2024,"COL","AGHY",1,"Exclusion",322,"COHR",1,0,NA,NA,NA
"2266",2024,"COL","AGHY",1,"Exclusion",323,"SJC",1,8,0,6,0
"2267",2024,"COL","AGHY",1,"Exclusion",324,"SJC",1,0,NA,NA,NA
"2268",2024,"COL","AGHY",1,"Exclusion",325,"LPEF",1,0,NA,NA,NA
"2269",2024,"COL","AGHY",1,"Exclusion",326,"SJC",0,0,NA,NA,NA
"2270",2024,"COL","AGHY",1,"Exclusion",327,"COHR",1,3,0,3,0
"2271",2024,"COL","AGHY",1,"Exclusion",328,"LPEF",0,0,NA,NA,NA
"2272",2024,"COL","AGHY",1,"Exclusion",329,"LPEF",1,0,NA,NA,NA
"2273",2024,"COL","AGHY",1,"Exclusion",330,"COHR",1,0,NA,NA,NA
"2274",2024,"COL","AGHY",2,"Access",234,"LPEF",0,0,NA,NA,NA
"2275",2024,"COL","AGHY",2,"Access",235,"COHR",1,0,NA,NA,NA
"2276",2024,"COL","AGHY",2,"Access",236,"COHR",0,8,1,0,0
"2277",2024,"COL","AGHY",2,"Access",237,"SJC",1,7,0,0,0
"2278",2024,"COL","AGHY",2,"Access",238,"SJC",0,0,NA,NA,NA
"2279",2024,"COL","AGHY",2,"Access",239,"LPEF",0,3,0,0,0
"2280",2024,"COL","AGHY",2,"Access",240,"COHR",0,5,0,0,0
"2281",2024,"COL","AGHY",2,"Access",241,"COHR",0,8,1,0,0
"2282",2024,"COL","AGHY",2,"Access",242,"LPEF",0,3,0,0,0
"2283",2024,"COL","AGHY",2,"Access",243,"SJC",0,12,1,1,0
"2284",2024,"COL","AGHY",2,"Access",244,"LPEF",1,2,0,0,0
"2285",2024,"COL","AGHY",2,"Access",245,"SJC",0,9,0,2,0
"2286",2024,"COL","AGHY",2,"Access",246,"COHR",0,20,0,4,0
"2287",2024,"COL","AGHY",2,"Access",247,"LPEF",0,13,3,2,0
"2288",2024,"COL","AGHY",2,"Access",248,"SJC",0,11,3,0,0
"2289",2024,"COL","AGHY",3,"Exclusion",249,"SJC",1,0,NA,NA,NA
"2290",2024,"COL","AGHY",3,"Exclusion",250,"SJC",1,0,NA,NA,NA
"2291",2024,"COL","AGHY",3,"Exclusion",251,"SJC",1,0,NA,NA,NA
"2292",2024,"COL","AGHY",3,"Exclusion",252,"LPEF",1,0,NA,NA,NA
"2293",2024,"COL","AGHY",3,"Exclusion",253,"SJC",0,0,NA,NA,NA
"2294",2024,"COL","AGHY",3,"Exclusion",254,"COHR",0,0,NA,NA,NA
"2295",2024,"COL","AGHY",3,"Exclusion",255,"COHR",0,0,NA,NA,NA
"2296",2024,"COL","AGHY",3,"Exclusion",256,"COHR",1,0,NA,NA,NA
"2297",2024,"COL","AGHY",3,"Exclusion",257,"COHR",1,0,NA,NA,NA
"2298",2024,"COL","AGHY",3,"Exclusion",258,"LPEF",1,0,NA,NA,NA
"2299",2024,"COL","AGHY",3,"Exclusion",259,"LPEF",0,1,0,1,0
"2300",2024,"COL","AGHY",3,"Exclusion",260,"SJC",0,0,NA,NA,NA
"2301",2024,"COL","AGHY",3,"Exclusion",261,"LPEF",0,0,NA,NA,NA
"2302",2024,"COL","AGHY",3,"Exclusion",262,"LPEF",1,0,NA,NA,NA
"2303",2024,"COL","AGHY",3,"Exclusion",263,"COHR",1,0,NA,NA,NA
"2304",2024,"COL","AGHY",4,"Exclusion",301,"COHR",1,0,NA,NA,NA
"2305",2024,"COL","AGHY",4,"Exclusion",302,"COHR",0,0,NA,NA,NA
"2306",2024,"COL","AGHY",4,"Exclusion",303,"LPEF",1,0,NA,NA,NA
"2307",2024,"COL","AGHY",4,"Exclusion",304,"COHR",0,0,NA,NA,NA
"2308",2024,"COL","AGHY",4,"Exclusion",305,"COHR",0,0,NA,NA,NA
"2309",2024,"COL","AGHY",4,"Exclusion",306,"LPEF",0,0,NA,NA,NA
"2310",2024,"COL","AGHY",4,"Exclusion",307,"LPEF",1,0,NA,NA,NA
"2311",2024,"COL","AGHY",4,"Exclusion",308,"SJC",1,0,NA,NA,NA
"2312",2024,"COL","AGHY",4,"Exclusion",309,"SJC",0,0,NA,NA,NA
"2313",2024,"COL","AGHY",4,"Exclusion",310,"LPEF",0,0,NA,NA,NA
"2314",2024,"COL","AGHY",4,"Exclusion",311,"COHR",1,0,NA,NA,NA
"2315",2024,"COL","AGHY",4,"Exclusion",312,"SJC",0,0,NA,NA,NA
"2316",2024,"COL","AGHY",4,"Exclusion",313,"SJC",1,0,NA,NA,NA
"2317",2024,"COL","AGHY",4,"Exclusion",314,"LPEF",0,0,NA,NA,NA
"2318",2024,"COL","AGHY",4,"Exclusion",315,"SJC",0,0,NA,NA,NA
"2319",2024,"COL","AGHY",5,"Exclusion",404,"SJC",0,0,NA,NA,NA
"2320",2024,"COL","AGHY",5,"Exclusion",405,"LPEF",0,0,NA,NA,NA
"2321",2024,"COL","AGHY",5,"Exclusion",406,"COHR",1,0,NA,NA,NA
"2322",2024,"COL","AGHY",5,"Exclusion",407,"SJC",0,0,NA,NA,NA
"2323",2024,"COL","AGHY",5,"Exclusion",408,"SJC",1,5,0,2,0
"2324",2024,"COL","AGHY",5,"Exclusion",409,"LPEF",0,8,0,3,0
"2325",2024,"COL","AGHY",5,"Exclusion",410,"LPEF",0,4,0,0,0
"2326",2024,"COL","AGHY",5,"Exclusion",411,"COHR",0,0,NA,NA,NA
"2327",2024,"COL","AGHY",5,"Exclusion",412,"COHR",0,7,0,5,0
"2328",2024,"COL","AGHY",5,"Exclusion",413,"COHR",0,0,NA,NA,NA
"2329",2024,"COL","AGHY",5,"Exclusion",414,"COHR",0,0,NA,NA,NA
"2330",2024,"COL","AGHY",5,"Exclusion",415,"LPEF",0,0,NA,NA,NA
"2331",2024,"COL","AGHY",5,"Exclusion",416,"SJC",0,0,NA,NA,NA
"2332",2024,"COL","AGHY",5,"Exclusion",417,"SJC",0,5,0,3,0
"2333",2024,"COL","AGHY",5,"Exclusion",418,"LPEF",1,0,NA,NA,NA
"2334",2024,"COL","AGHY",6,"Access",374,"SJC",0,1,0,0,0
"2335",2024,"COL","AGHY",6,"Access",375,"LPEF",1,0,NA,NA,NA
"2336",2024,"COL","AGHY",6,"Access",376,"SJC",1,6,2,1,0
"2337",2024,"COL","AGHY",6,"Access",377,"COHR",0,0,NA,NA,NA
"2338",2024,"COL","AGHY",6,"Access",378,"COHR",1,4,0,0,0
"2339",2024,"COL","AGHY",6,"Access",379,"LPEF",0,0,NA,NA,NA
"2340",2024,"COL","AGHY",6,"Access",380,"COHR",0,0,NA,NA,NA
"2341",2024,"COL","AGHY",6,"Access",381,"COHR",1,0,NA,NA,NA
"2342",2024,"COL","AGHY",6,"Access",382,"LPEF",0,0,NA,NA,NA
"2343",2024,"COL","AGHY",6,"Access",383,"SJC",0,5,0,1,0
"2344",2024,"COL","AGHY",6,"Access",384,"LPEF",1,0,NA,NA,NA
"2345",2024,"COL","AGHY",6,"Access",385,"COHR",0,0,NA,NA,NA
"2346",2024,"COL","AGHY",6,"Access",386,"SJC",1,0,NA,NA,NA
"2347",2024,"COL","AGHY",6,"Access",387,"LPEF",0,0,NA,NA,NA
"2348",2024,"COL","AGHY",6,"Access",388,"SJC",0,0,NA,NA,NA
"2349",2024,"COL","AGHY",7,"Access",331,"COHR",0,0,NA,NA,NA
"2350",2024,"COL","AGHY",7,"Access",332,"LPEF",1,0,NA,NA,NA
"2351",2024,"COL","AGHY",7,"Access",333,"COHR",0,0,NA,NA,NA
"2352",2024,"COL","AGHY",7,"Access",334,"SJC",1,11,0,5,3
"2353",2024,"COL","AGHY",7,"Access",335,"LPEF",1,0,NA,NA,NA
"2354",2024,"COL","AGHY",7,"Access",336,"SJC",0,0,NA,NA,NA
"2355",2024,"COL","AGHY",7,"Access",337,"LPEF",1,0,NA,NA,NA
"2356",2024,"COL","AGHY",7,"Access",338,"COHR",1,0,NA,NA,NA
"2357",2024,"COL","AGHY",7,"Access",339,"COHR",1,0,NA,NA,NA
"2358",2024,"COL","AGHY",7,"Access",340,"COHR",1,0,NA,NA,NA
"2359",2024,"COL","AGHY",7,"Access",341,"LPEF",0,0,NA,NA,NA
"2360",2024,"COL","AGHY",7,"Access",342,"SJC",1,0,NA,NA,NA
"2361",2024,"COL","AGHY",7,"Access",343,"SJC",0,0,NA,NA,NA
"2362",2024,"COL","AGHY",8,"Access",359,"LPEF",0,0,NA,NA,NA
"2363",2024,"COL","AGHY",8,"Access",360,"COHR",0,0,NA,NA,NA
"2364",2024,"COL","AGHY",8,"Access",361,"LPEF",1,0,NA,NA,NA
"2365",2024,"COL","AGHY",8,"Access",362,"COHR",1,0,NA,NA,NA
"2366",2024,"COL","AGHY",8,"Access",363,"SJC",1,0,NA,NA,NA
"2367",2024,"COL","AGHY",8,"Access",364,"SJC",1,5,1,0,0
"2368",2024,"COL","AGHY",8,"Access",365,"SJC",1,0,NA,NA,NA
"2369",2024,"COL","AGHY",8,"Access",366,"SJC",0,0,NA,NA,NA
"2370",2024,"COL","AGHY",8,"Access",367,"COHR",1,12,0,1,0
"2371",2024,"COL","AGHY",8,"Access",368,"LPEF",1,0,NA,NA,NA
"2372",2024,"COL","AGHY",8,"Access",369,"SJC",1,0,NA,NA,NA
"2373",2024,"COL","AGHY",8,"Access",370,"COHR",1,0,NA,NA,NA
"2374",2024,"COL","AGHY",8,"Access",371,"COHR",1,0,NA,NA,NA
"2375",2024,"COL","AGHY",8,"Access",372,"LPEF",1,0,NA,NA,NA
"2376",2024,"COL","AGHY",8,"Access",373,"LPEF",0,0,NA,NA,NA
"2377",2024,"COL","POAU",1,"Access",264,"LA7",0,0,NA,NA,NA
"2378",2024,"COL","POAU",1,"Access",265,"SFAEF",0,0,NA,NA,NA
"2379",2024,"COL","POAU",1,"Access",266,"SFAEF",0,0,NA,NA,NA
"2380",2024,"COL","POAU",1,"Access",267,"LA7",1,0,NA,NA,NA
"2381",2024,"COL","POAU",1,"Access",268,"LA2",0,0,NA,NA,NA
"2382",2024,"COL","POAU",1,"Access",269,"LA2",0,0,NA,NA,NA
"2383",2024,"COL","POAU",1,"Access",270,"LA7",0,0,NA,NA,NA
"2384",2024,"COL","POAU",1,"Access",271,"LA2",0,0,NA,NA,NA
"2385",2024,"COL","POAU",1,"Access",272,"SFAEF",0,0,NA,NA,NA
"2386",2024,"COL","POAU",1,"Access",273,"LA2",1,0,NA,NA,NA
"2387",2024,"COL","POAU",1,"Access",274,"LA7",0,0,NA,NA,NA
"2388",2024,"COL","POAU",1,"Access",275,"SFAEF",1,0,NA,NA,NA
"2389",2024,"COL","POAU",1,"Access",276,"LA7",0,0,NA,NA,NA
"2390",2024,"COL","POAU",1,"Access",277,"SFAEF",0,0,NA,NA,NA
"2391",2024,"COL","POAU",1,"Access",278,"LA2",0,0,NA,NA,NA
"2392",2024,"COL","POAU",2,"Exclusion",279,"LA7",0,0,NA,NA,NA
"2393",2024,"COL","POAU",2,"Exclusion",280,"LA7",0,2,0,0,0
"2394",2024,"COL","POAU",2,"Exclusion",281,"LA2",1,0,NA,NA,NA
"2395",2024,"COL","POAU",2,"Exclusion",282,"SFAEF",0,0,NA,NA,NA
"2396",2024,"COL","POAU",2,"Exclusion",283,"LA2",0,5,0,0,0
"2397",2024,"COL","POAU",2,"Exclusion",284,"LA7",0,3,0,0,0
"2398",2024,"COL","POAU",2,"Exclusion",285,"LA2",0,0,NA,NA,NA
"2399",2024,"COL","POAU",2,"Exclusion",286,"SFAEF",1,1,0,0,0
"2400",2024,"COL","POAU",2,"Exclusion",287,"LA7",0,2,0,0,0
"2401",2024,"COL","POAU",2,"Exclusion",288,"SFAEF",0,1,0,0,0
"2402",2024,"COL","POAU",2,"Exclusion",289,"SFAEF",0,1,0,0,0
"2403",2024,"COL","POAU",2,"Exclusion",290,"SFAEF",0,1,0,0,0
"2404",2024,"COL","POAU",2,"Exclusion",291,"LA2",0,2,0,0,0
"2405",2024,"COL","POAU",2,"Exclusion",292,"LA7",1,0,NA,NA,NA
"2406",2024,"COL","POAU",2,"Exclusion",293,"LA2",0,1,0,0,0
"2407",2024,"COL","POAU",3,"Access",463,"LA2",1,0,NA,NA,NA
"2408",2024,"COL","POAU",3,"Access",464,"LA2",1,0,NA,NA,NA
"2409",2024,"COL","POAU",3,"Access",465,"LA2",0,0,NA,NA,NA
"2410",2024,"COL","POAU",3,"Access",466,"SFAEF",0,0,NA,NA,NA
"2411",2024,"COL","POAU",3,"Access",467,"SFAEF",1,0,NA,NA,NA
"2412",2024,"COL","POAU",3,"Access",468,"SFAEF",1,0,NA,NA,NA
"2413",2024,"COL","POAU",3,"Access",469,"LA7",1,3,0,0,0
"2414",2024,"COL","POAU",3,"Access",470,"LA1",1,0,NA,NA,NA
"2415",2024,"COL","POAU",3,"Access",471,"LA1",0,1,0,0,0
"2416",2024,"COL","POAU",3,"Access",472,"SFAEF",1,0,NA,NA,NA
"2417",2024,"COL","POAU",3,"Access",473,"LA2",1,0,NA,NA,NA
"2418",2024,"COL","POAU",3,"Access",474,"LA2",0,0,NA,NA,NA
"2419",2024,"COL","POAU",3,"Access",475,"LA1",0,4,0,0,0
"2420",2024,"COL","POAU",3,"Access",476,"LA7",1,0,NA,NA,NA
"2421",2024,"COL","POAU",3,"Access",477,"SFAEF",0,0,NA,NA,NA
"2422",2024,"COL","POAU",4,"Exclusion",389,"LA2",0,0,NA,NA,NA
"2423",2024,"COL","POAU",4,"Exclusion",390,"LA1",0,0,NA,NA,NA
"2424",2024,"COL","POAU",4,"Exclusion",391,"LA2",1,0,NA,NA,NA
"2425",2024,"COL","POAU",4,"Exclusion",392,"SFAEF",0,0,NA,NA,NA
"2426",2024,"COL","POAU",4,"Exclusion",393,"LA1",1,0,NA,NA,NA
"2427",2024,"COL","POAU",4,"Exclusion",394,"SFAEF",1,0,NA,NA,NA
"2428",2024,"COL","POAU",4,"Exclusion",395,"SFAEF",1,0,NA,NA,NA
"2429",2024,"COL","POAU",4,"Exclusion",396,"LA1",0,0,NA,NA,NA
"2430",2024,"COL","POAU",4,"Exclusion",397,"LA2",0,1,0,0,0
"2431",2024,"COL","POAU",4,"Exclusion",398,"LA1",0,0,NA,NA,NA
"2432",2024,"COL","POAU",4,"Exclusion",399,"SFAEF",0,0,NA,NA,NA
"2433",2024,"COL","POAU",4,"Exclusion",400,"LA1",1,0,NA,NA,NA
"2434",2024,"COL","POAU",4,"Exclusion",401,"SFAEF",0,0,NA,NA,NA
"2435",2024,"COL","POAU",4,"Exclusion",402,"LA2",1,0,NA,NA,NA
"2436",2024,"COL","POAU",4,"Exclusion",403,"LA2",0,0,NA,NA,NA
"2437",2024,"COL","POAU",5,"Exclusion",344,"SFAEF",1,1,0,0,0
"2438",2024,"COL","POAU",5,"Exclusion",345,"LA2",0,0,NA,NA,NA
"2439",2024,"COL","POAU",5,"Exclusion",346,"LA2",1,0,NA,NA,NA
"2440",2024,"COL","POAU",5,"Exclusion",347,"SFAEF",1,0,NA,NA,NA
"2441",2024,"COL","POAU",5,"Exclusion",348,"SFAEF",1,0,NA,NA,NA
"2442",2024,"COL","POAU",5,"Exclusion",349,"LA2",1,0,NA,NA,NA
"2443",2024,"COL","POAU",5,"Exclusion",350,"LA7",1,1,0,0,0
"2444",2024,"COL","POAU",5,"Exclusion",351,"LA1",1,0,NA,NA,NA
"2445",2024,"COL","POAU",5,"Exclusion",352,"LA1",0,0,NA,NA,NA
"2446",2024,"COL","POAU",5,"Exclusion",353,"SFAEF",0,0,NA,NA,NA
"2447",2024,"COL","POAU",5,"Exclusion",354,"LA7",1,0,NA,NA,NA
"2448",2024,"COL","POAU",5,"Exclusion",355,"LA1",0,0,NA,NA,NA
"2449",2024,"COL","POAU",5,"Exclusion",356,"LA2",1,0,NA,NA,NA
"2450",2024,"COL","POAU",5,"Exclusion",357,"LA2",0,0,NA,NA,NA
"2451",2024,"COL","POAU",5,"Exclusion",358,"SFAEF",0,0,NA,NA,NA
"2452",2024,"COL","POAU",6,"Access",419,"LA2",1,0,NA,NA,NA
"2453",2024,"COL","POAU",6,"Access",810,"SFAEF",0,0,NA,NA,NA
"2454",2024,"COL","POAU",6,"Access",420,"SFAEF",0,0,NA,NA,NA
"2455",2024,"COL","POAU",6,"Access",421,"LA2",1,0,NA,NA,NA
"2456",2024,"COL","POAU",6,"Access",422,"LA1",0,1,0,0,0
"2457",2024,"COL","POAU",6,"Access",423,"SFAEF",0,0,NA,NA,NA
"2458",2024,"COL","POAU",6,"Access",424,"SFAEF",1,1,0,0,0
"2459",2024,"COL","POAU",6,"Access",425,"LA2",0,1,0,0,0
"2460",2024,"COL","POAU",6,"Access",426,"LA2",0,5,0,0,0
"2461",2024,"COL","POAU",6,"Access",427,"LA1",0,0,NA,NA,NA
"2462",2024,"COL","POAU",6,"Access",428,"LA1",1,0,NA,NA,NA
"2463",2024,"COL","POAU",6,"Access",429,"SFAEF",1,2,0,0,0
"2464",2024,"COL","POAU",6,"Access",430,"LA1",0,1,0,0,0
"2465",2024,"COL","POAU",6,"Access",431,"LA2",0,0,NA,NA,NA
"2466",2024,"COL","POAU",6,"Access",432,"LA1",1,0,NA,NA,NA
"2467",2024,"COL","POAU",7,"Exclusion",433,"LA2",1,2,0,0,0
"2468",2024,"COL","POAU",7,"Exclusion",434,"SFAEF",1,7,0,0,0
"2469",2024,"COL","POAU",7,"Exclusion",435,"LA2",1,4,0,0,0
"2470",2024,"COL","POAU",7,"Exclusion",436,"LA1",1,0,NA,NA,NA
"2471",2024,"COL","POAU",7,"Exclusion",437,"SFAEF",1,1,0,0,0
"2472",2024,"COL","POAU",7,"Exclusion",438,"LA2",0,14,0,0,0
"2473",2024,"COL","POAU",7,"Exclusion",439,"LA2",1,15,0,0,2
"2474",2024,"COL","POAU",7,"Exclusion",440,"SFAEF",1,6,0,0,1
"2475",2024,"COL","POAU",7,"Exclusion",441,"SFAEF",0,0,NA,NA,NA
"2476",2024,"COL","POAU",7,"Exclusion",442,"LA1",1,4,0,0,0
"2477",2024,"COL","POAU",7,"Exclusion",443,"LA2",1,2,0,0,0
"2478",2024,"COL","POAU",7,"Exclusion",444,"LA2",1,0,NA,NA,NA
"2479",2024,"COL","POAU",7,"Exclusion",445,"LA1",0,1,0,0,0
"2480",2024,"COL","POAU",7,"Exclusion",446,"SFAEF",1,0,NA,NA,NA
"2481",2024,"COL","POAU",7,"Exclusion",447,"LA2",1,1,0,0,0
"2482",2024,"COL","POAU",8,"Access",448,"LA1",1,1,0,0,0
"2483",2024,"COL","POAU",8,"Access",449,"LA2",1,2,0,0,0
"2484",2024,"COL","POAU",8,"Access",450,"LA2",1,0,NA,NA,NA
"2485",2024,"COL","POAU",8,"Access",451,"SFAEF",1,1,0,0,0
"2486",2024,"COL","POAU",8,"Access",452,"SFAEF",1,3,0,0,0
"2487",2024,"COL","POAU",8,"Access",453,"SFAEF",0,8,0,0,0
"2488",2024,"COL","POAU",8,"Access",454,"LA2",1,6,0,0,0
"2489",2024,"COL","POAU",8,"Access",455,"LA2",0,0,NA,NA,NA
"2490",2024,"COL","POAU",8,"Access",456,"LA1",1,0,NA,NA,NA
"2491",2024,"COL","POAU",8,"Access",457,"SFAEF",1,0,NA,NA,NA
"2492",2024,"COL","POAU",8,"Access",458,"SFAEF",1,4,0,0,0
"2493",2024,"COL","POAU",8,"Access",459,"LA1",0,6,0,0,0
"2494",2024,"COL","POAU",8,"Access",460,"LA2",1,0,NA,NA,NA
"2495",2024,"COL","POAU",8,"Access",461,"LA2",1,0,NA,NA,NA
"2496",2024,"COL","POAU",8,"Access",462,"LA2",1,0,NA,NA,NA
"2497",2024,"COL","ELVI",1,"Exclusion",2176,"PALM",0,4,3,0,1
"2498",2024,"COL","ELVI",1,"Exclusion",2177,"HUNT",0,0,NA,NA,NA
"2499",2024,"COL","ELVI",1,"Exclusion",2178,"JLP",1,0,NA,NA,NA
"2500",2024,"COL","ELVI",1,"Exclusion",2179,"PALM",0,0,NA,NA,NA
"2501",2024,"COL","ELVI",1,"Exclusion",2180,"JLP",0,2,0,1,1
"2502",2024,"COL","ELVI",1,"Exclusion",2181,"HUNT",1,0,NA,NA,NA
"2503",2024,"COL","ELVI",1,"Exclusion",2182,"JLP",0,2,0,0,1
"2504",2024,"COL","ELVI",1,"Exclusion",2183,"PALM",0,3,0,0,2
"2505",2024,"COL","ELVI",1,"Exclusion",2184,"PALM",0,0,NA,NA,NA
"2506",2024,"COL","ELVI",1,"Exclusion",2185,"PALM",0,0,NA,NA,NA
"2507",2024,"COL","ELVI",1,"Exclusion",2186,"JLP",0,0,NA,NA,NA
"2508",2024,"COL","ELVI",1,"Exclusion",2187,"PALM",0,2,0,0,0
"2509",2024,"COL","ELVI",1,"Exclusion",2188,"PALM",1,0,NA,NA,NA
"2510",2024,"COL","ELVI",1,"Exclusion",2189,"RL5",0,2,2,0,1
"2511",2024,"COL","ELVI",1,"Exclusion",2190,"RL5",0,0,NA,NA,NA
"2512",2024,"COL","ELVI",2,"Exclusion",2224,"PALM",1,0,NA,NA,NA
"2513",2024,"COL","ELVI",2,"Exclusion",2225,"JLP",0,0,NA,NA,NA
"2514",2024,"COL","ELVI",2,"Exclusion",2226,"JLP",1,0,NA,NA,NA
"2515",2024,"COL","ELVI",2,"Exclusion",2227,"RL5",0,0,NA,NA,NA
"2516",2024,"COL","ELVI",2,"Exclusion",2228,"RL5",1,0,NA,NA,NA
"2517",2024,"COL","ELVI",2,"Exclusion",2229,"PALM",0,0,NA,NA,NA
"2518",2024,"COL","ELVI",2,"Exclusion",2230,"PALM",1,0,NA,NA,NA
"2519",2024,"COL","ELVI",2,"Exclusion",2231,"RL5",0,1,0,0,0
"2520",2024,"COL","ELVI",2,"Exclusion",2232,"PALM",1,0,NA,NA,NA
"2521",2024,"COL","ELVI",2,"Exclusion",2233,"PALM",0,0,NA,NA,NA
"2522",2024,"COL","ELVI",2,"Exclusion",2234,"PALM",0,0,NA,NA,NA
"2523",2024,"COL","ELVI",2,"Exclusion",2235,"PALM",1,0,NA,NA,NA
"2524",2024,"COL","ELVI",2,"Exclusion",2236,"JLP",0,0,NA,NA,NA
"2525",2024,"COL","ELVI",2,"Exclusion",2237,"PALM",0,0,NA,NA,NA
"2526",2024,"COL","ELVI",2,"Exclusion",2238,"HUNT",0,0,NA,NA,NA
"2527",2024,"COL","ELVI",3,"Access",2239,"PALM",1,0,NA,NA,NA
"2528",2024,"COL","ELVI",3,"Access",2240,"JLP",1,2,0,0,2
"2529",2024,"COL","ELVI",3,"Access",2241,"PALM",0,0,NA,NA,NA
"2530",2024,"COL","ELVI",3,"Access",2242,"RL5",1,0,NA,NA,NA
"2531",2024,"COL","ELVI",3,"Access",2243,"JLP",0,0,NA,NA,NA
"2532",2024,"COL","ELVI",3,"Access",2244,"JLP",0,0,NA,NA,NA
"2533",2024,"COL","ELVI",3,"Access",2245,"PALM",0,0,NA,NA,NA
"2534",2024,"COL","ELVI",3,"Access",2246,"PALM",0,0,NA,NA,NA
"2535",2024,"COL","ELVI",3,"Access",2247,"JLP",0,0,NA,NA,NA
"2536",2024,"COL","ELVI",3,"Access",2248,"PALM",0,0,NA,NA,NA
"2537",2024,"COL","ELVI",3,"Access",2249,"HUNT",0,0,NA,NA,NA
"2538",2024,"COL","ELVI",3,"Access",2250,"RL5",0,0,NA,NA,NA
"2539",2024,"COL","ELVI",3,"Access",2251,"HUNT",0,0,NA,NA,NA
"2540",2024,"COL","ELVI",3,"Access",2252,"PALM",0,0,NA,NA,NA
"2541",2024,"COL","ELVI",3,"Access",2253,"RL5",0,0,NA,NA,NA
"2542",2024,"COL","ELVI",4,"Access",2254,"PALM",0,0,NA,NA,NA
"2543",2024,"COL","ELVI",4,"Access",2255,"PALM",1,0,NA,NA,NA
"2544",2024,"COL","ELVI",4,"Access",2256,"JLP",1,0,NA,NA,NA
"2545",2024,"COL","ELVI",4,"Access",2257,"SHS",1,2,2,0,0
"2546",2024,"COL","ELVI",4,"Access",2259,"PALM",1,0,NA,NA,NA
"2547",2024,"COL","ELVI",4,"Access",2260,"HUNT",0,0,NA,NA,NA
"2548",2024,"COL","ELVI",4,"Access",2261,"PALM",0,0,NA,NA,NA
"2549",2024,"COL","ELVI",4,"Access",2262,"JLP",0,1,1,0,0
"2550",2024,"COL","ELVI",4,"Access",2263,"JLP",0,0,NA,NA,NA
"2551",2024,"COL","ELVI",4,"Access",2264,"PALM",1,1,0,0,0
"2552",2024,"COL","ELVI",4,"Access",2265,"RL5",0,NA,NA,NA,NA
"2553",2024,"COL","ELVI",4,"Access",2266,"RL5",0,1,1,0,0
"2554",2024,"COL","ELVI",4,"Access",2267,"PALM",0,0,NA,NA,NA
"2555",2024,"COL","ELVI",4,"Access",2268,"RL5",1,0,NA,NA,NA
"2556",2024,"COL","ELVI",4,"Access",2258,"PALM",0,0,NA,NA,NA
"2557",2024,"COL","ELVI",5,"Exclusion",2269,"PALM",1,1,1,0,0
"2558",2024,"COL","ELVI",5,"Exclusion",2270,"JLP",0,0,NA,NA,NA
"2559",2024,"COL","ELVI",5,"Exclusion",2271,"PALM",0,0,NA,NA,NA
"2560",2024,"COL","ELVI",5,"Exclusion",2272,"JLP",1,0,NA,NA,NA
"2561",2024,"COL","ELVI",5,"Exclusion",2273,"PALM",1,0,NA,NA,NA
"2562",2024,"COL","ELVI",5,"Exclusion",2274,"PALM",1,1,1,0,1
"2563",2024,"COL","ELVI",5,"Exclusion",2275,"RL5",1,4,1,0,0
"2564",2024,"COL","ELVI",5,"Exclusion",2276,"JLP",1,NA,NA,NA,NA
"2565",2024,"COL","ELVI",5,"Exclusion",2277,"PALM",1,1,0,0,0
"2566",2024,"COL","ELVI",5,"Exclusion",2278,"PALM",1,0,NA,NA,NA
"2567",2024,"COL","ELVI",5,"Exclusion",2279,"PALM",1,2,1,0,0
"2568",2024,"COL","ELVI",5,"Exclusion",2280,"PALM",1,15,14,0,0
"2569",2024,"COL","ELVI",5,"Exclusion",2281,"HUNT",1,3,2,0,0
"2570",2024,"COL","ELVI",5,"Exclusion",2282,"PALM",1,0,NA,NA,NA
"2571",2024,"COL","ELVI",5,"Exclusion",2283,"RL5",0,0,NA,NA,NA
"2572",2024,"COL","ELVI",6,"Access",2521,"RL5",1,0,NA,NA,NA
"2573",2024,"COL","ELVI",6,"Access",2522,"PALM",0,0,NA,NA,NA
"2574",2024,"COL","ELVI",6,"Access",2523,"PALM",0,0,NA,NA,NA
"2575",2024,"COL","ELVI",6,"Access",2524,"PALM",1,0,NA,NA,NA
"2576",2024,"COL","ELVI",6,"Access",2525,"PALM",1,0,NA,NA,NA
"2577",2024,"COL","ELVI",6,"Access",2526,"PALM",1,0,NA,NA,NA
"2578",2024,"COL","ELVI",6,"Access",2527,"JLP",0,0,NA,NA,NA
"2579",2024,"COL","ELVI",6,"Access",2528,"RL5",0,0,NA,NA,NA
"2580",2024,"COL","ELVI",6,"Access",2529,"HUNT",1,0,NA,NA,NA
"2581",2024,"COL","ELVI",6,"Access",2530,"HUNT",0,0,NA,NA,NA
"2582",2024,"COL","ELVI",6,"Access",2531,"PALM",1,0,NA,NA,NA
"2583",2024,"COL","ELVI",6,"Access",2532,"JLP",1,0,NA,NA,NA
"2584",2024,"COL","ELVI",6,"Access",2533,"PALM",1,0,NA,NA,NA
"2585",2024,"COL","ELVI",6,"Access",2534,"PALM",0,0,NA,NA,NA
"2586",2024,"COL","ELVI",6,"Access",2535,"PALM",1,0,NA,NA,NA
"2587",2024,"COL","ELVI",7,"Access",2191,"PALM",1,0,NA,NA,NA
"2588",2024,"COL","ELVI",7,"Access",2192,"PALM",1,0,NA,NA,NA
"2589",2024,"COL","ELVI",7,"Access",2193,"JLP",1,0,NA,NA,NA
"2590",2024,"COL","ELVI",7,"Access",2194,"PALM",1,0,NA,NA,NA
"2591",2024,"COL","ELVI",7,"Access",2195,"PALM",1,0,NA,NA,NA
"2592",2024,"COL","ELVI",7,"Access",2196,"PALM",0,0,NA,NA,NA
"2593",2024,"COL","ELVI",7,"Access",2197,"RL5",1,0,NA,NA,NA
"2594",2024,"COL","ELVI",7,"Access",2198,"SHS",1,0,NA,NA,NA
"2595",2024,"COL","ELVI",7,"Access",2199,"PALM",1,0,NA,NA,NA
"2596",2024,"COL","ELVI",7,"Access",2200,"JLP",1,0,NA,NA,NA
"2597",2024,"COL","ELVI",7,"Access",2501,"PALM",1,0,NA,NA,NA
"2598",2024,"COL","ELVI",7,"Access",2502,"PALM",1,0,NA,NA,NA
"2599",2024,"COL","ELVI",7,"Access",2503,"PALM",1,0,NA,NA,NA
"2600",2024,"COL","ELVI",7,"Access",2504,"JLP",0,0,NA,NA,NA
"2601",2024,"COL","ELVI",7,"Access",2505,"RL5",0,0,NA,NA,NA
"2602",2024,"COL","ELVI",8,"Exclusion",2506,"PALM",0,0,NA,NA,NA
"2603",2024,"COL","ELVI",8,"Exclusion",2507,"PALM",1,1,0,0,0
"2604",2024,"COL","ELVI",8,"Exclusion",2508,"RL5",1,2,1,0,0
"2605",2024,"COL","ELVI",8,"Exclusion",2509,"PALM",1,1,0,0,0
"2606",2024,"COL","ELVI",8,"Exclusion",2510,"PALM",0,3,3,0,0
"2607",2024,"COL","ELVI",8,"Exclusion",2511,"JLP",0,0,NA,NA,NA
"2608",2024,"COL","ELVI",8,"Exclusion",2512,"PALM",1,0,NA,NA,NA
"2609",2024,"COL","ELVI",8,"Exclusion",2513,"HUNT",0,1,0,0,0
"2610",2024,"COL","ELVI",8,"Exclusion",2514,"PALM",1,0,NA,NA,NA
"2611",2024,"COL","ELVI",8,"Exclusion",2515,"PALM",1,0,NA,NA,NA
"2612",2024,"COL","ELVI",8,"Exclusion",2516,"HUNT",0,5,3,NA,0
"2613",2024,"COL","ELVI",8,"Exclusion",2517,"JLP",1,0,NA,NA,NA
"2614",2024,"COL","ELVI",8,"Exclusion",2518,"RL5",0,3,2,0,0
"2615",2024,"COL","ELVI",8,"Exclusion",2519,"PALM",1,0,NA,NA,NA
"2616",2024,"COL","ELVI",8,"Exclusion",2520,"PALM",1,3,3,0,0
"2617",2024,"BAS","ELVI",1,"Access",2021,"PALM",0,0,NA,NA,NA
"2618",2024,"BAS","ELVI",1,"Access",2022,"HUNT",0,0,NA,NA,NA
"2619",2024,"BAS","ELVI",1,"Access",2023,"JLP",0,0,NA,NA,NA
"2620",2024,"BAS","ELVI",1,"Access",2024,"PALM",1,0,NA,NA,NA
"2621",2024,"BAS","ELVI",1,"Access",2025,"PALM",0,0,NA,NA,NA
"2622",2024,"BAS","ELVI",1,"Access",2026,"RL5",0,2,0,0,0
"2623",2024,"BAS","ELVI",1,"Access",2027,"PALM",1,0,NA,NA,NA
"2624",2024,"BAS","ELVI",1,"Access",2028,"PALM",1,0,NA,NA,NA
"2625",2024,"BAS","ELVI",1,"Access",2029,"RL5",0,1,0,0,1
"2626",2024,"BAS","ELVI",1,"Access",2030,"RL5",1,3,0,0,1
"2627",2024,"BAS","ELVI",1,"Access",2031,"PALM",1,0,NA,NA,NA
"2628",2024,"BAS","ELVI",1,"Access",2032,"PALM",0,0,NA,NA,NA
"2629",2024,"BAS","ELVI",1,"Access",2033,"PALM",0,0,NA,NA,NA
"2630",2024,"BAS","ELVI",2,"Access",2034,"PALM",0,0,NA,NA,NA
"2631",2024,"BAS","ELVI",2,"Access",2035,"PALM",0,0,NA,NA,NA
"2632",2024,"BAS","ELVI",2,"Access",2036,"PALM",1,0,NA,NA,NA
"2633",2024,"BAS","ELVI",2,"Access",2037,"JLP",0,0,NA,NA,NA
"2634",2024,"BAS","ELVI",2,"Access",2038,"SHS",1,0,NA,NA,NA
"2635",2024,"BAS","ELVI",2,"Access",2039,"PALM",0,0,NA,NA,NA
"2636",2024,"BAS","ELVI",2,"Access",2040,"JLP",0,0,NA,NA,NA
"2637",2024,"BAS","ELVI",2,"Access",2041,"PALM",0,0,NA,NA,NA
"2638",2024,"BAS","ELVI",2,"Access",2042,"HUNT",0,0,NA,NA,NA
"2639",2024,"BAS","ELVI",2,"Access",2043,"JLP",0,0,NA,NA,NA
"2640",2024,"BAS","ELVI",2,"Access",2044,"RL5",0,0,NA,NA,NA
"2641",2024,"BAS","ELVI",2,"Access",2045,"JLP",1,0,NA,NA,NA
"2642",2024,"BAS","ELVI",2,"Access",2046,"JLP",0,0,NA,NA,NA
"2643",2024,"BAS","ELVI",2,"Access",2047,"RL5",0,0,NA,NA,NA
"2644",2024,"BAS","ELVI",2,"Access",2048,"PALM",0,0,NA,NA,NA
"2645",2024,"BAS","ELVI",3,"Exclusion",2328,"HUNT",0,0,NA,NA,NA
"2646",2024,"BAS","ELVI",3,"Exclusion",2329,"PALM",1,0,NA,NA,NA
"2647",2024,"BAS","ELVI",3,"Exclusion",2330,"PALM",1,0,NA,NA,NA
"2648",2024,"BAS","ELVI",3,"Exclusion",2331,"PALM",1,0,NA,NA,NA
"2649",2024,"BAS","ELVI",3,"Exclusion",2332,"RL5",0,0,NA,NA,NA
"2650",2024,"BAS","ELVI",3,"Exclusion",2333,"PALM",1,0,NA,NA,NA
"2651",2024,"BAS","ELVI",3,"Exclusion",2334,"HUNT",1,0,NA,NA,NA
"2652",2024,"BAS","ELVI",3,"Exclusion",2335,"JLP",0,0,NA,NA,NA
"2653",2024,"BAS","ELVI",3,"Exclusion",2336,"PALM",1,0,NA,NA,NA
"2654",2024,"BAS","ELVI",3,"Exclusion",2337,"JLP",1,0,NA,NA,NA
"2655",2024,"BAS","ELVI",3,"Exclusion",2338,"PALM",1,0,NA,NA,NA
"2656",2024,"BAS","ELVI",3,"Exclusion",2339,"PALM",1,0,NA,NA,NA
"2657",2024,"BAS","ELVI",3,"Exclusion",2340,"RL5",1,0,NA,NA,NA
"2658",2024,"BAS","ELVI",3,"Exclusion",2341,"JLP",1,0,NA,NA,NA
"2659",2024,"BAS","ELVI",3,"Exclusion",2342,"PALM",1,0,NA,NA,NA
"2660",2024,"BAS","ELVI",4,"Access",2316,"PALM",1,0,NA,NA,NA
"2661",2024,"BAS","ELVI",4,"Access",2317,"PALM",1,0,NA,NA,NA
"2662",2024,"BAS","ELVI",4,"Access",2318,"PALM",1,0,NA,NA,NA
"2663",2024,"BAS","ELVI",4,"Access",2319,"JLP",0,0,NA,NA,NA
"2664",2024,"BAS","ELVI",4,"Access",2320,"PALM",1,0,NA,NA,NA
"2665",2024,"BAS","ELVI",4,"Access",2321,"SHS",1,0,NA,NA,NA
"2666",2024,"BAS","ELVI",4,"Access",2322,"JLP",1,0,NA,NA,NA
"2667",2024,"BAS","ELVI",4,"Access",2323,"PALM",1,0,NA,NA,NA
"2668",2024,"BAS","ELVI",4,"Access",2324,"PALM",1,0,NA,NA,NA
"2669",2024,"BAS","ELVI",4,"Access",2325,"PALM",1,0,NA,NA,NA
"2670",2024,"BAS","ELVI",4,"Access",2326,"HUNT",0,0,NA,NA,NA
"2671",2024,"BAS","ELVI",4,"Access",2327,"RL5",0,2,0,0,0
"2672",2024,"BAS","ELVI",5,"Exclusion",2079,"RL5",0,1,1,0,0
"2673",2024,"BAS","ELVI",5,"Exclusion",2080,"PALM",1,0,NA,NA,NA
"2674",2024,"BAS","ELVI",5,"Exclusion",2081,"SHS",1,0,NA,NA,NA
"2675",2024,"BAS","ELVI",5,"Exclusion",2082,"PALM",0,3,0,0,0
"2676",2024,"BAS","ELVI",5,"Exclusion",2083,"PALM",1,0,NA,NA,NA
"2677",2024,"BAS","ELVI",5,"Exclusion",2100,"PALM",1,0,NA,NA,NA
"2678",2024,"BAS","ELVI",5,"Exclusion",2084,"PALM",1,2,1,0,1
"2679",2024,"BAS","ELVI",5,"Exclusion",2085,"JLP",0,1,1,0,0
"2680",2024,"BAS","ELVI",5,"Exclusion",2086,"JLP",1,0,NA,NA,NA
"2681",2024,"BAS","ELVI",5,"Exclusion",2087,"RL5",1,0,NA,NA,NA
"2682",2024,"BAS","ELVI",5,"Exclusion",2088,"PALM",0,2,1,0,NA
"2683",2024,"BAS","ELVI",5,"Exclusion",2089,"HUNT",0,3,3,0,0
"2684",2024,"BAS","ELVI",5,"Exclusion",2090,"RL5",0,5,4,0,0
"2685",2024,"BAS","ELVI",5,"Exclusion",2091,"PALM",1,3,3,0,0
"2686",2024,"BAS","ELVI",5,"Exclusion",2092,"PALM",1,3,3,0,0
"2687",2024,"BAS","ELVI",6,"Exclusion",2064,"RL5",0,0,NA,NA,NA
"2688",2024,"BAS","ELVI",6,"Exclusion",2065,"PALM",0,0,NA,NA,NA
"2689",2024,"BAS","ELVI",6,"Exclusion",2066,"PALM",1,0,NA,NA,NA
"2690",2024,"BAS","ELVI",6,"Exclusion",2067,"RL5",1,5,2,0,NA
"2691",2024,"BAS","ELVI",6,"Exclusion",2068,"PALM",0,2,0,0,0
"2692",2024,"BAS","ELVI",6,"Exclusion",2069,"PALM",1,0,NA,NA,NA
"2693",2024,"BAS","ELVI",6,"Exclusion",2070,"JLP",0,0,NA,NA,NA
"2694",2024,"BAS","ELVI",6,"Exclusion",2071,"JLP",1,2,0,0,0
"2695",2024,"BAS","ELVI",6,"Exclusion",2072,"HUNT",1,1,1,0,0
"2696",2024,"BAS","ELVI",6,"Exclusion",2073,"PALM",0,2,0,0,1
"2697",2024,"BAS","ELVI",6,"Exclusion",2074,"PALM",0,0,NA,NA,NA
"2698",2024,"BAS","ELVI",6,"Exclusion",2075,"RL5",0,1,0,0,0
"2699",2024,"BAS","ELVI",6,"Exclusion",2076,"JLP",0,0,NA,NA,NA
"2700",2024,"BAS","ELVI",6,"Exclusion",2077,"HUNT",0,1,1,0,0
"2701",2024,"BAS","ELVI",6,"Exclusion",2078,"PALM",1,0,NA,NA,NA
"2702",2024,"BAS","ELVI",7,"Access",2049,"PALM",1,0,NA,NA,NA
"2703",2024,"BAS","ELVI",7,"Access",2050,"PALM",1,0,NA,NA,NA
"2704",2024,"BAS","ELVI",7,"Access",2051,"JLP",1,0,NA,NA,NA
"2705",2024,"BAS","ELVI",7,"Access",2052,"JLP",0,0,NA,NA,NA
"2706",2024,"BAS","ELVI",7,"Access",2053,"RL5",1,0,NA,NA,NA
"2707",2024,"BAS","ELVI",7,"Access",2054,"PALM",0,0,NA,NA,NA
"2708",2024,"BAS","ELVI",7,"Access",2055,"PALM",1,0,NA,NA,NA
"2709",2024,"BAS","ELVI",7,"Access",2056,"PALM",0,0,NA,NA,NA
"2710",2024,"BAS","ELVI",7,"Access",2057,"HUNT",0,0,NA,NA,NA
"2711",2024,"BAS","ELVI",7,"Access",2058,"PALM",0,0,NA,NA,NA
"2712",2024,"BAS","ELVI",7,"Access",2062,"PALM",1,0,NA,NA,NA
"2713",2024,"BAS","ELVI",7,"Access",2059,"PALM",1,0,NA,NA,NA
"2714",2024,"BAS","ELVI",7,"Access",2060,"SHS",1,0,NA,NA,NA
"2715",2024,"BAS","ELVI",7,"Access",2061,"PALM",1,0,NA,NA,NA
"2716",2024,"BAS","ELVI",7,"Access",2063,"RL5",0,0,NA,NA,NA
"2717",2024,"BAS","ELVI",8,"Exclusion",2301,"JLP",1,1,1,0,1
"2718",2024,"BAS","ELVI",8,"Exclusion",2302,"RL5",0,4,3,1,2
"2719",2024,"BAS","ELVI",8,"Exclusion",2303,"PALM",1,13,0,2,5
"2720",2024,"BAS","ELVI",8,"Exclusion",2304,"PALM",0,7,4,0,2
"2721",2024,"BAS","ELVI",8,"Exclusion",2305,"JLP",0,0,NA,NA,NA
"2722",2024,"BAS","ELVI",8,"Exclusion",2306,"PALM",0,0,NA,NA,NA
"2723",2024,"BAS","ELVI",8,"Exclusion",2307,"JLP",0,2,0,0,1
"2724",2024,"BAS","ELVI",8,"Exclusion",2308,"PALM",0,10,7,0,4
"2725",2024,"BAS","ELVI",8,"Exclusion",2309,"PALM",0,4,3,0,3
"2726",2024,"BAS","ELVI",8,"Exclusion",2310,"RL5",0,2,0,0,0
"2727",2024,"BAS","ELVI",8,"Exclusion",2311,"HUNT",0,0,NA,NA,NA
"2728",2024,"BAS","ELVI",8,"Exclusion",2312,"PALM",0,0,NA,NA,NA
"2729",2024,"BAS","ELVI",8,"Exclusion",2313,"JLP",0,6,2,0,0
"2730",2024,"BAS","ELVI",8,"Exclusion",2314,"RL5",1,0,NA,NA,NA
"2731",2024,"BAS","ELVI",8,"Exclusion",2315,"JLP",0,0,NA,NA,NA
"2732",2024,"BAS","AGHY",1,"Exclusion",811,"LPEF",0,0,NA,NA,NA
"2733",2024,"BAS","AGHY",1,"Exclusion",812,"LPEF",1,0,NA,NA,NA
"2734",2024,"BAS","AGHY",1,"Exclusion",813,"LPEF",1,5,2,0,0
"2735",2024,"BAS","AGHY",1,"Exclusion",814,"COHR",0,10,4,0,1
"2736",2024,"BAS","AGHY",1,"Exclusion",815,"COHR",1,0,NA,NA,NA
"2737",2024,"BAS","AGHY",1,"Exclusion",816,"COHR",1,17,9,0,0
"2738",2024,"BAS","AGHY",1,"Exclusion",817,"SJC",1,0,NA,NA,NA
"2739",2024,"BAS","AGHY",1,"Exclusion",818,"SJC",1,0,NA,NA,NA
"2740",2024,"BAS","AGHY",1,"Exclusion",819,"SJC",1,8,2,2,2
"2741",2024,"BAS","AGHY",1,"Exclusion",820,"SJC",1,0,NA,NA,NA
"2742",2024,"BAS","AGHY",1,"Exclusion",821,"COHR",1,0,NA,NA,NA
"2743",2024,"BAS","AGHY",1,"Exclusion",822,"COHR",1,0,NA,NA,NA
"2744",2024,"BAS","AGHY",1,"Exclusion",823,"LPEF",1,0,NA,NA,NA
"2745",2024,"BAS","AGHY",1,"Exclusion",824,"SJC",0,0,NA,NA,NA
"2746",2024,"BAS","AGHY",1,"Exclusion",825,"LPEF",1,0,NA,NA,NA
"2747",2024,"BAS","AGHY",2,"Access",901,"SJC",1,2,1,0,0
"2748",2024,"BAS","AGHY",2,"Access",902,"LPEF",0,0,NA,NA,NA
"2749",2024,"BAS","AGHY",2,"Access",903,"COHR",1,14,3,1,0
"2750",2024,"BAS","AGHY",2,"Access",904,"SJC",1,0,NA,NA,NA
"2751",2024,"BAS","AGHY",2,"Access",905,"COHR",1,0,NA,NA,NA
"2752",2024,"BAS","AGHY",2,"Access",906,"LPEF",1,0,NA,NA,NA
"2753",2024,"BAS","AGHY",2,"Access",907,"SJC",1,0,NA,NA,NA
"2754",2024,"BAS","AGHY",2,"Access",908,"LPEF",1,9,1,2,0
"2755",2024,"BAS","AGHY",2,"Access",909,"COHR",0,0,NA,NA,NA
"2756",2024,"BAS","AGHY",2,"Access",911,"SJC",0,3,1,0,0
"2757",2024,"BAS","AGHY",2,"Access",910,"COHR",1,3,0,1,0
"2758",2024,"BAS","AGHY",2,"Access",912,"LPEF",1,6,3,0,0
"2759",2024,"BAS","AGHY",2,"Access",913,"COHR",1,2,0,1,0
"2760",2024,"BAS","AGHY",2,"Access",914,"SJC",1,0,NA,NA,NA
"2761",2024,"BAS","AGHY",2,"Access",915,"LPEF",1,0,NA,NA,NA
"2762",2024,"BAS","AGHY",3,"Exclusion",826,"LPEF",0,5,3,0,0
"2763",2024,"BAS","AGHY",3,"Exclusion",827,"COHR",0,0,NA,NA,NA
"2764",2024,"BAS","AGHY",3,"Exclusion",828,"SJC",0,0,NA,NA,NA
"2765",2024,"BAS","AGHY",3,"Exclusion",829,"COHR",0,0,NA,NA,NA
"2766",2024,"BAS","AGHY",3,"Exclusion",830,"SJC",0,3,0,0,0
"2767",2024,"BAS","AGHY",3,"Exclusion",831,"COHR",0,2,0,0,0
"2768",2024,"BAS","AGHY",3,"Exclusion",832,"SJC",0,0,NA,NA,NA
"2769",2024,"BAS","AGHY",3,"Exclusion",833,"LPEF",1,0,NA,NA,NA
"2770",2024,"BAS","AGHY",3,"Exclusion",834,"COHR",0,0,NA,NA,NA
"2771",2024,"BAS","AGHY",3,"Exclusion",835,"COHR",0,0,NA,NA,NA
"2772",2024,"BAS","AGHY",3,"Exclusion",836,"LPEF",0,0,NA,NA,NA
"2773",2024,"BAS","AGHY",3,"Exclusion",837,"LPEF",0,0,NA,NA,NA
"2774",2024,"BAS","AGHY",3,"Exclusion",838,"LPEF",0,0,NA,NA,NA
"2775",2024,"BAS","AGHY",3,"Exclusion",839,"SJC",1,1,1,0,0
"2776",2024,"BAS","AGHY",3,"Exclusion",840,"COHR",1,0,NA,NA,NA
"2777",2024,"BAS","AGHY",4,"Exclusion",931,"COHR",1,4,1,1,0
"2778",2024,"BAS","AGHY",4,"Exclusion",932,"COHR",1,3,0,0,0
"2779",2024,"BAS","AGHY",4,"Exclusion",933,"COHR",0,3,0,2,0
"2780",2024,"BAS","AGHY",4,"Exclusion",934,"SJC",1,21,1,6,0
"2781",2024,"BAS","AGHY",4,"Exclusion",935,"LPEF",0,3,1,0,0
"2782",2024,"BAS","AGHY",4,"Exclusion",936,"LPEF",1,0,NA,NA,NA
"2783",2024,"BAS","AGHY",4,"Exclusion",937,"SJC",0,0,NA,NA,NA
"2784",2024,"BAS","AGHY",4,"Exclusion",938,"SJC",0,3,0,1,0
"2785",2024,"BAS","AGHY",4,"Exclusion",939,"COHR",1,4,1,0,0
"2786",2024,"BAS","AGHY",4,"Exclusion",940,"COHR",0,4,3,0,0
"2787",2024,"BAS","AGHY",4,"Exclusion",941,"LPEF",0,0,NA,NA,NA
"2788",2024,"BAS","AGHY",4,"Exclusion",942,"SJC",1,1,0,1,0
"2789",2024,"BAS","AGHY",4,"Exclusion",943,"LPEF",1,3,0,0,0
"2790",2024,"BAS","AGHY",4,"Exclusion",944,"LPEF",1,3,0,2,0
"2791",2024,"BAS","AGHY",4,"Exclusion",945,"SJC",1,1,0,0,0
"2792",2024,"BAS","AGHY",5,"Access",916,"COHR",1,0,NA,NA,NA
"2793",2024,"BAS","AGHY",5,"Access",917,"COHR",1,0,NA,NA,NA
"2794",2024,"BAS","AGHY",5,"Access",918,"COHR",0,0,NA,NA,NA
"2795",2024,"BAS","AGHY",5,"Access",919,"SJC",1,0,NA,NA,NA
"2796",2024,"BAS","AGHY",5,"Access",920,"LPEF",0,0,NA,NA,NA
"2797",2024,"BAS","AGHY",5,"Access",921,"LPEF",1,0,NA,NA,NA
"2798",2024,"BAS","AGHY",5,"Access",922,"SJC",0,0,NA,NA,NA
"2799",2024,"BAS","AGHY",5,"Access",923,"SJC",0,0,NA,NA,NA
"2800",2024,"BAS","AGHY",5,"Access",924,"COHR",1,0,NA,NA,NA
"2801",2024,"BAS","AGHY",5,"Access",925,"COHR",0,3,0,0,0
"2802",2024,"BAS","AGHY",5,"Access",926,"LPEF",0,5,1,3,1
"2803",2024,"BAS","AGHY",5,"Access",927,"SJC",1,5,0,2,2
"2804",2024,"BAS","AGHY",5,"Access",928,"LPEF",1,0,NA,NA,NA
"2805",2024,"BAS","AGHY",5,"Access",929,"LPEF",1,0,NA,NA,NA
"2806",2024,"BAS","AGHY",5,"Access",930,"SJC",1,3,1,1,0
"2807",2024,"BAS","AGHY",6,"Exclusion",841,"COHR",0,0,NA,NA,NA
"2808",2024,"BAS","AGHY",6,"Exclusion",842,"COHR",1,4,0,3,0
"2809",2024,"BAS","AGHY",6,"Exclusion",843,"LPEF",0,0,NA,NA,NA
"2810",2024,"BAS","AGHY",6,"Exclusion",844,"LPEF",1,0,NA,NA,NA
"2811",2024,"BAS","AGHY",6,"Exclusion",845,"SJC",1,0,NA,NA,NA
"2812",2024,"BAS","AGHY",6,"Exclusion",846,"SJC",0,0,NA,NA,NA
"2813",2024,"BAS","AGHY",6,"Exclusion",847,"LPEF",1,0,NA,NA,NA
"2814",2024,"BAS","AGHY",6,"Exclusion",848,"SJC",0,0,NA,NA,NA
"2815",2024,"BAS","AGHY",6,"Exclusion",849,"SJC",0,0,NA,NA,NA
"2816",2024,"BAS","AGHY",6,"Exclusion",850,"LPEF",0,0,NA,NA,NA
"2817",2024,"BAS","AGHY",6,"Exclusion",851,"LPEF",0,0,NA,NA,NA
"2818",2024,"BAS","AGHY",6,"Exclusion",852,"SJC",1,0,NA,NA,NA
"2819",2024,"BAS","AGHY",6,"Exclusion",853,"COHR",0,3,2,1,0
"2820",2024,"BAS","AGHY",6,"Exclusion",854,"COHR",1,0,NA,NA,NA
"2821",2024,"BAS","AGHY",6,"Exclusion",855,"COHR",0,5,2,1,0
"2822",2024,"BAS","AGHY",7,"Access",856,"COHR",1,0,NA,NA,NA
"2823",2024,"BAS","AGHY",7,"Access",857,"SJC",1,4,0,1,0
"2824",2024,"BAS","AGHY",7,"Access",858,"LPEF",1,10,3,0,0
"2825",2024,"BAS","AGHY",7,"Access",859,"LPEF",1,0,NA,NA,NA
"2826",2024,"BAS","AGHY",7,"Access",860,"LPEF",0,0,NA,NA,NA
"2827",2024,"BAS","AGHY",7,"Access",861,"COHR",1,2,0,1,0
"2828",2024,"BAS","AGHY",7,"Access",862,"SJC",0,0,NA,NA,NA
"2829",2024,"BAS","AGHY",7,"Access",863,"LPEF",0,3,1,1,1
"2830",2024,"BAS","AGHY",7,"Access",864,"SJC",1,0,NA,NA,NA
"2831",2024,"BAS","AGHY",7,"Access",865,"SJC",0,11,4,1,0
"2832",2024,"BAS","AGHY",7,"Access",866,"COHR",0,7,2,3,0
"2833",2024,"BAS","AGHY",7,"Access",867,"COHR",0,0,NA,NA,NA
"2834",2024,"BAS","AGHY",7,"Access",868,"COHR",0,0,NA,NA,NA
"2835",2024,"BAS","AGHY",7,"Access",869,"SJC",0,0,NA,NA,NA
"2836",2024,"BAS","AGHY",7,"Access",870,"LPEF",0,3,1,0,1
"2837",2024,"BAS","AGHY",8,"Access",946,"SJC",0,0,NA,NA,NA
"2838",2024,"BAS","AGHY",8,"Access",947,"COHR",1,0,NA,NA,NA
"2839",2024,"BAS","AGHY",8,"Access",948,"SJC",0,1,1,0,0
"2840",2024,"BAS","AGHY",8,"Access",949,"COHR",0,0,NA,NA,NA
"2841",2024,"BAS","AGHY",8,"Access",950,"SJC",1,0,NA,NA,NA
"2842",2024,"BAS","AGHY",8,"Access",951,"COHR",0,0,NA,NA,NA
"2843",2024,"BAS","AGHY",8,"Access",952,"SJC",0,1,0,0,0
"2844",2024,"BAS","AGHY",8,"Access",953,"SJC",0,0,NA,NA,NA
"2845",2024,"BAS","AGHY",8,"Access",954,"LPEF",0,0,NA,NA,NA
"2846",2024,"BAS","AGHY",8,"Access",955,"COHR",0,0,NA,NA,NA
"2847",2024,"BAS","AGHY",8,"Access",956,"LPEF",0,0,NA,NA,NA
"2848",2024,"BAS","AGHY",8,"Access",957,"LPEF",0,0,NA,NA,NA
"2849",2024,"BAS","AGHY",8,"Access",958,"LPEF",1,0,NA,NA,NA
"2850",2024,"BAS","AGHY",8,"Access",959,"COHR",0,1,0,0,0
"2851",2024,"BAS","AGHY",8,"Access",960,"LPEF",0,1,1,0,0
"2852",2024,"BAS","POAU",1,"Exclusion",961,"LA2",0,0,NA,NA,NA
"2853",2024,"BAS","POAU",1,"Exclusion",962,"LA7",0,0,NA,NA,NA
"2854",2024,"BAS","POAU",1,"Exclusion",963,"LA7",1,0,NA,NA,NA
"2855",2024,"BAS","POAU",1,"Exclusion",964,"SFAEF",0,0,NA,NA,NA
"2856",2024,"BAS","POAU",1,"Exclusion",965,"LA7",0,0,NA,NA,NA
"2857",2024,"BAS","POAU",1,"Exclusion",966,"SFAEF",1,0,NA,NA,NA
"2858",2024,"BAS","POAU",1,"Exclusion",967,"SFAEF",0,0,NA,NA,NA
"2859",2024,"BAS","POAU",1,"Exclusion",968,"LA2",0,0,NA,NA,NA
"2860",2024,"BAS","POAU",1,"Exclusion",969,"LA2",0,0,NA,NA,NA
"2861",2024,"BAS","POAU",1,"Exclusion",970,"LA2",0,0,NA,NA,NA
"2862",2024,"BAS","POAU",1,"Exclusion",971,"LA7",0,0,NA,NA,NA
"2863",2024,"BAS","POAU",1,"Exclusion",972,"SFAEF",0,0,NA,NA,NA
"2864",2024,"BAS","POAU",1,"Exclusion",973,"LA2",1,0,NA,NA,NA
"2865",2024,"BAS","POAU",1,"Exclusion",974,"LA7",0,0,NA,NA,NA
"2866",2024,"BAS","POAU",1,"Exclusion",975,"SFAEF",0,0,NA,NA,NA
"2867",2024,"BAS","POAU",2,"Access",871,"LA7",0,0,NA,NA,NA
"2868",2024,"BAS","POAU",2,"Access",872,"LA7",0,0,NA,NA,NA
"2869",2024,"BAS","POAU",2,"Access",873,"LA7",0,1,0,0,1
"2870",2024,"BAS","POAU",2,"Access",874,"LA2",1,0,NA,NA,NA
"2871",2024,"BAS","POAU",2,"Access",875,"LA2",0,0,NA,NA,NA
"2872",2024,"BAS","POAU",2,"Access",876,"SFAEF",0,0,NA,NA,NA
"2873",2024,"BAS","POAU",2,"Access",877,"LA2",0,0,NA,NA,NA
"2874",2024,"BAS","POAU",2,"Access",878,"SFAEF",1,0,NA,NA,NA
"2875",2024,"BAS","POAU",2,"Access",879,"SFAEF",0,0,NA,NA,NA
"2876",2024,"BAS","POAU",2,"Access",880,"LA2",0,0,NA,NA,NA
"2877",2024,"BAS","POAU",2,"Access",881,"LA7",0,0,NA,NA,NA
"2878",2024,"BAS","POAU",2,"Access",882,"SFAEF",0,0,NA,NA,NA
"2879",2024,"BAS","POAU",2,"Access",883,"LA7",1,0,NA,NA,NA
"2880",2024,"BAS","POAU",2,"Access",884,"LA2",0,0,NA,NA,NA
"2881",2024,"BAS","POAU",2,"Access",885,"SFAEF",0,0,NA,NA,NA
"2882",2024,"BAS","POAU",3,"Exclusion",886,"SFAEF",1,0,NA,NA,NA
"2883",2024,"BAS","POAU",3,"Exclusion",887,"SFAEF",0,0,NA,NA,NA
"2884",2024,"BAS","POAU",3,"Exclusion",888,"LA1",0,0,NA,NA,NA
"2885",2024,"BAS","POAU",3,"Exclusion",889,"LA7",1,0,NA,NA,NA
"2886",2024,"BAS","POAU",3,"Exclusion",890,"LA2",1,0,NA,NA,NA
"2887",2024,"BAS","POAU",3,"Exclusion",891,"SFAEF",1,0,NA,NA,NA
"2888",2024,"BAS","POAU",3,"Exclusion",892,"LA2",1,0,NA,NA,NA
"2889",2024,"BAS","POAU",3,"Exclusion",893,"LA7",1,0,NA,NA,NA
"2890",2024,"BAS","POAU",3,"Exclusion",894,"LA2",1,0,NA,NA,NA
"2891",2024,"BAS","POAU",3,"Exclusion",895,"LA2",0,0,NA,NA,NA
"2892",2024,"BAS","POAU",3,"Exclusion",896,"LA7",1,0,NA,NA,NA
"2893",2024,"BAS","POAU",3,"Exclusion",897,"LA2",1,0,NA,NA,NA
"2894",2024,"BAS","POAU",3,"Exclusion",898,"SFAEF",1,0,NA,NA,NA
"2895",2024,"BAS","POAU",3,"Exclusion",899,"SFAEF",1,0,NA,NA,NA
"2896",2024,"BAS","POAU",3,"Exclusion",900,"SFAEF",1,0,NA,NA,NA
"2897",2024,"BAS","POAU",4,"Exclusion",2701,"LA2",1,0,NA,NA,NA
"2898",2024,"BAS","POAU",4,"Exclusion",2702,"SFAEF",0,0,NA,NA,NA
"2899",2024,"BAS","POAU",4,"Exclusion",2703,"LA2",0,0,NA,NA,NA
"2900",2024,"BAS","POAU",4,"Exclusion",2704,"SFAEF",1,0,NA,NA,NA
"2901",2024,"BAS","POAU",4,"Exclusion",2705,"LA1",0,0,NA,NA,NA
"2902",2024,"BAS","POAU",4,"Exclusion",2706,"LA2",0,0,NA,NA,NA
"2903",2024,"BAS","POAU",4,"Exclusion",2707,"LA1",1,0,NA,NA,NA
"2904",2024,"BAS","POAU",4,"Exclusion",2708,"LA2",1,0,NA,NA,NA
"2905",2024,"BAS","POAU",4,"Exclusion",2709,"SFAEF",1,0,NA,NA,NA
"2906",2024,"BAS","POAU",4,"Exclusion",2710,"LA1",0,0,NA,NA,NA
"2907",2024,"BAS","POAU",4,"Exclusion",2711,"SFAEF",0,0,NA,NA,NA
"2908",2024,"BAS","POAU",4,"Exclusion",2712,"SFAEF",0,0,NA,NA,NA
"2909",2024,"BAS","POAU",4,"Exclusion",2713,"LA1",1,0,NA,NA,NA
"2910",2024,"BAS","POAU",4,"Exclusion",2714,"LA1",0,0,NA,NA,NA
"2911",2024,"BAS","POAU",4,"Exclusion",2715,"LA2",0,0,NA,NA,NA
"2912",2024,"BAS","POAU",5,"Access",976,"LA2",1,0,NA,NA,NA
"2913",2024,"BAS","POAU",5,"Access",977,"LA2",0,0,NA,NA,NA
"2914",2024,"BAS","POAU",5,"Access",978,"SFAEF",0,0,NA,NA,NA
"2915",2024,"BAS","POAU",5,"Access",979,"LA2",1,0,NA,NA,NA
"2916",2024,"BAS","POAU",5,"Access",980,"LA1",0,0,NA,NA,NA
"2917",2024,"BAS","POAU",5,"Access",981,"SFAEF",1,0,NA,NA,NA
"2918",2024,"BAS","POAU",5,"Access",982,"LA2",0,0,NA,NA,NA
"2919",2024,"BAS","POAU",5,"Access",983,"LA7",1,0,NA,NA,NA
"2920",2024,"BAS","POAU",5,"Access",984,"LA2",1,0,NA,NA,NA
"2921",2024,"BAS","POAU",5,"Access",985,"SFAEF",1,0,NA,NA,NA
"2922",2024,"BAS","POAU",5,"Access",986,"SFAEF",1,0,NA,NA,NA
"2923",2024,"BAS","POAU",5,"Access",987,"LA1",0,0,NA,NA,NA
"2924",2024,"BAS","POAU",5,"Access",988,"SFAEF",0,0,NA,NA,NA
"2925",2024,"BAS","POAU",5,"Access",989,"LA7",1,0,NA,NA,NA
"2926",2024,"BAS","POAU",5,"Access",990,"LA1",1,0,NA,NA,NA
"2927",2024,"BAS","POAU",6,"Access",2716,"LA7",1,0,NA,NA,NA
"2928",2024,"BAS","POAU",6,"Access",2717,"SFAEF",1,0,NA,NA,NA
"2929",2024,"BAS","POAU",6,"Access",2718,"SFAEF",0,0,NA,NA,NA
"2930",2024,"BAS","POAU",6,"Access",2719,"LA2",0,0,NA,NA,NA
"2931",2024,"BAS","POAU",6,"Access",2720,"SFAEF",1,0,NA,NA,NA
"2932",2024,"BAS","POAU",6,"Access",2721,"LA2",1,0,NA,NA,NA
"2933",2024,"BAS","POAU",6,"Access",2722,"LA2",1,0,NA,NA,NA
"2934",2024,"BAS","POAU",6,"Access",2723,"LA2",1,0,NA,NA,NA
"2935",2024,"BAS","POAU",6,"Access",2724,"SFAEF",1,0,NA,NA,NA
"2936",2024,"BAS","POAU",6,"Access",2725,"SFAEF",1,0,NA,NA,NA
"2937",2024,"BAS","POAU",6,"Access",2726,"LA2",1,0,NA,NA,NA
"2938",2024,"BAS","POAU",6,"Access",2727,"LA7",1,0,NA,NA,NA
"2939",2024,"BAS","POAU",6,"Access",2728,"SFAEF",1,0,NA,NA,NA
"2940",2024,"BAS","POAU",6,"Access",2729,"LA7",1,0,NA,NA,NA
"2941",2024,"BAS","POAU",6,"Access",2730,"LA1",0,0,NA,NA,NA
"2942",2024,"BAS","POAU",7,"Exclusion",2006,"LA2",1,0,NA,NA,NA
"2943",2024,"BAS","POAU",7,"Exclusion",2007,"LA7",1,0,NA,NA,NA
"2944",2024,"BAS","POAU",7,"Exclusion",2008,"SFAEF",1,0,NA,NA,NA
"2945",2024,"BAS","POAU",7,"Exclusion",2009,"LA2",1,0,NA,NA,NA
"2946",2024,"BAS","POAU",7,"Exclusion",2010,"SFAEF",0,0,NA,NA,NA
"2947",2024,"BAS","POAU",7,"Exclusion",2011,"LA2",0,0,NA,NA,NA
"2948",2024,"BAS","POAU",7,"Exclusion",2012,"LA2",1,0,NA,NA,NA
"2949",2024,"BAS","POAU",7,"Exclusion",2013,"LA7",1,0,NA,NA,NA
"2950",2024,"BAS","POAU",7,"Exclusion",2014,"LA2",0,0,NA,NA,NA
"2951",2024,"BAS","POAU",7,"Exclusion",2015,"LA1",0,0,NA,NA,NA
"2952",2024,"BAS","POAU",7,"Exclusion",2016,"LA1",0,0,NA,NA,NA
"2953",2024,"BAS","POAU",7,"Exclusion",2017,"SFAEF",1,0,NA,NA,NA
"2954",2024,"BAS","POAU",7,"Exclusion",2018,"SFAEF",1,0,NA,NA,NA
"2955",2024,"BAS","POAU",7,"Exclusion",2019,"LA1",1,0,NA,NA,NA
"2956",2024,"BAS","POAU",7,"Exclusion",2020,"SFAEF",0,0,NA,NA,NA
"2957",2024,"BAS","POAU",8,"Access",991,"LA2",0,0,NA,NA,NA
"2958",2024,"BAS","POAU",8,"Access",992,"SFAEF",1,0,NA,NA,NA
"2959",2024,"BAS","POAU",8,"Access",993,"LA1",0,0,NA,NA,NA
"2960",2024,"BAS","POAU",8,"Access",994,"SFAEF",0,0,NA,NA,NA
"2961",2024,"BAS","POAU",8,"Access",995,"LA1",1,0,NA,NA,NA
"2962",2024,"BAS","POAU",8,"Access",996,"LA1",1,0,NA,NA,NA
"2963",2024,"BAS","POAU",8,"Access",997,"SFAEF",0,0,NA,NA,NA
"2964",2024,"BAS","POAU",8,"Access",998,"LA1",0,0,NA,NA,NA
"2965",2024,"BAS","POAU",8,"Access",999,"LA2",1,0,NA,NA,NA
"2966",2024,"BAS","POAU",8,"Access",2001,"LA2",1,0,NA,NA,NA
"2967",2024,"BAS","POAU",8,"Access",2002,"SFAEF",1,0,NA,NA,NA
"2968",2024,"BAS","POAU",8,"Access",2003,"SFAEF",0,0,NA,NA,NA
"2969",2024,"BAS","POAU",8,"Access",2004,"LA2",0,0,NA,NA,NA
"2970",2024,"BAS","POAU",8,"Access",2005,"LA2",0,0,NA,NA,NA
"2971",2024,"BFL","AGHY",1,"Access",70,"LPEF",1,NA,NA,NA,NA
"2972",2024,"BFL","AGHY",1,"Access",71,"COHR",0,22,4,7,3
"2973",2024,"BFL","AGHY",1,"Access",72,"COHR",1,19,0,11,5
"2974",2024,"BFL","AGHY",1,"Access",73,"SJC",0,6,2,1,0
"2975",2024,"BFL","AGHY",1,"Access",74,"COHR",1,12,3,4,1
"2976",2024,"BFL","AGHY",1,"Access",75,"SJC",1,35,7,3,2
"2977",2024,"BFL","AGHY",1,"Access",76,"SJC",0,14,0,4,1
"2978",2024,"BFL","AGHY",1,"Access",77,"COHR",0,5,0,2,0
"2979",2024,"BFL","AGHY",1,"Access",78,"LPEF",0,6,1,3,0
"2980",2024,"BFL","AGHY",1,"Access",79,"LPEF",0,77,8,21,1
"2981",2024,"BFL","AGHY",1,"Access",80,"SJC",0,25,1,8,2
"2982",2024,"BFL","AGHY",1,"Access",81,"LPEF",1,29,4,15,0
"2983",2024,"BFL","AGHY",1,"Access",82,"SJC",1,9,2,2,0
"2984",2024,"BFL","AGHY",1,"Access",83,"COHR",0,12,1,7,0
"2985",2024,"BFL","AGHY",1,"Access",84,"LPEF",0,5,1,2,0
"2986",2024,"BFL","AGHY",2,"Access",85,"COHR",0,38,0,0,9
"2987",2024,"BFL","AGHY",2,"Access",86,"LPEF",0,19,0,2,1
"2988",2024,"BFL","AGHY",2,"Access",87,"LPEF",0,20,0,8,0
"2989",2024,"BFL","AGHY",2,"Access",88,"LPEF",0,33,0,14,0
"2990",2024,"BFL","AGHY",2,"Access",89,"SJC",0,6,0,0,2
"2991",2024,"BFL","AGHY",2,"Access",90,"COHR",0,24,0,4,2
"2992",2024,"BFL","AGHY",2,"Access",91,"SJC",0,5,0,2,1
"2993",2024,"BFL","AGHY",2,"Access",92,"LPEF",1,14,0,5,0
"2994",2024,"BFL","AGHY",2,"Access",93,"SJC",1,26,2,12,1
"2995",2024,"BFL","AGHY",2,"Access",94,"SJC",0,12,3,0,0
"2996",2024,"BFL","AGHY",2,"Access",95,"COHR",0,18,0,8,0
"2997",2024,"BFL","AGHY",2,"Access",96,"COHR",0,7,0,4,0
"2998",2024,"BFL","AGHY",2,"Access",97,"SJC",0,23,4,9,0
"2999",2024,"BFL","AGHY",2,"Access",98,"LPEF",0,33,2,12,0
"3000",2024,"BFL","AGHY",2,"Access",99,"COHR",1,38,0,5,0
"3001",2024,"BFL","AGHY",3,"Exclusion",160,"COHR",0,6,0,2,0
"3002",2024,"BFL","AGHY",3,"Exclusion",161,"SJC",1,10,1,6,0
"3003",2024,"BFL","AGHY",3,"Exclusion",162,"LPEF",0,26,0,15,0
"3004",2024,"BFL","AGHY",3,"Exclusion",163,"SJC",0,32,2,5,0
"3005",2024,"BFL","AGHY",3,"Exclusion",164,"COHR",0,11,0,7,0
"3006",2024,"BFL","AGHY",3,"Exclusion",165,"LPEF",1,15,0,5,0
"3007",2024,"BFL","AGHY",3,"Exclusion",166,"COHR",0,26,0,12,0
"3008",2024,"BFL","AGHY",3,"Exclusion",167,"LPEF",0,39,0,16,0
"3009",2024,"BFL","AGHY",3,"Exclusion",168,"SJC",0,16,0,5,0
"3010",2024,"BFL","AGHY",3,"Exclusion",169,"SJC",0,17,0,10,0
"3011",2024,"BFL","AGHY",3,"Exclusion",170,"LPEF",0,53,0,22,0
"3012",2024,"BFL","AGHY",3,"Exclusion",171,"LPEF",0,65,0,25,0
"3013",2024,"BFL","AGHY",3,"Exclusion",172,"COHR",0,32,1,15,0
"3014",2024,"BFL","AGHY",3,"Exclusion",173,"SJC",0,11,0,3,0
"3015",2024,"BFL","AGHY",3,"Exclusion",174,"COHR",1,2,0,1,0
"3016",2024,"BFL","AGHY",4,"Exclusion",190,"LPEF",1,5,1,0,1
"3017",2024,"BFL","AGHY",4,"Exclusion",191,"SJC",0,8,0,0,0
"3018",2024,"BFL","AGHY",4,"Exclusion",192,"COHR",1,0,NA,NA,NA
"3019",2024,"BFL","AGHY",4,"Exclusion",193,"SJC",1,0,NA,NA,NA
"3020",2024,"BFL","AGHY",4,"Exclusion",194,"COHR",0,5,0,3,0
"3021",2024,"BFL","AGHY",4,"Exclusion",195,"SJC",0,2,1,1,0
"3022",2024,"BFL","AGHY",4,"Exclusion",196,"LPEF",1,0,NA,NA,NA
"3023",2024,"BFL","AGHY",4,"Exclusion",197,"SJC",1,0,NA,NA,NA
"3024",2024,"BFL","AGHY",4,"Exclusion",198,"COHR",1,0,NA,NA,NA
"3025",2024,"BFL","AGHY",4,"Exclusion",199,"LPEF",0,2,0,0,0
"3026",2024,"BFL","AGHY",4,"Exclusion",200,"COHR",0,2,0,0,0
"3027",2024,"BFL","AGHY",4,"Exclusion",201,"LPEF",0,0,NA,NA,NA
"3028",2024,"BFL","AGHY",4,"Exclusion",202,"SJC",1,0,NA,NA,NA
"3029",2024,"BFL","AGHY",4,"Exclusion",203,"LPEF",1,3,1,0,1
"3030",2024,"BFL","AGHY",4,"Exclusion",204,"COHR",1,2,0,0,0
"3031",2024,"BFL","AGHY",5,"Exclusion",205,"LPEF",0,9,0,0,1
"3032",2024,"BFL","AGHY",5,"Exclusion",206,"COHR",1,8,6,3,1
"3033",2024,"BFL","AGHY",5,"Exclusion",207,"SJC",1,18,4,3,0
"3034",2024,"BFL","AGHY",5,"Exclusion",208,"COHR",1,6,0,2,3
"3035",2024,"BFL","AGHY",5,"Exclusion",209,"COHR",1,17,2,2,3
"3036",2024,"BFL","AGHY",5,"Exclusion",210,"SJC",1,5,0,2,1
"3037",2024,"BFL","AGHY",5,"Exclusion",211,"LPEF",1,5,0,0,0
"3038",2024,"BFL","AGHY",5,"Exclusion",212,"LPEF",1,3,0,0,0
"3039",2024,"BFL","AGHY",5,"Exclusion",213,"COHR",1,5,0,1,1
"3040",2024,"BFL","AGHY",5,"Exclusion",214,"COHR",0,1,1,0,0
"3041",2024,"BFL","AGHY",5,"Exclusion",215,"SJC",0,0,NA,NA,NA
"3042",2024,"BFL","AGHY",5,"Exclusion",216,"LPEF",1,0,NA,NA,NA
"3043",2024,"BFL","AGHY",5,"Exclusion",217,"COHR",1,4,0,0,0
"3044",2024,"BFL","AGHY",5,"Exclusion",218,"SJC",1,1,0,0,0
"3045",2024,"BFL","AGHY",5,"Exclusion",219,"SJC",1,1,0,0,0
"3046",2024,"BFL","AGHY",6,"Access",115,"SJC",1,0,NA,NA,NA
"3047",2024,"BFL","AGHY",6,"Access",116,"SJC",0,0,NA,NA,NA
"3048",2024,"BFL","AGHY",6,"Access",117,"COHR",1,0,NA,NA,NA
"3049",2024,"BFL","AGHY",6,"Access",118,"LPEF",0,0,NA,NA,NA
"3050",2024,"BFL","AGHY",6,"Access",119,"SJC",0,21,1,13,3
"3051",2024,"BFL","AGHY",6,"Access",120,"SJC",1,14,0,4,0
"3052",2024,"BFL","AGHY",6,"Access",121,"LPEF",1,0,NA,NA,NA
"3053",2024,"BFL","AGHY",6,"Access",122,"COHR",1,0,NA,NA,NA
"3054",2024,"BFL","AGHY",6,"Access",123,"LPEF",1,0,NA,NA,NA
"3055",2024,"BFL","AGHY",6,"Access",124,"SJC",1,6,0,2,3
"3056",2024,"BFL","AGHY",6,"Access",125,"LPEF",0,19,NA,NA,19
"3057",2024,"BFL","AGHY",6,"Access",126,"COHR",0,24,1,13,4
"3058",2024,"BFL","AGHY",6,"Access",127,"COHR",0,4,0,1,1
"3059",2024,"BFL","AGHY",6,"Access",128,"COHR",1,13,NA,NA,13
"3060",2024,"BFL","AGHY",6,"Access",129,"LPEF",1,0,NA,NA,NA
"3061",2024,"BFL","AGHY",7,"Exclusion",221,"LPEF",0,NA,NA,NA,NA
"3062",2024,"BFL","AGHY",7,"Exclusion",222,"LPEF",0,3,0,0,0
"3063",2024,"BFL","AGHY",7,"Exclusion",223,"SJC",1,0,NA,NA,NA
"3064",2024,"BFL","AGHY",7,"Exclusion",224,"SJC",0,0,NA,NA,NA
"3065",2024,"BFL","AGHY",7,"Exclusion",225,"LPEF",0,11,0,3,0
"3066",2024,"BFL","AGHY",7,"Exclusion",226,"SJC",1,0,NA,NA,NA
"3067",2024,"BFL","AGHY",7,"Exclusion",227,"LPEF",1,0,NA,NA,NA
"3068",2024,"BFL","AGHY",7,"Exclusion",228,"COHR",0,0,NA,NA,NA
"3069",2024,"BFL","AGHY",7,"Exclusion",229,"COHR",1,11,0,2,NA
"3070",2024,"BFL","AGHY",7,"Exclusion",230,"LPEF",1,0,NA,NA,NA
"3071",2024,"BFL","AGHY",7,"Exclusion",231,"SJC",0,4,0,1,0
"3072",2024,"BFL","AGHY",7,"Exclusion",232,"COHR",0,26,0,11,3
"3073",2024,"BFL","AGHY",7,"Exclusion",233,"COHR",0,18,0,9,0
"3074",2024,"BFL","AGHY",7,"Exclusion",220,"COHR",1,2,1,0,0
"3075",2024,"BFL","AGHY",8,"Access",130,"SJC",0,1,0,0,0
"3076",2024,"BFL","AGHY",8,"Access",131,"LPEF",1,8,2,1,1
"3077",2024,"BFL","AGHY",8,"Access",132,"LPEF",1,1,0,0,0
"3078",2024,"BFL","AGHY",8,"Access",133,"COHR",1,7,0,0,2
"3079",2024,"BFL","AGHY",8,"Access",134,"SJC",1,4,0,2,0
"3080",2024,"BFL","AGHY",8,"Access",135,"COHR",1,3,0,0,0
"3081",2024,"BFL","AGHY",8,"Access",136,"LPEF",0,4,0,0,0
"3082",2024,"BFL","AGHY",8,"Access",137,"LPEF",1,6,0,0,1
"3083",2024,"BFL","AGHY",8,"Access",138,"COHR",1,4,0,1,0
"3084",2024,"BFL","AGHY",8,"Access",139,"SJC",1,4,0,3,0
"3085",2024,"BFL","AGHY",8,"Access",140,"COHR",1,1,0,0,0
"3086",2024,"BFL","AGHY",8,"Access",141,"SJC",1,0,NA,NA,NA
"3087",2024,"BFL","AGHY",8,"Access",142,"LPEF",1,0,NA,NA,NA
"3088",2024,"BFL","AGHY",8,"Access",143,"COHR",0,0,NA,NA,NA
"3089",2024,"BFL","AGHY",8,"Access",144,"SJC",1,0,NA,NA,NA
"3090",2024,"BFL","POAU",1,"Exclusion",175,"LA1",0,1,0,0,0
"3091",2024,"BFL","POAU",1,"Exclusion",176,"LA1",0,0,NA,NA,NA
"3092",2024,"BFL","POAU",1,"Exclusion",177,"LA2",1,0,NA,NA,NA
"3093",2024,"BFL","POAU",1,"Exclusion",178,"SFAEF",1,3,0,0,0
"3094",2024,"BFL","POAU",1,"Exclusion",179,"SFAEF",0,1,0,0,0
"3095",2024,"BFL","POAU",1,"Exclusion",180,"LA1",1,4,0,0,0
"3096",2024,"BFL","POAU",1,"Exclusion",181,"SFAEF",1,0,NA,NA,NA
"3097",2024,"BFL","POAU",1,"Exclusion",182,"LA2",0,0,NA,NA,NA
"3098",2024,"BFL","POAU",1,"Exclusion",183,"SFAEF",0,0,NA,NA,NA
"3099",2024,"BFL","POAU",1,"Exclusion",184,"SFAEF",1,0,NA,NA,NA
"3100",2024,"BFL","POAU",1,"Exclusion",185,"LA2",1,0,NA,NA,NA
"3101",2024,"BFL","POAU",1,"Exclusion",186,"LA1",0,4,0,0,1
"3102",2024,"BFL","POAU",1,"Exclusion",187,"LA2",1,0,NA,NA,NA
"3103",2024,"BFL","POAU",1,"Exclusion",188,"LA2",1,0,NA,NA,NA
"3104",2024,"BFL","POAU",1,"Exclusion",189,"SFAEF",1,0,NA,NA,NA
"3105",2024,"BFL","POAU",2,"Access",100,"SFAEF",1,3,0,0,0
"3106",2024,"BFL","POAU",2,"Access",101,"LA2",1,2,0,0,0
"3107",2024,"BFL","POAU",2,"Access",102,"LA7",0,0,NA,NA,NA
"3108",2024,"BFL","POAU",2,"Access",103,"LA2",0,0,NA,NA,NA
"3109",2024,"BFL","POAU",2,"Access",104,"LA2",0,1,0,0,0
"3110",2024,"BFL","POAU",2,"Access",105,"LA2",1,2,0,0,0
"3111",2024,"BFL","POAU",2,"Access",106,"SFAEF",0,5,0,0,0
"3112",2024,"BFL","POAU",2,"Access",107,"LA2",0,0,NA,NA,NA
"3113",2024,"BFL","POAU",2,"Access",108,"SFAEF",0,5,0,0,0
"3114",2024,"BFL","POAU",2,"Access",109,"LA7",0,3,0,0,0
"3115",2024,"BFL","POAU",2,"Access",110,"LA7",0,4,0,0,0
"3116",2024,"BFL","POAU",2,"Access",111,"SFAEF",0,0,NA,NA,NA
"3117",2024,"BFL","POAU",2,"Access",112,"LA2",0,2,0,0,0
"3118",2024,"BFL","POAU",2,"Access",113,"SFAEF",0,1,0,0,0
"3119",2024,"BFL","POAU",2,"Access",114,"LA7",0,2,0,0,0
"3120",2024,"BFL","POAU",3,"Access",40,"LA1",0,0,NA,NA,NA
"3121",2024,"BFL","POAU",3,"Access",41,"SFAEF",0,0,NA,NA,NA
"3122",2024,"BFL","POAU",3,"Access",42,"LA7",0,0,NA,NA,NA
"3123",2024,"BFL","POAU",3,"Access",43,"LA2",1,0,NA,NA,NA
"3124",2024,"BFL","POAU",3,"Access",44,"LA1",1,0,NA,NA,NA
"3125",2024,"BFL","POAU",3,"Access",45,"LA2",0,0,NA,NA,NA
"3126",2024,"BFL","POAU",3,"Access",46,"LA1",1,0,NA,NA,NA
"3127",2024,"BFL","POAU",3,"Access",47,"SFAEF",0,0,NA,NA,NA
"3128",2024,"BFL","POAU",3,"Access",48,"SFAEF",0,1,0,0,0
"3129",2024,"BFL","POAU",3,"Access",49,"SFAEF",1,3,0,0,0
"3130",2024,"BFL","POAU",3,"Access",50,"LA1",0,0,NA,NA,NA
"3131",2024,"BFL","POAU",3,"Access",51,"SFAEF",0,2,0,0,0
"3132",2024,"BFL","POAU",3,"Access",52,"SFAEF",1,0,NA,NA,NA
"3133",2024,"BFL","POAU",3,"Access",53,"LA2",1,0,NA,NA,NA
"3134",2024,"BFL","POAU",3,"Access",54,"LA1",0,0,NA,NA,NA
"3135",2024,"BFL","POAU",4,"Exclusion",145,"LA1",1,2,0,0,0
"3136",2024,"BFL","POAU",4,"Exclusion",146,"LA1",1,2,0,0,0
"3137",2024,"BFL","POAU",4,"Exclusion",147,"SFAEF",1,0,NA,NA,NA
"3138",2024,"BFL","POAU",4,"Exclusion",148,"SFAEF",1,1,0,0,0
"3139",2024,"BFL","POAU",4,"Exclusion",149,"LA2",1,2,0,0,0
"3140",2024,"BFL","POAU",4,"Exclusion",150,"SFAEF",0,9,0,0,0
"3141",2024,"BFL","POAU",4,"Exclusion",151,"LA2",1,2,0,0,0
"3142",2024,"BFL","POAU",4,"Exclusion",152,"LA2",1,0,NA,NA,NA
"3143",2024,"BFL","POAU",4,"Exclusion",153,"LA1",1,4,0,0,0
"3144",2024,"BFL","POAU",4,"Exclusion",154,"SFAEF",1,5,0,0,0
"3145",2024,"BFL","POAU",4,"Exclusion",155,"LA1",1,14,5,0,0
"3146",2024,"BFL","POAU",4,"Exclusion",156,"SFAEF",1,0,NA,NA,NA
"3147",2024,"BFL","POAU",4,"Exclusion",157,"LA1",0,6,0,0,0
"3148",2024,"BFL","POAU",4,"Exclusion",158,"LA2",0,0,NA,NA,NA
"3149",2024,"BFL","POAU",4,"Exclusion",159,"LA2",1,0,NA,NA,NA
"3150",2024,"BFL","POAU",5,"Exclusion",1,"LA2",0,1,0,0,0
"3151",2024,"BFL","POAU",5,"Exclusion",2,"LA7",0,0,NA,NA,NA
"3152",2024,"BFL","POAU",5,"Exclusion",3,"LA7",0,2,0,0,0
"3153",2024,"BFL","POAU",5,"Exclusion",4,"LA7",0,2,0,0,0
"3154",2024,"BFL","POAU",5,"Exclusion",5,"LA2",1,0,NA,NA,NA
"3155",2024,"BFL","POAU",5,"Exclusion",6,"LA2",0,0,NA,NA,NA
"3156",2024,"BFL","POAU",5,"Exclusion",7,"SFAEF",0,2,0,0,0
"3157",2024,"BFL","POAU",5,"Exclusion",8,"SFAEF",0,6,0,0,0
"3158",2024,"BFL","POAU",5,"Exclusion",9,"LA7",0,0,NA,NA,NA
"3159",2024,"BFL","POAU",5,"Exclusion",10,"LA2",1,0,NA,NA,NA
"3160",2024,"BFL","POAU",5,"Exclusion",11,"LA1",0,1,0,0,0
"3161",2024,"BFL","POAU",5,"Exclusion",12,"SFAEF",0,2,0,0,0
"3162",2024,"BFL","POAU",5,"Exclusion",13,"SFAEF",1,0,NA,NA,NA
"3163",2024,"BFL","POAU",5,"Exclusion",14,"SFAEF",0,0,NA,NA,NA
"3164",2024,"BFL","POAU",5,"Exclusion",15,"LA2",0,0,NA,NA,NA
"3165",2024,"BFL","POAU",6,"Exclusion",25,"SFAEF",0,0,NA,NA,NA
"3166",2024,"BFL","POAU",6,"Exclusion",26,"SFAEF",1,2,0,0,0
"3167",2024,"BFL","POAU",6,"Exclusion",27,"SFAEF",0,1,0,0,0
"3168",2024,"BFL","POAU",6,"Exclusion",28,"LA2",0,3,1,0,0
"3169",2024,"BFL","POAU",6,"Exclusion",29,"LA1",0,2,0,0,0
"3170",2024,"BFL","POAU",6,"Exclusion",30,"SFAEF",0,9,0,0,0
"3171",2024,"BFL","POAU",6,"Exclusion",31,"LA1",1,2,0,0,0
"3172",2024,"BFL","POAU",6,"Exclusion",32,"LA1",0,0,NA,NA,NA
"3173",2024,"BFL","POAU",6,"Exclusion",33,"SFAEF",1,16,0,0,0
"3174",2024,"BFL","POAU",6,"Exclusion",34,"LA1",0,0,NA,NA,NA
"3175",2024,"BFL","POAU",6,"Exclusion",35,"LA2",1,20,0,0,0
"3176",2024,"BFL","POAU",6,"Exclusion",36,"LA2",1,12,0,0,0
"3177",2024,"BFL","POAU",6,"Exclusion",37,"LA2",0,4,0,0,0
"3178",2024,"BFL","POAU",6,"Exclusion",38,"LA1",1,2,0,0,0
"3179",2024,"BFL","POAU",6,"Exclusion",39,"LA2",0,4,0,0,0
"3180",2024,"BFL","POAU",7,"Access",596,"LA1",1,2,0,0,0
"3181",2024,"BFL","POAU",7,"Access",595,"SFAEF",1,0,NA,NA,NA
"3182",2024,"BFL","POAU",7,"Access",16,"LA1",0,0,NA,NA,NA
"3183",2024,"BFL","POAU",7,"Access",17,"LA2",1,0,NA,NA,NA
"3184",2024,"BFL","POAU",7,"Access",597,"LA1",0,0,NA,NA,NA
"3185",2024,"BFL","POAU",7,"Access",18,"SFAEF",1,0,NA,NA,NA
"3186",2024,"BFL","POAU",7,"Access",19,"SFAEF",1,0,NA,NA,NA
"3187",2024,"BFL","POAU",7,"Access",20,"LA1",0,0,NA,NA,NA
"3188",2024,"BFL","POAU",7,"Access",598,"LA2",1,0,NA,NA,NA
"3189",2024,"BFL","POAU",7,"Access",21,"SFAEF",0,0,NA,NA,NA
"3190",2024,"BFL","POAU",7,"Access",22,"LA2",1,0,NA,NA,NA
"3191",2024,"BFL","POAU",7,"Access",593,"SFAEF",0,0,NA,NA,NA
"3192",2024,"BFL","POAU",7,"Access",594,"LA2",1,0,NA,NA,NA
"3193",2024,"BFL","POAU",7,"Access",24,"LA2",0,0,NA,NA,NA
"3194",2024,"BFL","POAU",8,"Access",55,"LA1",1,1,0,0,0
"3195",2024,"BFL","POAU",8,"Access",56,"SFAEF",1,1,0,0,1
"3196",2024,"BFL","POAU",8,"Access",57,"LA2",1,0,NA,NA,NA
"3197",2024,"BFL","POAU",8,"Access",58,"SFAEF",1,0,NA,NA,NA
"3198",2024,"BFL","POAU",8,"Access",59,"LA2",1,0,NA,NA,NA
"3199",2024,"BFL","POAU",8,"Access",60,"LA2",1,3,0,0,0
"3200",2024,"BFL","POAU",8,"Access",61,"SFAEF",1,0,NA,NA,NA
"3201",2024,"BFL","POAU",8,"Access",62,"LA1",1,0,NA,NA,NA
"3202",2024,"BFL","POAU",8,"Access",63,"LA2",1,3,0,0,0
"3203",2024,"BFL","POAU",8,"Access",64,"LA1",0,3,0,0,0
"3204",2024,"BFL","POAU",8,"Access",65,"SFAEF",1,5,0,0,0
"3205",2024,"BFL","POAU",8,"Access",66,"SFAEF",0,0,NA,NA,NA
"3206",2024,"BFL","POAU",8,"Access",67,"LA1",1,0,NA,NA,NA
"3207",2024,"BFL","POAU",8,"Access",68,"LA1",1,0,NA,NA,NA
"3208",2024,"BFL","POAU",8,"Access",69,"LA2",0,0,NA,NA,NA
"3209",2024,"BFL","ELVI",1,"Access",2647,"HUNT",0,0,NA,NA,NA
"3210",2024,"BFL","ELVI",1,"Access",2648,"PALM",1,0,NA,NA,NA
"3211",2024,"BFL","ELVI",1,"Access",2649,"HUNT",0,0,NA,NA,NA
"3212",2024,"BFL","ELVI",1,"Access",2650,"SHS",1,0,NA,NA,NA
"3213",2024,"BFL","ELVI",1,"Access",2651,"PALM",1,0,NA,NA,NA
"3214",2024,"BFL","ELVI",1,"Access",2652,"PALM",1,0,NA,NA,NA
"3215",2024,"BFL","ELVI",1,"Access",2653,"PALM",1,0,NA,NA,NA
"3216",2024,"BFL","ELVI",1,"Access",2654,"PALM",1,0,NA,NA,NA
"3217",2024,"BFL","ELVI",1,"Access",2655,"RL5",0,0,NA,NA,NA
"3218",2024,"BFL","ELVI",1,"Access",2656,"RL5",1,0,NA,NA,NA
"3219",2024,"BFL","ELVI",1,"Access",2657,"JLP",1,0,NA,NA,NA
"3220",2024,"BFL","ELVI",1,"Access",2658,"PALM",0,0,NA,NA,NA
"3221",2024,"BFL","ELVI",1,"Access",2659,"RL5",0,0,NA,NA,NA
"3222",2024,"BFL","ELVI",2,"Access",2660,"JLP",1,0,NA,NA,NA
"3223",2024,"BFL","ELVI",2,"Access",2661,"PALM",1,0,NA,NA,NA
"3224",2024,"BFL","ELVI",2,"Access",2662,"JLP",0,0,NA,NA,NA
"3225",2024,"BFL","ELVI",2,"Access",2663,"PALM",0,5,0,0,2
"3226",2024,"BFL","ELVI",2,"Access",2664,"JLP",0,0,NA,NA,NA
"3227",2024,"BFL","ELVI",2,"Access",2665,"HUNT",0,0,NA,NA,NA
"3228",2024,"BFL","ELVI",2,"Access",2666,"PALM",0,0,NA,NA,NA
"3229",2024,"BFL","ELVI",2,"Access",2667,"JLP",0,0,NA,NA,NA
"3230",2024,"BFL","ELVI",2,"Access",2668,"JLP",0,0,NA,NA,NA
"3231",2024,"BFL","ELVI",2,"Access",2669,"PALM",0,0,NA,NA,NA
"3232",2024,"BFL","ELVI",2,"Access",2670,"RL5",0,0,NA,NA,NA
"3233",2024,"BFL","ELVI",2,"Access",2671,"RL5",0,1,1,0,0
"3234",2024,"BFL","ELVI",2,"Access",2672,"PALM",0,0,NA,NA,NA
"3235",2024,"BFL","ELVI",2,"Access",2673,"RL5",1,0,NA,NA,NA
"3236",2024,"BFL","ELVI",2,"Access",2674,"HUNT",0,0,NA,NA,NA
"3237",2024,"BFL","ELVI",3,"Access",2675,"JLP",0,0,NA,NA,NA
"3238",2024,"BFL","ELVI",3,"Access",2676,"PALM",1,0,NA,NA,NA
"3239",2024,"BFL","ELVI",3,"Access",2677,"PALM",1,0,NA,NA,NA
"3240",2024,"BFL","ELVI",3,"Access",2678,"JLP",0,0,NA,NA,NA
"3241",2024,"BFL","ELVI",3,"Access",2679,"RL5",0,0,NA,NA,NA
"3242",2024,"BFL","ELVI",3,"Access",2680,"PALM",1,0,NA,NA,NA
"3243",2024,"BFL","ELVI",3,"Access",2681,"PALM",0,0,NA,NA,NA
"3244",2024,"BFL","ELVI",3,"Access",2682,"HUNT",0,0,NA,NA,NA
"3245",2024,"BFL","ELVI",3,"Access",2683,"PALM",0,0,NA,NA,NA
"3246",2024,"BFL","ELVI",3,"Access",2684,"HUNT",0,0,NA,NA,NA
"3247",2024,"BFL","ELVI",3,"Access",2685,"SHS",1,0,NA,NA,NA
"3248",2024,"BFL","ELVI",3,"Access",2686,"PALM",0,0,NA,NA,NA
"3249",2024,"BFL","ELVI",3,"Access",2687,"RL5",1,0,NA,NA,NA
"3250",2024,"BFL","ELVI",3,"Access",2688,"SHS",1,0,NA,NA,NA
"3251",2024,"BFL","ELVI",3,"Access",2689,"RL5",0,0,NA,NA,NA
"3252",2024,"BFL","ELVI",4,"Exclusion",2093,"PALM",1,0,NA,NA,NA
"3253",2024,"BFL","ELVI",4,"Exclusion",2094,"HUNT",0,0,NA,NA,NA
"3254",2024,"BFL","ELVI",4,"Exclusion",2095,"PALM",1,0,NA,NA,NA
"3255",2024,"BFL","ELVI",4,"Exclusion",2096,"PALM",1,0,NA,NA,NA
"3256",2024,"BFL","ELVI",4,"Exclusion",2690,"PALM",1,1,0,0,0
"3257",2024,"BFL","ELVI",4,"Exclusion",2691,"PALM",1,0,NA,NA,NA
"3258",2024,"BFL","ELVI",4,"Exclusion",2692,"PALM",0,0,NA,NA,NA
"3259",2024,"BFL","ELVI",4,"Exclusion",2693,"PALM",1,0,NA,NA,NA
"3260",2024,"BFL","ELVI",4,"Exclusion",2694,"PALM",1,0,NA,NA,NA
"3261",2024,"BFL","ELVI",4,"Exclusion",2695,"JLP",1,0,NA,NA,NA
"3262",2024,"BFL","ELVI",4,"Exclusion",2696,"RL5",1,0,NA,NA,NA
"3263",2024,"BFL","ELVI",4,"Exclusion",2697,"PALM",1,0,NA,NA,NA
"3264",2024,"BFL","ELVI",4,"Exclusion",2698,"SHS",1,0,NA,NA,NA
"3265",2024,"BFL","ELVI",4,"Exclusion",2699,"JLP",1,0,NA,NA,NA
"3266",2024,"BFL","ELVI",4,"Exclusion",2700,"RL5",0,0,NA,NA,NA
"3267",2024,"BFL","ELVI",5,"Exclusion",2445,"PALM",0,0,NA,NA,NA
"3268",2024,"BFL","ELVI",5,"Exclusion",2446,"RL5",0,0,NA,NA,NA
"3269",2024,"BFL","ELVI",5,"Exclusion",2447,"RL5",0,0,NA,NA,NA
"3270",2024,"BFL","ELVI",5,"Exclusion",2448,"PALM",0,0,NA,NA,NA
"3271",2024,"BFL","ELVI",5,"Exclusion",2449,"JLP",0,0,NA,NA,NA
"3272",2024,"BFL","ELVI",5,"Exclusion",2450,"PALM",1,0,NA,NA,NA
"3273",2024,"BFL","ELVI",5,"Exclusion",2451,"PALM",1,0,NA,NA,NA
"3274",2024,"BFL","ELVI",5,"Exclusion",2452,"PALM",0,0,NA,NA,NA
"3275",2024,"BFL","ELVI",5,"Exclusion",2453,"JLP",0,0,NA,NA,NA
"3276",2024,"BFL","ELVI",5,"Exclusion",2454,"PALM",1,0,NA,NA,NA
"3277",2024,"BFL","ELVI",5,"Exclusion",2455,"PALM",1,0,NA,NA,NA
"3278",2024,"BFL","ELVI",5,"Exclusion",2456,"HUNT",0,0,NA,NA,NA
"3279",2024,"BFL","ELVI",5,"Exclusion",2457,"RL5",1,0,NA,NA,NA
"3280",2024,"BFL","ELVI",5,"Exclusion",2458,"PALM",0,2,0,0,0
"3281",2024,"BFL","ELVI",5,"Exclusion",2459,"JLP",1,0,NA,NA,NA
"3282",2024,"BFL","ELVI",6,"Access",2430,"PALM",1,0,NA,NA,NA
"3283",2024,"BFL","ELVI",6,"Access",2431,"PALM",1,0,NA,NA,NA
"3284",2024,"BFL","ELVI",6,"Access",2432,"PALM",1,3,3,0,0
"3285",2024,"BFL","ELVI",6,"Access",2433,"PALM",1,4,4,0,1
"3286",2024,"BFL","ELVI",6,"Access",2434,"PALM",1,0,NA,NA,NA
"3287",2024,"BFL","ELVI",6,"Access",2435,"RL5",1,2,0,0,0
"3288",2024,"BFL","ELVI",6,"Access",2436,"HUNT",0,1,1,0,0
"3289",2024,"BFL","ELVI",6,"Access",2437,"RL5",0,9,9,0,2
"3290",2024,"BFL","ELVI",6,"Access",2438,"PALM",1,1,1,0,0
"3291",2024,"BFL","ELVI",6,"Access",2439,"PALM",1,0,NA,NA,NA
"3292",2024,"BFL","ELVI",6,"Access",2440,"JLP",1,0,NA,NA,NA
"3293",2024,"BFL","ELVI",6,"Access",2441,"PALM",1,0,NA,NA,NA
"3294",2024,"BFL","ELVI",6,"Access",2442,"PALM",1,5,5,0,0
"3295",2024,"BFL","ELVI",6,"Access",2443,"JLP",1,0,NA,NA,NA
"3296",2024,"BFL","ELVI",6,"Access",2444,"PALM",0,1,1,0,0
"3297",2024,"BFL","ELVI",7,"Exclusion",2415,"PALM",1,0,NA,NA,NA
"3298",2024,"BFL","ELVI",7,"Exclusion",2416,"RL5",0,0,NA,NA,NA
"3299",2024,"BFL","ELVI",7,"Exclusion",2417,"PALM",1,0,NA,NA,NA
"3300",2024,"BFL","ELVI",7,"Exclusion",2418,"JLP",1,0,NA,NA,NA
"3301",2024,"BFL","ELVI",7,"Exclusion",2419,"PALM",0,0,NA,NA,NA
"3302",2024,"BFL","ELVI",7,"Exclusion",2420,"PALM",1,0,NA,NA,NA
"3303",2024,"BFL","ELVI",7,"Exclusion",2421,"PALM",1,0,NA,NA,NA
"3304",2024,"BFL","ELVI",7,"Exclusion",2422,"PALM",1,0,NA,NA,NA
"3305",2024,"BFL","ELVI",7,"Exclusion",2423,"PALM",1,0,NA,NA,NA
"3306",2024,"BFL","ELVI",7,"Exclusion",2424,"PALM",0,0,NA,NA,NA
"3307",2024,"BFL","ELVI",7,"Exclusion",2425,"RL5",1,0,NA,NA,NA
"3308",2024,"BFL","ELVI",7,"Exclusion",2426,"PALM",1,0,NA,NA,NA
"3309",2024,"BFL","ELVI",7,"Exclusion",2427,"RL5",0,2,2,0,0
"3310",2024,"BFL","ELVI",7,"Exclusion",2428,"RL5",0,0,NA,NA,NA
"3311",2024,"BFL","ELVI",7,"Exclusion",2429,"HUNT",0,0,NA,NA,NA
"3312",2024,"BFL","ELVI",8,"Exclusion",2401,"JLP",0,0,NA,NA,NA
"3313",2024,"BFL","ELVI",8,"Exclusion",2402,"RL5",0,0,NA,NA,NA
"3314",2024,"BFL","ELVI",8,"Exclusion",2403,"PALM",0,0,NA,NA,NA
"3315",2024,"BFL","ELVI",8,"Exclusion",2404,"JLP",1,0,NA,NA,NA
"3316",2024,"BFL","ELVI",8,"Exclusion",2405,"HUNT",0,0,NA,NA,NA
"3317",2024,"BFL","ELVI",8,"Exclusion",2406,"RL5",0,0,NA,NA,NA
"3318",2024,"BFL","ELVI",8,"Exclusion",2407,"RL5",1,0,NA,NA,NA
"3319",2024,"BFL","ELVI",8,"Exclusion",2408,"PALM",0,0,NA,NA,NA
"3320",2024,"BFL","ELVI",8,"Exclusion",2409,"PALM",0,0,NA,NA,NA
"3321",2024,"BFL","ELVI",8,"Exclusion",2410,"JLP",0,0,NA,NA,NA
"3322",2024,"BFL","ELVI",8,"Exclusion",2411,"JLP",0,0,NA,NA,NA
"3323",2024,"BFL","ELVI",8,"Exclusion",2412,"RL5",0,0,NA,NA,NA
"3324",2024,"BFL","ELVI",8,"Exclusion",2413,"PALM",1,0,NA,NA,NA
"3325",2024,"BFL","ELVI",8,"Exclusion",2414,"PALM",0,0,NA,NA,NA
"3326",2024,"LAF","ELVI",1,"Exclusion",2577,"PALM",1,7,3,0,2
"3327",2024,"LAF","ELVI",1,"Exclusion",2578,"JLP",1,5,5,0,0
"3328",2024,"LAF","ELVI",1,"Exclusion",2579,"JLP",1,4,3,1,0
"3329",2024,"LAF","ELVI",1,"Exclusion",2580,"PALM",1,3,0,0,0
"3330",2024,"LAF","ELVI",1,"Exclusion",2581,"JLP",1,7,6,0,0
"3331",2024,"LAF","ELVI",1,"Exclusion",2582,"RL5",1,5,3,0,0
"3332",2024,"LAF","ELVI",1,"Exclusion",2583,"PALM",1,7,7,0,0
"3333",2024,"LAF","ELVI",1,"Exclusion",2584,"PALM",0,5,5,0,3
"3334",2024,"LAF","ELVI",1,"Exclusion",2585,"HUNT",1,1,1,0,0
"3335",2024,"LAF","ELVI",1,"Exclusion",2586,"JLP",1,3,2,0,0
"3336",2024,"LAF","ELVI",1,"Exclusion",2587,"PALM",1,1,1,0,0
"3337",2024,"LAF","ELVI",1,"Exclusion",2588,"PALM",0,5,5,0,0
"3338",2024,"LAF","ELVI",1,"Exclusion",2589,"JLP",0,3,3,0,0
"3339",2024,"LAF","ELVI",1,"Exclusion",2590,"PALM",1,5,3,2,2
"3340",2024,"LAF","ELVI",1,"Exclusion",2591,"PALM",1,10,10,0,0
"3341",2024,"LAF","ELVI",2,"Access",2558,"PALM",1,1,0,0,1
"3342",2024,"LAF","ELVI",2,"Access",2559,"SHS",1,1,0,0,0
"3343",2024,NA,NA,NA,NA,NA,NA,NA,1,0,0,1
"3344",2024,"LAF","ELVI",2,"Access",2560,"RL5",0,1,0,1,1
"3345",2024,"LAF","ELVI",2,"Access",2561,"PALM",1,0,NA,NA,NA
"3346",2024,"LAF","ELVI",2,"Access",2562,"HUNT",0,0,NA,NA,NA
"3347",2024,"LAF","ELVI",2,"Access",2563,"PALM",0,2,0,0,0
"3348",2024,"LAF","ELVI",2,"Access",2564,"RL5",1,3,0,0,0
"3349",2024,"LAF","ELVI",2,"Access",2565,"PALM",1,2,0,0,1
"3350",2024,"LAF","ELVI",2,"Access",2566,"JLP",1,3,1,0,3
"3351",2024,"LAF","ELVI",2,"Access",2567,"PALM",0,2,0,0,2
"3352",2024,"LAF","ELVI",2,"Access",2568,"JLP",0,1,0,0,0
"3353",2024,"LAF","ELVI",2,"Access",2569,"PALM",0,2,0,0,1
"3354",2024,"LAF","ELVI",2,"Access",2570,"PALM",0,1,0,0,1
"3355",2024,"LAF","ELVI",2,"Access",2571,"JLP",0,2,0,0,0
"3356",2024,"LAF","ELVI",3,"Exclusion",2544,"JLP",0,2,2,0,2
"3357",2024,"LAF","ELVI",3,"Exclusion",2545,"PALM",0,6,6,0,1
"3358",2024,"LAF","ELVI",3,"Exclusion",2546,"JLP",1,6,6,0,1
"3359",2024,"LAF","ELVI",3,"Exclusion",2547,"PALM",1,9,0,1,5
"3360",2024,"LAF","ELVI",3,"Exclusion",2548,"SHS",1,3,3,0,3
"3361",2024,"LAF","ELVI",3,"Exclusion",2549,"PALM",1,6,0,1,4
"3362",2024,"LAF","ELVI",3,"Exclusion",2550,"PALM",0,6,5,0,3
"3363",2024,"LAF","ELVI",3,"Exclusion",2551,"JLP",1,5,5,0,2
"3364",2024,"LAF","ELVI",3,"Exclusion",2552,"HUNT",0,3,3,0,3
"3365",2024,"LAF","ELVI",3,"Exclusion",2553,"RL5",1,0,NA,NA,NA
"3366",2024,"LAF","ELVI",3,"Exclusion",2554,"PALM",0,4,3,1,3
"3367",2024,"LAF","ELVI",3,"Exclusion",2555,"PALM",1,3,3,0,2
"3368",2024,"LAF","ELVI",3,"Exclusion",2556,"RL5",0,0,NA,NA,NA
"3369",2024,"LAF","ELVI",3,"Exclusion",2557,"PALM",1,3,3,0,1
"3370",2024,"LAF","ELVI",4,"Access",2543,"PALM",0,0,NA,NA,NA
"3371",2024,"LAF","ELVI",4,"Access",2536,"RL5",0,0,NA,NA,NA
"3372",2024,"LAF","ELVI",4,"Access",2537,"PALM",1,0,NA,NA,NA
"3373",2024,"LAF","ELVI",4,"Access",2538,"JLP",1,0,NA,NA,NA
"3374",2024,"LAF","ELVI",4,"Access",2542,"HUNT",0,0,NA,NA,NA
"3375",2024,"LAF","ELVI",4,"Access",2539,"PALM",0,0,NA,NA,NA
"3376",2024,"LAF","ELVI",4,"Access",2540,"PALM",0,1,0,0,1
"3377",2024,"LAF","ELVI",4,"Access",2541,"JLP",0,1,0,0,1
"3378",2024,"LAF","ELVI",5,"Access",2638,"PALM",1,2,0,0,0
"3379",2024,"LAF","ELVI",5,"Access",2639,"PALM",1,0,NA,NA,NA
"3380",2024,"LAF","ELVI",5,"Access",2640,"PALM",0,1,0,0,1
"3381",2024,"LAF","ELVI",5,"Access",2641,"RL5",1,0,NA,NA,NA
"3382",2024,"LAF","ELVI",5,"Access",2642,"JLP",0,0,NA,NA,NA
"3383",2024,"LAF","ELVI",5,"Access",2643,"PALM",1,0,NA,NA,NA
"3384",2024,"LAF","ELVI",5,"Access",2644,"JLP",1,0,NA,NA,NA
"3385",2024,"LAF","ELVI",5,"Access",2645,"PALM",1,2,0,0,1
"3386",2024,"LAF","ELVI",5,"Access",2646,"PALM",1,1,0,0,1
"3387",2024,"LAF","ELVI",6,"Access",2630,"PALM",1,0,NA,NA,NA
"3388",2024,"LAF","ELVI",6,"Access",2631,"RL5",1,0,NA,NA,NA
"3389",2024,"LAF","ELVI",6,"Access",2632,"PALM",0,0,NA,NA,NA
"3390",2024,"LAF","ELVI",6,"Access",2633,"PALM",0,0,NA,NA,NA
"3391",2024,"LAF","ELVI",6,"Access",2634,"JLP",1,1,0,0,1
"3392",2024,"LAF","ELVI",6,"Access",2635,"PALM",1,0,NA,NA,NA
"3393",2024,"LAF","ELVI",6,"Access",2636,"PALM",1,0,NA,NA,NA
"3394",2024,"LAF","ELVI",6,"Access",2637,"PALM",1,0,NA,NA,NA
"3395",2024,"LAF","ELVI",7,"Exclusion",2615,"PALM",0,4,3,1,1
"3396",2024,"LAF","ELVI",7,"Exclusion",2616,"JLP",1,3,3,0,1
"3397",2024,"LAF","ELVI",7,"Exclusion",2617,"JLP",0,3,3,0,1
"3398",2024,"LAF","ELVI",7,"Exclusion",2618,"PALM",0,2,2,0,1
"3399",2024,"LAF","ELVI",7,"Exclusion",2619,"PALM",1,6,0,0,2
"3400",2024,"LAF","ELVI",7,"Exclusion",2620,"PALM",0,3,2,0,1
"3401",2024,"LAF","ELVI",7,"Exclusion",2621,"RL5",1,0,NA,NA,NA
"3402",2024,"LAF","ELVI",7,"Exclusion",2622,"JLP",0,4,4,0,2
"3403",2024,"LAF","ELVI",7,"Exclusion",2623,"PALM",0,1,1,0,1
"3404",2024,"LAF","ELVI",7,"Exclusion",2624,"HUNT",1,2,1,1,2
"3405",2024,"LAF","ELVI",7,"Exclusion",2625,"PALM",1,4,4,0,0
"3406",2024,"LAF","ELVI",7,"Exclusion",2626,"PALM",1,5,5,0,1
"3407",2024,"LAF","ELVI",7,"Exclusion",2627,"PALM",0,4,3,0,2
"3408",2024,"LAF","ELVI",7,"Exclusion",2628,"PALM",0,3,3,0,1
"3409",2024,"LAF","ELVI",7,"Exclusion",2629,"RL5",0,4,0,2,1
"3410",2024,"LAF","ELVI",8,"Exclusion",2601,"PALM",0,6,6,0,0
"3411",2024,"LAF","ELVI",8,"Exclusion",2602,"PALM",0,5,4,1,1
"3412",2024,"LAF","ELVI",8,"Exclusion",2603,"JLP",0,1,1,0,0
"3413",2024,"LAF","ELVI",8,"Exclusion",2604,"SHS",1,5,2,3,3
"3414",2024,"LAF","ELVI",8,"Exclusion",2605,"PALM",1,5,3,1,1
"3415",2024,"LAF","ELVI",8,"Exclusion",2606,"PALM",0,7,5,1,3
"3416",2024,"LAF","ELVI",8,"Exclusion",2607,"RL5",0,5,4,1,3
"3417",2024,"LAF","ELVI",8,"Exclusion",2608,"PALM",0,2,1,1,1
"3418",2024,"LAF","ELVI",8,"Exclusion",2609,"JLP",0,3,3,0,1
"3419",2024,"LAF","ELVI",8,"Exclusion",2610,"JLP",1,7,7,0,3
"3420",2024,"LAF","ELVI",8,"Exclusion",2611,"PALM",0,3,3,0,2
"3421",2024,"LAF","ELVI",8,"Exclusion",2612,"PALM",0,0,NA,NA,NA
"3422",2024,"LAF","ELVI",8,"Exclusion",2613,"PALM",0,7,6,0,0
"3423",2024,"LAF","ELVI",8,"Exclusion",2614,"HUNT",0,3,1,0,1
"3424",2024,"LAF","AGHY",1,"Access",2731,"COHR",0,0,NA,NA,NA
"3425",2024,"LAF","AGHY",1,"Access",2732,"COHR",0,0,NA,NA,NA
"3426",2024,"LAF","AGHY",1,"Access",2733,"SJC",0,0,NA,NA,NA
"3427",2024,"LAF","AGHY",1,"Access",2734,"SJC",1,5,3,2,1
"3428",2024,"LAF","AGHY",1,"Access",2735,"SJC",0,0,NA,NA,NA
"3429",2024,"LAF","AGHY",1,"Access",2736,"LPEF",0,0,NA,NA,NA
"3430",2024,"LAF","AGHY",1,"Access",2737,"COHR",1,0,NA,NA,NA
"3431",2024,"LAF","AGHY",1,"Access",2738,"SJC",0,7,0,5,0
"3432",2024,"LAF","AGHY",1,"Access",2739,"LPEF",1,1,0,0,1
"3433",2024,"LAF","AGHY",1,"Access",2740,"LPEF",0,0,NA,NA,NA
"3434",2024,"LAF","AGHY",1,"Access",2741,"COHR",0,0,NA,NA,NA
"3435",2024,"LAF","AGHY",1,"Access",2742,"SJC",0,0,NA,NA,NA
"3436",2024,"LAF","AGHY",1,"Access",2743,"COHR",0,0,NA,NA,NA
"3437",2024,"LAF","AGHY",1,"Access",2744,"LPEF",0,0,NA,NA,NA
"3438",2024,"LAF","AGHY",1,"Access",2745,"LPEF",0,0,NA,NA,NA
"3439",2024,"LAF","AGHY",2,"Access",2746,"LPEF",0,2,1,0,0
"3440",2024,"LAF","AGHY",2,"Access",2747,"COHR",0,0,NA,NA,NA
"3441",2024,"LAF","AGHY",2,"Access",2748,"SJC",1,0,NA,NA,NA
"3442",2024,"LAF","AGHY",2,"Access",2749,"COHR",0,0,NA,NA,NA
"3443",2024,"LAF","AGHY",2,"Access",2750,"COHR",0,5,2,1,1
"3444",2024,"LAF","AGHY",2,"Access",2751,"COHR",1,3,1,1,0
"3445",2024,"LAF","AGHY",2,"Access",2752,"LPEF",1,0,NA,NA,NA
"3446",2024,"LAF","AGHY",2,"Access",2753,"LPEF",0,7,2,1,0
"3447",2024,"LAF","AGHY",2,"Access",2754,"SJC",0,0,NA,NA,NA
"3448",2024,"LAF","AGHY",2,"Access",2755,"COHR",1,15,4,5,0
"3449",2024,"LAF","AGHY",2,"Access",2756,"SJC",1,0,NA,NA,NA
"3450",2024,"LAF","AGHY",2,"Access",2757,"SJC",0,0,NA,NA,NA
"3451",2024,"LAF","AGHY",2,"Access",2758,"LPEF",0,0,NA,NA,NA
"3452",2024,"LAF","AGHY",3,"Exclusion",2774,"LPEF",0,0,NA,NA,NA
"3453",2024,"LAF","AGHY",3,"Exclusion",2775,"COHR",1,0,NA,NA,NA
"3454",2024,"LAF","AGHY",3,"Exclusion",2776,"SJC",1,0,NA,NA,NA
"3455",2024,"LAF","AGHY",3,"Exclusion",2777,"SJC",1,0,NA,NA,NA
"3456",2024,"LAF","AGHY",3,"Exclusion",2778,"LPEF",1,0,NA,NA,NA
"3457",2024,"LAF","AGHY",3,"Exclusion",2779,"COHR",0,0,NA,NA,NA
"3458",2024,"LAF","AGHY",3,"Exclusion",2780,"COHR",0,0,NA,NA,NA
"3459",2024,"LAF","AGHY",3,"Exclusion",2781,"COHR",1,0,NA,NA,NA
"3460",2024,"LAF","AGHY",3,"Exclusion",2782,"LPEF",1,0,NA,NA,NA
"3461",2024,"LAF","AGHY",3,"Exclusion",2783,"LPEF",0,0,NA,NA,NA
"3462",2024,"LAF","AGHY",3,"Exclusion",2784,"COHR",1,0,NA,NA,NA
"3463",2024,"LAF","AGHY",3,"Exclusion",2785,"LPEF",1,0,NA,NA,NA
"3464",2024,"LAF","AGHY",3,"Exclusion",2786,"SJC",0,0,NA,NA,NA
"3465",2024,"LAF","AGHY",3,"Exclusion",2787,"SJC",0,0,NA,NA,NA
"3466",2024,"LAF","AGHY",4,"Exclusion",2817,"COHR",0,6,3,3,0
"3467",2024,"LAF","AGHY",4,"Exclusion",2818,"SJC",0,15,6,4,0
"3468",2024,"LAF","AGHY",4,"Exclusion",2819,"SJC",0,6,3,2,3
"3469",2024,"LAF","AGHY",4,"Exclusion",2820,"LPEF",0,0,NA,NA,NA
"3470",2024,"LAF","AGHY",4,"Exclusion",2821,"SJC",1,21,14,2,0
"3471",2024,"LAF","AGHY",4,"Exclusion",2822,"SJC",0,4,2,1,0
"3472",2024,"LAF","AGHY",4,"Exclusion",2823,"COHR",0,0,NA,NA,NA
"3473",2024,"LAF","AGHY",4,"Exclusion",2824,"COHR",0,0,NA,NA,NA
"3474",2024,"LAF","AGHY",4,"Exclusion",2825,"SJC",0,9,7,0,0
"3475",2024,"LAF","AGHY",4,"Exclusion",2826,"COHR",0,0,NA,NA,NA
"3476",2024,"LAF","AGHY",4,"Exclusion",2827,"LPEF",0,0,NA,NA,NA
"3477",2024,"LAF","AGHY",4,"Exclusion",2828,"LPEF",0,13,3,3,0
"3478",2024,"LAF","AGHY",4,"Exclusion",2829,"COHR",1,0,NA,NA,NA
"3479",2024,"LAF","AGHY",4,"Exclusion",2830,"LPEF",0,4,0,1,1
"3480",2024,"LAF","AGHY",5,"Access",2759,"COHR",1,0,NA,NA,NA
"3481",2024,"LAF","AGHY",5,"Access",2760,"LPEF",1,0,NA,NA,NA
"3482",2024,"LAF","AGHY",5,"Access",2761,"COHR",1,0,NA,NA,NA
"3483",2024,"LAF","AGHY",5,"Access",2762,"LPEF",1,0,NA,NA,NA
"3484",2024,"LAF","AGHY",5,"Access",2763,"COHR",1,0,NA,NA,NA
"3485",2024,"LAF","AGHY",5,"Access",2764,"SJC",1,0,NA,NA,NA
"3486",2024,"LAF","AGHY",5,"Access",2765,"LPEF",1,0,NA,NA,NA
"3487",2024,"LAF","AGHY",5,"Access",2766,"SJC",0,0,NA,NA,NA
"3488",2024,"LAF","AGHY",5,"Access",2767,"LPEF",0,0,NA,NA,NA
"3489",2024,"LAF","AGHY",5,"Access",2768,"SJC",1,0,NA,NA,NA
"3490",2024,"LAF","AGHY",5,"Access",2769,"SJC",1,0,NA,NA,NA
"3491",2024,"LAF","AGHY",5,"Access",2770,"LPEF",1,0,NA,NA,NA
"3492",2024,"LAF","AGHY",5,"Access",2771,"COHR",1,0,NA,NA,NA
"3493",2024,"LAF","AGHY",5,"Access",2772,"SJC",1,0,NA,NA,NA
"3494",2024,"LAF","AGHY",5,"Access",2773,"COHR",0,0,NA,NA,NA
"3495",2024,"LAF","AGHY",6,"Access",2831,"LPEF",1,0,NA,NA,NA
"3496",2024,"LAF","AGHY",6,"Access",2832,"COHR",0,0,NA,NA,NA
"3497",2024,"LAF","AGHY",6,"Access",2833,"SJC",0,0,NA,NA,NA
"3498",2024,"LAF","AGHY",6,"Access",2834,"COHR",1,0,NA,NA,NA
"3499",2024,"LAF","AGHY",6,"Access",2835,"COHR",1,0,NA,NA,NA
"3500",2024,"LAF","AGHY",6,"Access",2836,"COHR",0,0,NA,NA,NA
"3501",2024,"LAF","AGHY",6,"Access",2837,"LPEF",1,0,NA,NA,NA
"3502",2024,"LAF","AGHY",6,"Access",2838,"LPEF",0,0,NA,NA,NA
"3503",2024,"LAF","AGHY",6,"Access",2839,"LPEF",1,0,NA,NA,NA
"3504",2024,"LAF","AGHY",6,"Access",2840,"SJC",1,0,NA,NA,NA
"3505",2024,"LAF","AGHY",6,"Access",2841,"SJC",1,0,NA,NA,NA
"3506",2024,"LAF","AGHY",6,"Access",2842,"SJC",1,0,NA,NA,NA
"3507",2024,"LAF","AGHY",6,"Access",2843,"SJC",0,0,NA,NA,NA
"3508",2024,"LAF","AGHY",7,"Exclusion",2803,"LPEF",0,11,4,2,1
"3509",2024,"LAF","AGHY",7,"Exclusion",2804,"SJC",1,0,NA,NA,NA
"3510",2024,"LAF","AGHY",7,"Exclusion",2805,"LPEF",1,26,16,2,0
"3511",2024,"LAF","AGHY",7,"Exclusion",2806,"SJC",0,4,3,1,0
"3512",2024,"LAF","AGHY",7,"Exclusion",2807,"COHR",0,2,1,0,0
"3513",2024,"LAF","AGHY",7,"Exclusion",2808,"LPEF",1,7,3,1,0
"3514",2024,"LAF","AGHY",7,"Exclusion",2809,"SJC",1,18,14,4,0
"3515",2024,"LAF","AGHY",7,"Exclusion",2810,"COHR",1,0,NA,NA,NA
"3516",2024,"LAF","AGHY",7,"Exclusion",2811,"LPEF",1,0,NA,NA,NA
"3517",2024,"LAF","AGHY",7,"Exclusion",2812,"COHR",1,5,2,0,1
"3518",2024,"LAF","AGHY",7,"Exclusion",2813,"LPEF",1,0,NA,NA,NA
"3519",2024,"LAF","AGHY",7,"Exclusion",2814,"COHR",1,0,NA,NA,NA
"3520",2024,"LAF","AGHY",7,"Exclusion",2815,"COHR",1,0,NA,NA,NA
"3521",2024,"LAF","AGHY",7,"Exclusion",2816,"SJC",1,0,NA,NA,NA
"3522",2024,"LAF","AGHY",8,"Exclusion",2788,"LPEF",0,12,3,2,2
"3523",2024,"LAF","AGHY",8,"Exclusion",2789,"SJC",0,0,NA,NA,NA
"3524",2024,"LAF","AGHY",8,"Exclusion",2790,"COHR",0,10,1,3,0
"3525",2024,"LAF","AGHY",8,"Exclusion",2791,"COHR",1,0,NA,NA,NA
"3526",2024,"LAF","AGHY",8,"Exclusion",2792,"LPEF",1,0,NA,NA,NA
"3527",2024,"LAF","AGHY",8,"Exclusion",2793,"LPEF",0,2,0,2,2
"3528",2024,"LAF","AGHY",8,"Exclusion",2794,"SJC",1,0,NA,NA,NA
"3529",2024,"LAF","AGHY",8,"Exclusion",2795,"COHR",0,0,NA,NA,NA
"3530",2024,"LAF","AGHY",8,"Exclusion",2796,"SJC",0,0,NA,NA,NA
"3531",2024,"LAF","AGHY",8,"Exclusion",2797,"LPEF",1,0,NA,NA,NA
"3532",2024,"LAF","AGHY",8,"Exclusion",2798,"SJC",0,0,NA,NA,NA
"3533",2024,"LAF","AGHY",8,"Exclusion",2799,"SJC",1,0,NA,NA,NA
"3534",2024,"LAF","AGHY",8,"Exclusion",2800,"COHR",0,0,NA,NA,NA
"3535",2024,"LAF","AGHY",8,"Exclusion",2801,"COHR",1,2,0,2,0
"3536",2024,"LAF","AGHY",8,"Exclusion",2802,"LPEF",0,0,NA,NA,NA
"3537",2024,"LAF","POAU",1,"Access",2874,"LA2",1,54,27,0,0
"3538",2024,"LAF","POAU",1,"Access",2875,"SFAEF",1,103,37,2,0
"3539",2024,"LAF","POAU",1,"Access",2876,"LA2",1,83,14,4,1
"3540",2024,"LAF","POAU",1,"Access",2877,"SFAEF",1,35,20,9,3
"3541",2024,"LAF","POAU",1,"Access",2878,"LA7",1,55,3,6,11
"3542",2024,"LAF","POAU",1,"Access",2879,"LA1",0,32,6,8,10
"3543",2024,"LAF","POAU",1,"Access",2880,"LA2",0,93,39,9,1
"3544",2024,"LAF","POAU",1,"Access",2881,"LA2",0,46,6,2,1
"3545",2024,"LAF","POAU",1,"Access",2882,"LA1",1,66,16,8,10
"3546",2024,"LAF","POAU",1,"Access",2883,"LA7",1,74,5,1,3
"3547",2024,"LAF","POAU",1,"Access",2884,"SFAEF",0,0,NA,NA,NA
"3548",2024,"LAF","POAU",1,"Access",2885,"LA1",0,28,18,1,5
"3549",2024,"LAF","POAU",1,"Access",2886,"SFAEF",1,12,2,4,0
"3550",2024,"LAF","POAU",1,"Access",2887,"SFAEF",0,55,11,7,7
"3551",2024,"LAF","POAU",1,"Access",2888,"LA2",1,97,31,3,2
"3552",2024,"LAF","POAU",2,"Exclusion",2889,"LA2",0,46,14,0,3
"3553",2024,"LAF","POAU",2,"Exclusion",2890,"SFAEF",1,27,14,0,0
"3554",2024,"LAF","POAU",2,"Exclusion",2891,"LA2",1,133,29,1,0
"3555",2024,"LAF","POAU",2,"Exclusion",2892,"SFAEF",0,79,29,2,0
"3556",2024,"LAF","POAU",2,"Exclusion",2893,"SFAEF",1,84,37,3,0
"3557",2024,"LAF","POAU",2,"Exclusion",2894,"LA2",1,39,13,1,0
"3558",2024,"LAF","POAU",2,"Exclusion",2895,"LA2",0,55,28,0,0
"3559",2024,"LAF","POAU",2,"Exclusion",2896,"SFAEF",0,46,19,3,2
"3560",2024,"LAF","POAU",2,"Exclusion",2897,"LA1",0,0,NA,NA,NA
"3561",2024,"LAF","POAU",2,"Exclusion",2898,"LA1",1,56,29,0,2
"3562",2024,"LAF","POAU",2,"Exclusion",2899,"LA1",0,31,15,0,1
"3563",2024,"LAF","POAU",2,"Exclusion",2900,"LA1",0,81,37,0,0
"3564",2024,"LAF","POAU",2,"Exclusion",2901,"LA1",1,59,26,2,9
"3565",2024,"LAF","POAU",2,"Exclusion",2902,"LA2",0,65,32,5,7
"3566",2024,"LAF","POAU",2,"Exclusion",2903,"SFAEF",0,6,2,0,0
"3567",2024,"LAF","POAU",3,"Access",2859,"LA1",1,38,17,0,1
"3568",2024,"LAF","POAU",3,"Access",2860,"SFAEF",1,12,2,2,0
"3569",2024,"LAF","POAU",3,"Access",2861,"LA2",1,98,23,0,9
"3570",2024,"LAF","POAU",3,"Access",2862,"LA1",1,37,19,0,1
"3571",2024,"LAF","POAU",3,"Access",2863,"LA1",0,30,21,0,1
"3572",2024,"LAF","POAU",3,"Access",2864,"LA1",1,23,8,0,0
"3573",2024,"LAF","POAU",3,"Access",2865,"LA2",1,47,22,0,1
"3574",2024,"LAF","POAU",3,"Access",2866,"LA2",1,111,27,0,0
"3575",2024,"LAF","POAU",3,"Access",2867,"LA1",1,0,NA,NA,NA
"3576",2024,"LAF","POAU",3,"Access",2868,"LA2",0,63,13,2,0
"3577",2024,"LAF","POAU",3,"Access",2869,"LA1",1,29,20,0,2
"3578",2024,"LAF","POAU",3,"Access",2870,"SFAEF",0,57,24,1,3
"3579",2024,"LAF","POAU",3,"Access",2871,"SFAEF",1,62,31,4,2
"3580",2024,"LAF","POAU",3,"Access",2872,"SFAEF",1,36,12,6,2
"3581",2024,"LAF","POAU",3,"Access",2873,"LA2",1,53,16,0,0
"3582",2024,"LAF","POAU",4,"Exclusion",2844,"LA1",1,28,11,1,1
"3583",2024,"LAF","POAU",4,"Exclusion",2845,"LA1",1,28,20,1,0
"3584",2024,"LAF","POAU",4,"Exclusion",2846,"LA2",1,102,24,1,5
"3585",2024,"LAF","POAU",4,"Exclusion",2847,"LA1",0,29,7,0,3
"3586",2024,"LAF","POAU",4,"Exclusion",2848,"LA1",1,36,20,1,1
"3587",2024,"LAF","POAU",4,"Exclusion",2849,"LA1",1,53,19,3,0
"3588",2024,"LAF","POAU",4,"Exclusion",2850,"SFAEF",1,22,7,1,0
"3589",2024,"LAF","POAU",4,"Exclusion",2851,"LA2",1,63,29,1,2
"3590",2024,"LAF","POAU",4,"Exclusion",2852,"SFAEF",1,24,19,1,0
"3591",2024,"LAF","POAU",4,"Exclusion",2853,"SFAEF",0,47,22,1,0
"3592",2024,"LAF","POAU",4,"Exclusion",2854,"LA1",1,8,5,0,0
"3593",2024,"LAF","POAU",4,"Exclusion",2855,"LA2",1,90,28,0,2
"3594",2024,"LAF","POAU",4,"Exclusion",2856,"LA2",1,56,32,0,0
"3595",2024,"LAF","POAU",4,"Exclusion",2857,"LA2",0,50,15,0,1
"3596",2024,"LAF","POAU",4,"Exclusion",2858,"SFAEF",1,27,11,0,1
"3597",2024,"LAF","POAU",5,"Access",2904,"SFAEF",1,29,6,1,0
"3598",2024,"LAF","POAU",5,"Access",2905,"LA7",1,31,1,0,2
"3599",2024,"LAF","POAU",5,"Access",2906,"SFAEF",0,0,NA,NA,NA
"3600",2024,"LAF","POAU",5,"Access",2907,"LA2",0,18,4,0,4
"3601",2024,"LAF","POAU",5,"Access",2908,"SFAEF",0,21,2,2,0
"3602",2024,"LAF","POAU",5,"Access",2909,"LA2",0,27,16,0,2
"3603",2024,"LAF","POAU",5,"Access",2910,"LA7",0,26,2,0,1
"3604",2024,"LAF","POAU",5,"Access",2911,"LA2",1,32,11,0,9
"3605",2024,"LAF","POAU",5,"Access",2912,"SFAEF",0,50,27,1,7
"3606",2024,"LAF","POAU",5,"Access",2913,"LA7",0,12,3,0,4
"3607",2024,"LAF","POAU",5,"Access",2914,"LA7",0,16,2,0,2
"3608",2024,"LAF","POAU",5,"Access",2915,"LA7",0,35,5,0,11
"3609",2024,"LAF","POAU",5,"Access",2916,"LA2",0,24,5,1,2
"3610",2024,"LAF","POAU",5,"Access",2917,"LA2",0,37,22,1,9
"3611",2024,"LAF","POAU",5,"Access",2918,"SFAEF",0,14,6,2,1
"3612",2024,"LAF","POAU",6,"Access",2919,"LA2",0,32,11,1,1
"3613",2024,"LAF","POAU",6,"Access",2920,"LA2",1,49,21,0,7
"3614",2024,"LAF","POAU",6,"Access",2921,"LA1",0,15,4,0,1
"3615",2024,"LAF","POAU",6,"Access",2922,"SFAEF",0,0,NA,NA,NA
"3616",2024,"LAF","POAU",6,"Access",2923,"LA1",0,20,8,0,5
"3617",2024,"LAF","POAU",6,"Access",2924,"LA1",1,22,7,0,3
"3618",2024,"LAF","POAU",6,"Access",2925,"LA2",0,5,0,0,0
"3619",2024,"LAF","POAU",6,"Access",2926,"LA2",1,28,7,2,5
"3620",2024,"LAF","POAU",6,"Access",2927,"SFAEF",1,35,25,1,1
"3621",2024,"LAF","POAU",6,"Access",2928,"LA2",0,36,2,4,6
"3622",2024,"LAF","POAU",6,"Access",2929,"LA1",1,33,8,1,2
"3623",2024,"LAF","POAU",6,"Access",2930,"SFAEF",1,0,NA,NA,NA
"3624",2024,"LAF","POAU",6,"Access",2931,"SFAEF",0,4,2,0,0
"3625",2024,"LAF","POAU",6,"Access",2932,"LA1",0,21,4,0,0
"3626",2024,"LAF","POAU",6,"Access",2933,"SFAEF",0,26,7,4,1
"3627",2024,"LAF","POAU",7,"Exclusion",2934,"LA2",1,60,11,3,2
"3628",2024,"LAF","POAU",7,"Exclusion",2935,"LA7",0,30,5,0,0
"3629",2024,"LAF","POAU",7,"Exclusion",2936,"SFAEF",0,20,2,2,0
"3630",2024,"LAF","POAU",7,"Exclusion",2937,"LA7",0,46,4,1,3
"3631",2024,"LAF","POAU",7,"Exclusion",2938,"SFAEF",0,11,4,0,1
"3632",2024,"LAF","POAU",7,"Exclusion",2939,"LA7",0,83,4,2,3
"3633",2024,"LAF","POAU",7,"Exclusion",2940,"SFAEF",0,27,8,1,2
"3634",2024,"LAF","POAU",7,"Exclusion",2941,"LA2",0,62,15,2,1
"3635",2024,"LAF","POAU",7,"Exclusion",2942,"LA7",0,60,16,1,3
"3636",2024,"LAF","POAU",7,"Exclusion",2943,"LA7",1,68,10,1,2
"3637",2024,"LAF","POAU",7,"Exclusion",2944,"LA2",0,22,7,2,3
"3638",2024,"LAF","POAU",7,"Exclusion",2945,"SFAEF",1,57,26,2,2
"3639",2024,"LAF","POAU",7,"Exclusion",2946,"SFAEF",0,52,18,4,1
"3640",2024,"LAF","POAU",7,"Exclusion",2947,"LA2",0,0,NA,NA,NA
"3641",2024,"LAF","POAU",7,"Exclusion",2948,"LA2",0,73,24,2,NA
"3642",2024,"LAF","POAU",8,"Exclusion",2949,"LA7",1,122,29,0,0
"3643",2024,"LAF","POAU",8,"Exclusion",2950,"LA1",0,24,14,0,3
"3644",2024,"LAF","POAU",8,"Exclusion",2951,"SFAEF",1,102,31,16,7
"3645",2024,"LAF","POAU",8,"Exclusion",2952,"LA1",0,46,20,0,0
"3646",2024,"LAF","POAU",8,"Exclusion",2953,"SFAEF",1,92,20,2,3
"3647",2024,"LAF","POAU",8,"Exclusion",2954,"LA2",1,93,38,1,1
"3648",2024,"LAF","POAU",8,"Exclusion",2955,"SFAEF",0,17,6,1,3
"3649",2024,"LAF","POAU",8,"Exclusion",2956,"LA2",1,86,67,0,0
"3650",2024,"LAF","POAU",8,"Exclusion",2957,"LA2",1,96,24,1,1
"3651",2024,"LAF","POAU",8,"Exclusion",2958,"LA1",1,26,12,0,0
"3652",2024,"LAF","POAU",8,"Exclusion",2959,"LA7",1,117,34,4,2
"3653",2024,"LAF","POAU",8,"Exclusion",2960,"SFAEF",0,10,3,3,3
"3654",2024,"LAF","POAU",8,"Exclusion",2961,"SFAEF",1,35,14,0,1
"3655",2024,"LAF","POAU",8,"Exclusion",2962,"LA2",0,64,24,6,0
"3656",2024,"LAF","POAU",8,"Exclusion",2963,"LA2",0,45,17,2,1
"3657",2024,"SON","ELVI",8,"Exclusion",3214,"SHS",0,3,0,0,0
"3658",2024,"SON","ELVI",8,"Exclusion",3216,"PALM",1,1,0,0,0
"3659",2024,"SON","ELVI",8,"Exclusion",3218,"JLP",1,2,0,0,0
"3660",2024,"SON","ELVI",8,"Exclusion",3217,"SHS",0,3,0,0,0
"3661",2024,"SON","ELVI",8,"Exclusion",3219,"PALM",0,2,0,0,1
"3662",2024,"SON","ELVI",7,"Exclusion",3205,"JLP",1,2,0,0,0
"3663",2024,"SON","ELVI",5,"Access",3200,"PALM",1,3,2,0,0
"3664",2024,"SON","ELVI",5,"Access",3201,"PALM",1,2,1,0,0
"3665",2024,"SON","ELVI",5,"Access",2097,"SHS",1,2,0,1,1
"3666",2024,"SON","ELVI",5,"Access",3203,"JLP",1,2,0,0,2
"3667",2024,"SON","ELVI",5,"Access",3204,"RL5",1,3,0,0,2
"3668",2024,"SON","ELVI",5,"Access",2098,"PALM",0,0,NA,NA,NA
"3669",2024,"SON","ELVI",5,"Access",2099,"RL5",1,2,1,0,0
"3670",2024,"SON","ELVI",4,"Access",3225,"JLP",1,2,0,0,0
"3671",2024,"SON","ELVI",3,"Exclusion",3206,"JLP",0,1,0,0,0
"3672",2024,"SON","ELVI",3,"Exclusion",3207,"RL5",1,1,0,0,0
"3673",2024,"SON","ELVI",3,"Exclusion",3208,"PALM",1,3,1,0,0
"3674",2024,"SON","ELVI",3,"Exclusion",3209,"PALM",0,1,0,0,0
"3675",2024,"SON","ELVI",3,"Exclusion",3215,"RL5",1,5,0,0,2
"3676",2024,"SON","ELVI",3,"Exclusion",3210,"JLP",1,4,0,0,0
"3677",2024,"SON","ELVI",3,"Exclusion",3211,"JLP",1,2,0,0,1
"3678",2024,"SON","ELVI",3,"Exclusion",3212,"PALM",1,2,1,0,0
"3679",2024,"SON","ELVI",3,"Exclusion",3213,"RL5",1,2,0,0,0
"3680",2024,"SON","ELVI",2,"Exclusion",3220,"PALM",0,1,0,0,0
"3681",2024,"SON","ELVI",2,"Exclusion",3221,"JLP",1,6,0,0,0
"3682",2024,"SON","ELVI",2,"Exclusion",3222,"SHS",0,2,0,0,0
"3683",2024,"SON","ELVI",2,"Exclusion",3223,"PALM",0,1,0,0,0
"3684",2024,"SON","ELVI",1,"Access",3224,"PALM",1,1,0,0,1
"3685",2024,"KER","POAU",1,"Access",3069,"LA2",1,4,0,0,0
"3686",2024,"KER","POAU",2,"Exclusion",3070,"LA2",1,5,0,0,0
"3687",2024,"KER","POAU",2,"Exclusion",3071,"LA2",1,6,0,0,0
"3688",2024,"KER","POAU",2,"Exclusion",3072,"LA2",0,3,0,0,0
"3689",2024,"KER","POAU",2,"Exclusion",3073,"LA2",1,5,0,0,0
"3690",2024,"KER","POAU",2,"Exclusion",3074,"LA2",0,3,0,0,0
"3691",2024,"KER","POAU",4,"Access",3080,"LA1",0,5,0,0,0
"3692",2024,"KER","POAU",4,"Access",3081,"LA1",0,4,0,0,0
"3693",2024,"KER","POAU",4,"Access",3082,"LA1",0,4,0,0,0
"3694",2024,"KER","POAU",4,"Access",3083,"LA1",0,1,0,0,0
"3695",2024,"KER","POAU",4,"Access",3084,"LA2",1,4,0,0,0
"3696",2024,"KER","POAU",5,"Exclusion",3075,"LA2",1,2,0,0,0
"3697",2024,"KER","POAU",5,"Exclusion",3076,"LA2",1,3,0,0,0
"3698",2024,"KER","POAU",5,"Exclusion",3077,"LA2",1,4,0,0,0
"3699",2024,"KER","POAU",5,"Exclusion",3078,"LA2",1,5,0,0,0
"3700",2024,"KER","POAU",5,"Exclusion",3079,"LA1",0,6,0,0,2
"3701",2024,"KER","POAU",6,"Exclusion",3085,"LA1",0,7,0,0,0
"3702",2024,"KER","POAU",6,"Exclusion",3086,"LA2",1,4,0,0,0
"3703",2024,"KER","POAU",6,"Exclusion",3088,"LA2",1,4,0,0,0
"3704",2024,"KER","POAU",6,"Exclusion",3089,"LA1",0,10,0,0,0
"3705",2024,"KER","POAU",6,"Exclusion",3087,"LA2",1,2,0,0,0
"3706",2024,"KER","POAU",7,"Access",3060,"LA1",0,7,0,0,0
"3707",2024,"KER","POAU",7,"Access",3061,"LA2",1,3,0,0,0
"3708",2024,"KER","POAU",7,"Access",3062,"LA1",0,4,0,0,0
"3709",2024,"KER","POAU",7,"Access",3063,"LA2",1,4,0,0,0
"3710",2024,"KER","POAU",8,"Exclusion",3064,"LA1",0,9,0,0,0
"3711",2024,"KER","POAU",8,"Exclusion",3065,"LA1",0,5,0,0,0
"3712",2024,"KER","POAU",8,"Exclusion",3066,"LA1",1,4,0,0,0
"3713",2024,"KER","POAU",8,"Exclusion",3067,"LA1",0,4,0,0,0
"3714",2024,"KER","POAU",8,"Exclusion",3068,"LA1",0,6,0,0,0
"3715",2024,"KER","ELVI",1,"Access",3235,"PALM",0,1,0,0,0
"3716",2024,"KER","ELVI",1,"Access",3236,"RL5",1,2,0,0,2
"3717",2024,"KER","ELVI",1,"Access",3237,"HUNT",1,4,0,0,4
"3718",2024,"KER","ELVI",1,"Access",3238,"RL5",1,3,0,0,2
"3719",2024,"KER","ELVI",1,"Access",3239,"JLP",1,3,0,0,2
"3720",2024,"KER","ELVI",4,"Exclusion",3247,"SHS",1,4,1,0,0
"3721",2024,"KER","ELVI",4,"Exclusion",3248,"JLP",1,5,2,0,0
"3722",2024,"KER","ELVI",4,"Exclusion",3249,"SHS",0,2,1,0,0
"3723",2024,"KER","ELVI",4,"Exclusion",3250,"PALM",0,3,0,0,0
"3724",2024,"KER","ELVI",4,"Exclusion",3251,"JLP",1,1,0,0,0
"3725",2024,"KER","ELVI",4,"Exclusion",3252,"HUNT",1,4,0,0,0
"3726",2024,"KER","ELVI",4,"Exclusion",3253,"JLP",1,4,2,0,0
"3727",2024,"KER","ELVI",4,"Exclusion",3256,"RL5",1,4,3,0,0
"3728",2024,"KER","ELVI",4,"Exclusion",3257,"SHS",1,3,3,0,0
"3729",2024,"KER","ELVI",4,"Exclusion",3258,"JLP",0,3,1,0,0
"3730",2024,"KER","ELVI",5,"Exclusion",3254,"JLP",0,2,1,0,0
"3731",2024,"KER","ELVI",5,"Exclusion",3228,"SHS",0,2,1,0,0
"3732",2024,"KER","ELVI",5,"Exclusion",3255,"JLP",1,3,1,0,0
"3733",2024,"KER","ELVI",6,"Exclusion",3240,"RL5",1,2,0,0,0
"3734",2024,"KER","ELVI",6,"Exclusion",3241,"SHS",1,3,3,0,0
"3735",2024,"KER","ELVI",6,"Exclusion",3242,"JLP",1,6,3,0,0
"3736",2024,"KER","ELVI",6,"Exclusion",3243,"JLP",0,1,1,0,0
"3737",2024,"KER","ELVI",6,"Exclusion",3244,"JLP",0,3,1,0,0
"3738",2024,"KER","ELVI",6,"Exclusion",3245,"JLP",1,4,1,0,0
"3739",2024,"KER","ELVI",6,"Exclusion",3246,"JLP",1,5,2,0,0
"3740",2024,"KER","ELVI",6,"Exclusion",3259,"PALM",1,2,1,0,0
"3741",2024,"KER","ELVI",6,"Exclusion",3260,"SHS",0,2,1,0,0
"3742",2024,"KER","ELVI",6,"Exclusion",3261,"PALM",1,4,4,0,0
"3743",2024,"KER","ELVI",8,"Exclusion",3227,"SHS",0,2,1,0,0
"3744",2024,"KER","ELVI",8,"Exclusion",3229,"RL5",0,3,1,0,0
"3745",2024,"KER","ELVI",8,"Exclusion",3230,"RL5",0,5,0,0,0
"3746",2024,"KER","ELVI",8,"Exclusion",3231,"SHS",0,3,1,0,0
"3747",2024,"KER","ELVI",8,"Exclusion",3262,"RL5",0,2,0,0,0
"3748",2024,"KER","ELVI",8,"Exclusion",3263,"JLP",0,1,1,0,0
"3749",2024,"KER","ELVI",8,"Exclusion",3264,"JLP",0,2,1,0,0
"3750",2024,"KER","ELVI",8,"Exclusion",3271,"JLP",0,2,0,0,0
"3751",2024,"KER","ELVI",8,"Exclusion",3269,"PALM",0,1,0,0,0
"3752",2024,"KER","ELVI",8,"Exclusion",3270,"JLP",1,2,1,0,0
"3753",2024,"KER","ELVI",8,"Exclusion",3267,"PALM",1,4,1,0,0
"3754",2024,"KER","ELVI",8,"Exclusion",3266,"PALM",0,1,1,0,0
"3755",2024,"KER","ELVI",8,"Exclusion",3226,"PALM",1,3,0,0,0
"3756",2024,"KER","ELVI",8,"Exclusion",3265,"SHS",0,2,2,0,0
"3757",2024,"KER","ELVI",8,"Exclusion",3268,"PALM",0,1,0,0,0
"3758",2024,"KER","AGHY",1,"Access",3001,"COHR",1,33,1,0,24
"3759",2024,"KER","AGHY",1,"Access",3002,"LPEF",1,23,0,0,23
"3760",2024,"KER","AGHY",1,"Access",3003,"COHR",1,15,0,0,15
"3761",2024,"KER","AGHY",1,"Access",3004,"SJC",1,8,0,0,8
"3762",2024,"KER","AGHY",1,"Access",3005,"COHR",0,18,0,0,18
"3763",2024,"KER","AGHY",1,"Access",3006,"LPEF",0,13,0,0,13
"3764",2024,"KER","AGHY",1,"Access",3007,"COHR",1,8,0,0,7
"3765",2024,"KER","AGHY",1,"Access",3008,"SJC",1,8,0,0,0
"3766",2024,"KER","AGHY",1,"Access",3009,"SJC",1,16,1,0,10
"3767",2024,"KER","AGHY",1,"Access",3010,"SJC",1,29,6,0,20
"3768",2024,"KER","AGHY",1,"Access",3011,"COHR",1,23,0,0,21
"3769",2024,"KER","AGHY",1,"Access",3012,"LPEF",1,24,1,1,12
"3770",2024,"KER","AGHY",1,"Access",3013,"LPEF",1,11,0,0,11
"3771",2024,"KER","AGHY",1,"Access",3014,"COHR",1,9,2,0,6
"3772",2024,"KER","AGHY",2,"Access",3019,"SJC",1,5,3,1,1
"3773",2024,"KER","AGHY",2,"Access",3020,"COHR",1,4,0,0,0
"3774",2024,"KER","AGHY",2,"Access",3021,"SJC",1,14,2,0,7
"3775",2024,"KER","AGHY",2,"Access",3017,"COHR",0,2,0,1,1
"3776",2024,"KER","AGHY",2,"Access",3018,"LPEF",1,13,0,1,2
"3777",2024,"KER","AGHY",2,"Access",3016,"SJC",1,19,0,0,13
"3778",2024,"KER","AGHY",2,"Access",3015,"SJC",0,1,0,0,0
"3779",2024,"KER","AGHY",2,"Access",3022,"COHR",0,3,0,0,0
"3780",2024,"KER","AGHY",2,"Access",3023,"COHR",1,9,0,0,8
"3781",2024,"KER","AGHY",2,"Access",3024,"LPEF",0,2,0,0,0
"3782",2024,"KER","AGHY",2,"Access",3025,"SJC",0,2,0,0,0
"3783",2024,"KER","AGHY",3,"Exclusion",3026,"COHR",1,8,3,1,0
"3784",2024,"KER","AGHY",3,"Exclusion",3028,"COHR",1,6,2,1,3
"3785",2024,"KER","AGHY",3,"Exclusion",3029,"SJC",1,18,5,1,0
"3786",2024,"KER","AGHY",3,"Exclusion",3032,"SJC",0,1,1,0,0
"3787",2024,"KER","AGHY",3,"Exclusion",3030,"COHR",0,7,2,2,3
"3788",2024,"KER","AGHY",3,"Exclusion",3031,"SJC",0,12,1,0,0
"3789",2024,"KER","AGHY",3,"Exclusion",3027,"LPEF",1,9,3,0,1
"3790",2024,"KER","AGHY",3,"Exclusion",3033,"COHR",1,3,1,0,1
"3791",2024,"KER","AGHY",4,"Exclusion",3034,"SJC",0,9,3,1,1
"3792",2024,"KER","AGHY",4,"Exclusion",3036,"SJC",0,10,4,0,0
"3793",2024,"KER","AGHY",4,"Exclusion",3037,"LPEF",0,6,4,0,0
"3794",2024,"KER","AGHY",4,"Exclusion",3038,"COHR",0,7,5,0,0
"3795",2024,"KER","AGHY",4,"Exclusion",3039,"LPEF",1,18,8,1,0
"3796",2024,"KER","AGHY",4,"Exclusion",3040,"COHR",0,5,3,0,0
"3797",2024,"KER","AGHY",4,"Exclusion",3041,"LPEF",0,7,3,0,0
"3798",2024,"KER","AGHY",4,"Exclusion",3042,"LPEF",0,5,0,0,0
"3799",2024,"KER","AGHY",4,"Exclusion",3043,"SJC",0,7,4,0,0
"3800",2024,"KER","AGHY",5,"Exclusion",3044,"COHR",1,1,0,0,0
"3801",2024,"KER","AGHY",5,"Exclusion",3045,"COHR",1,17,3,1,0
"3802",2024,"KER","AGHY",5,"Exclusion",3046,"LPEF",1,7,3,0,0
"3803",2024,"KER","AGHY",5,"Exclusion",3047,"COHR",0,2,0,1,0
"3804",2024,"KER","AGHY",5,"Exclusion",3048,"SJC",1,5,2,0,0
"3805",2024,"KER","AGHY",5,"Exclusion",3049,"SJC",0,13,4,0,NA
"3806",2024,"KER","AGHY",5,"Exclusion",3050,"SJC",1,10,4,0,0
"3807",2024,"KER","AGHY",5,"Exclusion",3051,"SJC",1,5,0,0,0
"3808",2024,"KER","AGHY",5,"Exclusion",3052,"COHR",1,9,1,0,0
"3809",2024,"KER","AGHY",5,"Exclusion",3053,"COHR",1,7,2,0,0
"3810",2024,"KER","AGHY",6,"Access",3090,"LPEF",1,8,4,0,0
"3811",2024,"KER","AGHY",6,"Access",3091,"COHR",1,17,1,0,0
"3812",2024,"KER","AGHY",6,"Access",3098,"LPEF",1,6,0,1,0
"3813",2024,"KER","AGHY",6,"Access",3099,"COHR",0,8,3,0,0
"3814",2024,"KER","AGHY",6,"Access",3092,"LPEF",0,5,1,1,0
"3815",2024,"KER","AGHY",6,"Access",3093,"SJC",0,4,1,0,4
"3816",2024,"KER","AGHY",6,"Access",3101,"SJC",1,6,2,2,2
"3817",2024,"KER","AGHY",6,"Access",3100,"COHR",1,10,2,0,1
"3818",2024,"KER","AGHY",6,"Access",3094,"SJC",0,9,4,1,1
"3819",2024,"KER","AGHY",6,"Access",3095,"SJC",1,6,1,0,2
"3820",2024,"KER","AGHY",6,"Access",3102,"COHR",0,1,1,0,0
"3821",2024,"KER","AGHY",6,"Access",3103,"SJC",1,10,2,3,3
"3822",2024,"KER","AGHY",6,"Access",3096,"COHR",1,1,0,0,0
"3823",2024,"KER","AGHY",6,"Access",3097,"SJC",0,6,2,3,3
"3824",2024,"KER","AGHY",6,"Access",3104,"COHR",1,24,0,0,22
"3825",2024,"KER","AGHY",7,"Exclusion",3121,"COHR",0,7,2,2,0
"3826",2024,"KER","AGHY",7,"Exclusion",3115,"COHR",1,2,0,0,0
"3827",2024,"KER","AGHY",7,"Exclusion",3118,"COHR",0,1,0,0,0
"3828",2024,"KER","AGHY",7,"Exclusion",3107,"LPEF",0,3,2,1,0
"3829",2024,"KER","AGHY",7,"Exclusion",3116,"SJC",1,13,5,1,0
"3830",2024,"KER","AGHY",7,"Exclusion",3119,"SJC",0,1,0,0,0
"3831",2024,"KER","AGHY",7,"Exclusion",3105,"LPEF",0,14,4,0,0
"3832",2024,"KER","AGHY",7,"Exclusion",3106,"LPEF",1,9,3,1,0
"3833",2024,"KER","AGHY",7,"Exclusion",3120,"SJC",0,2,0,0,0
"3834",2024,"KER","AGHY",7,"Exclusion",3117,"SJC",0,1,0,0,0
"3835",2024,"KER","AGHY",7,"Exclusion",3114,"LPEF",1,19,5,4,0
"3836",2024,"KER","AGHY",8,"Access",3054,"SJC",0,12,4,0,0
"3837",2024,"KER","AGHY",8,"Access",3055,"LPEF",0,8,3,1,1
"3838",2024,"KER","AGHY",8,"Access",3056,"SJC",0,2,0,0,1
"3839",2024,"KER","AGHY",8,"Access",3057,"LPEF",1,3,0,1,1
"3840",2024,"KER","AGHY",8,"Access",3035,"LPEF",0,4,1,0,0
"3841",2024,"KER","AGHY",8,"Access",3058,"LPEF",0,2,0,0,2
"3842",2024,"KER","AGHY",8,"Access",3059,"COHR",0,6,3,1,3
"3843",2024,"KER","AGHY",8,"Access",3122,"COHR",0,3,0,0,1
"3844",2024,"KER","AGHY",8,"Access",3123,"SJC",0,3,0,0,0
"3845",2024,"KER","AGHY",8,"Access",3124,"COHR",0,5,1,1,1
"3846",2024,"KER","AGHY",8,"Access",3125,"SJC",1,2,0,0,2
"3847",2024,"KER","AGHY",8,"Access",3126,"COHR",1,10,0,0,1
"3848",2024,"KER","AGHY",8,"Access",3127,"SJC",0,13,4,1,4
"3849",2024,"KER","AGHY",8,"Access",3128,"LPEF",0,12,0,1,3
"3850",2024,NA,NA,NA,NA,NA,NA,NA,0,NA,NA,NA
"3851",2025,"HUN","AGHY",1,"Exclusion",565,"LPEF",0,0,NA,NA,NA
"3852",2025,"HUN","AGHY",1,"Exclusion",569,"COHR",0,2,1,NA,0
"3853",2025,"HUN","AGHY",1,"Exclusion",573,"COHR",1,1,1,NA,0
"3854",2025,"HUN","AGHY",1,"Exclusion",576,"LPEF",1,1,0,NA,0
"3855",2025,"HUN","AGHY",2,"Access",577,"LPEF",1,13,6,NA,0
"3856",2025,"HUN","AGHY",2,"Access",581,"COHR",1,2,1,NA,0
"3857",2025,"HUN","AGHY",2,"Access",583,"SJC",1,9,0,NA,1
"3858",2025,"HUN","AGHY",2,"Access",588,"LPEF",0,3,2,NA,3
"3859",2025,"HUN","AGHY",2,"Access",590,"COHR",1,4,3,NA,1
"3860",2025,"HUN","AGHY",3,"Exclusion",702,"COHR",1,0,NA,NA,NA
"3861",2025,"HUN","AGHY",3,"Exclusion",705,"LPEF",0,4,3,NA,0
"3862",2025,"HUN","AGHY",3,"Exclusion",706,"LPEF",1,38,27,NA,0
"3863",2025,"HUN","AGHY",3,"Exclusion",707,"COHR",1,16,11,NA,0
"3864",2025,"HUN","AGHY",3,"Exclusion",709,"SJC",1,21,16,NA,0
"3865",2025,"HUN","AGHY",3,"Exclusion",710,"COHR",0,0,NA,NA,NA
"3866",2025,"HUN","AGHY",3,"Exclusion",711,"LPEF",1,48,19,NA,0
"3867",2025,"HUN","AGHY",3,"Exclusion",713,"SJC",1,23,19,NA,0
"3868",2025,"HUN","AGHY",3,"Exclusion",714,"COHR",1,11,9,NA,0
"3869",2025,"HUN","AGHY",3,"Exclusion",715,"LPEF",1,39,15,NA,0
"3870",2025,"HUN","AGHY",4,"Access",720,"LPEF",1,32,12,NA,2
"3871",2025,"HUN","AGHY",4,"Access",724,"COHR",1,4,4,NA,0
"3872",2025,"HUN","AGHY",4,"Access",728,"COHR",1,11,9,NA,0
"3873",2025,"HUN","AGHY",4,"Access",721,"LPEF",0,1,1,NA,0
"3874",2025,"HUN","AGHY",4,"Access",729,"LPEF",0,1,1,NA,0
"3875",2025,"HUN","AGHY",4,"Access",722,"LPEF",1,2,0,NA,0
"3876",2025,"HUN","AGHY",4,"Access",730,"SJC",1,7,7,NA,0
"3877",2025,"HUN","AGHY",4,"Access",723,"COHR",0,2,2,NA,0
"3878",2025,"HUN","AGHY",4,"Access",727,"SJC",1,8,5,NA,0
"3879",2025,"HUN","AGHY",5,"Exclusion",690,"COHR",0,1,0,NA,0
"3880",2025,"HUN","AGHY",5,"Exclusion",691,"SJC",0,3,2,NA,0
"3881",2025,"HUN","AGHY",5,"Exclusion",692,"SJC",0,0,NA,NA,NA
"3882",2025,"HUN","AGHY",5,"Exclusion",694,"LPEF",0,2,2,NA,0
"3883",2025,"HUN","AGHY",5,"Exclusion",695,"LPEF",0,0,NA,NA,NA
"3884",2025,"HUN","AGHY",5,"Exclusion",697,"COHR",1,0,NA,NA,NA
"3885",2025,"HUN","AGHY",5,"Exclusion",698,"COHR",0,1,1,NA,0
"3886",2025,"HUN","AGHY",5,"Exclusion",700,"LPEF",0,0,NA,NA,NA
"3887",2025,"HUN","AGHY",5,"Exclusion",592,"SJC",1,0,NA,NA,NA
"3888",2025,"HUN","AGHY",5,"Exclusion",600,"COHR",0,1,1,NA,0
"3889",2025,"HUN","AGHY",6,"Access",675,"COHR",0,0,NA,NA,NA
"3890",2025,"HUN","AGHY",6,"Access",676,"LPEF",1,4,4,NA,0
"3891",2025,"HUN","AGHY",6,"Access",680,"SJC",1,0,NA,NA,NA
"3892",2025,"HUN","AGHY",6,"Access",682,"COHR",1,3,0,NA,0
"3893",2025,"HUN","AGHY",6,"Access",683,"SJC",1,13,3,NA,0
"3894",2025,"HUN","AGHY",6,"Access",684,"LPEF",0,0,NA,NA,NA
"3895",2025,"HUN","AGHY",6,"Access",685,"COHR",0,0,NA,NA,NA
"3896",2025,"HUN","AGHY",6,"Access",687,"SJC",0,6,2,NA,0
"3897",2025,"HUN","AGHY",6,"Access",688,"LPEF",0,0,NA,NA,NA
"3898",2025,"HUN","AGHY",6,"Access",689,"SJC",0,0,NA,NA,NA
"3899",2025,"HUN","AGHY",7,"Access",660,"LPEF",0,2,1,NA,0
"3900",2025,"HUN","AGHY",7,"Access",661,"SJC",0,3,2,NA,0
"3901",2025,"HUN","AGHY",7,"Access",662,"COHR",0,0,NA,NA,NA
"3902",2025,"HUN","AGHY",7,"Access",663,"SJC",0,5,1,NA,0
"3903",2025,"HUN","AGHY",7,"Access",664,"SJC",0,3,1,NA,0
"3904",2025,"HUN","AGHY",7,"Access",666,"COHR",0,2,1,NA,0
"3905",2025,"HUN","AGHY",7,"Access",667,"SJC",1,0,NA,NA,NA
"3906",2025,"HUN","AGHY",7,"Access",668,"COHR",0,0,NA,NA,NA
"3907",2025,"HUN","AGHY",7,"Access",669,"LPEF",0,2,1,NA,0
"3908",2025,"HUN","AGHY",7,"Access",670,"COHR",1,0,NA,NA,NA
"3909",2025,"HUN","AGHY",7,"Access",672,"LPEF",0,0,NA,NA,NA
"3910",2025,"HUN","AGHY",7,"Access",673,"SJC",0,5,1,NA,0
"3911",2025,"HUN","AGHY",7,"Access",674,"LPEF",0,0,NA,NA,NA
"3912",2025,"HUN","AGHY",8,"Exclusion",645,"COHR",0,0,NA,NA,NA
"3913",2025,"HUN","AGHY",8,"Exclusion",647,"COHR",1,6,4,NA,0
"3914",2025,"HUN","AGHY",8,"Exclusion",648,"COHR",1,1,1,NA,0
"3915",2025,"HUN","AGHY",8,"Exclusion",649,"LPEF",1,8,7,NA,0
"3916",2025,"HUN","AGHY",8,"Exclusion",650,"SJC",0,2,2,NA,0
"3917",2025,"HUN","AGHY",8,"Exclusion",651,"COHR",1,3,0,NA,0
"3918",2025,"HUN","AGHY",8,"Exclusion",652,"SJC",0,0,NA,NA,NA
"3919",2025,"HUN","AGHY",8,"Exclusion",653,"LPEF",0,6,2,NA,0
"3920",2025,"HUN","AGHY",8,"Exclusion",655,"COHR",0,3,1,NA,0
"3921",2025,"HUN","AGHY",8,"Exclusion",656,"LPEF",1,3,0,NA,0
"3922",2025,"HUN","AGHY",8,"Exclusion",657,"LPEF",1,0,NA,NA,NA
"3923",2025,"HUN","AGHY",8,"Exclusion",658,"LPEF",0,0,NA,NA,NA
"3924",2025,"HUN","AGHY",8,"Exclusion",659,"SJC",1,0,NA,NA,NA
"3925",2025,"HUN","POAU",1,"Exclusion",502,"LA2",0,56,21,3,3
"3926",2025,"HUN","POAU",1,"Exclusion",504,"SFAEF",0,0,NA,NA,NA
"3927",2025,"HUN","POAU",1,"Exclusion",505,"SFAEF",1,33,11,0,2
"3928",2025,"HUN","POAU",1,"Exclusion",506,"LA7",0,96,18,3,3
"3929",2025,"HUN","POAU",1,"Exclusion",507,"SFAEF",0,19,2,0,1
"3930",2025,"HUN","POAU",1,"Exclusion",508,"LA7",1,203,25,7,0
"3931",2025,"HUN","POAU",1,"Exclusion",509,"SFAEF",0,13,0,1,NA
"3932",2025,"HUN","POAU",1,"Exclusion",511,"LA7",0,0,NA,NA,NA
"3933",2025,"HUN","POAU",1,"Exclusion",513,"LA2",0,29,2,0,2
"3934",2025,"HUN","POAU",1,"Exclusion",514,"LA2",0,12,0,1,0
"3935",2025,"HUN","POAU",1,"Exclusion",516,"LA7",0,0,NA,NA,NA
"3936",2025,"HUN","POAU",2,"Exclusion",601,"SFAEF",1,0,NA,NA,NA
"3937",2025,"HUN","POAU",2,"Exclusion",605,"LA2",1,0,NA,NA,NA
"3938",2025,"HUN","POAU",2,"Exclusion",607,"SFAEF",1,22,17,2,2
"3939",2025,"HUN","POAU",2,"Exclusion",610,"SFAEF",1,0,NA,NA,NA
"3940",2025,"HUN","POAU",2,"Exclusion",611,"LA2",1,159,47,2,7
"3941",2025,"HUN","POAU",2,"Exclusion",615,"LA7",1,99,45,0,0
"3942",2025,"HUN","POAU",3,"Access",616,"LA2",0,35,1,0,6
"3943",2025,"HUN","POAU",3,"Access",617,"SFAEF",0,4,2,0,0
"3944",2025,"HUN","POAU",3,"Access",618,"LA2",1,20,14,2,2
"3945",2025,"HUN","POAU",3,"Access",619,"LA2",1,98,12,2,2
"3946",2025,"HUN","POAU",3,"Access",620,"SFAEF",0,11,5,0,0
"3947",2025,"HUN","POAU",3,"Access",622,"LA1",1,13,3,0,0
"3948",2025,"HUN","POAU",3,"Access",623,"LA1",0,9,3,0,0
"3949",2025,"HUN","POAU",3,"Access",624,"LA1",0,17,2,0,0
"3950",2025,"HUN","POAU",3,"Access",625,"LA2",0,23,16,0,0
"3951",2025,"HUN","POAU",3,"Access",626,"LA1",1,8,4,0,0
"3952",2025,"HUN","POAU",3,"Access",627,"LA2",0,19,6,1,2
"3953",2025,"HUN","POAU",3,"Access",628,"LA1",0,5,3,0,3
"3954",2025,"HUN","POAU",3,"Access",629,"SFAEF",1,70,32,0,0
"3955",2025,"HUN","POAU",5,"Exclusion",519,"LA2",1,43,9,1,3
"3956",2025,"HUN","POAU",5,"Exclusion",520,"SFAEF",0,8,3,0,2
"3957",2025,"HUN","POAU",5,"Exclusion",523,"LA2",0,34,4,0,1
"3958",2025,"HUN","POAU",5,"Exclusion",526,"LA1",0,0,NA,NA,NA
"3959",2025,"HUN","POAU",5,"Exclusion",528,"SFAEF",1,18,2,0,1
"3960",2025,"HUN","POAU",6,"Access",532,"LA1",0,0,NA,NA,NA
"3961",2025,"HUN","POAU",6,"Access",533,"SFAEF",0,7,2,0,0
"3962",2025,"HUN","POAU",6,"Access",534,"LA7",1,7,1,0,0
"3963",2025,"HUN","POAU",6,"Access",535,"SFAEF",1,20,5,0,0
"3964",2025,"HUN","POAU",6,"Access",536,"LA2",1,0,NA,NA,NA
"3965",2025,"HUN","POAU",6,"Access",538,"LA2",1,0,NA,NA,NA
"3966",2025,"HUN","POAU",6,"Access",543,"LA1",0,52,13,0,0
"3967",2025,"HUN","POAU",6,"Access",544,"LA7",1,17,7,0,0
"3968",2025,"HUN","POAU",6,"Access",545,"LA2",0,4,1,0,1
"3969",2025,"HUN","POAU",7,"Access",549,"SFAEF",0,2,0,0,0
"3970",2025,"HUN","POAU",7,"Access",558,"LA2",0,7,4,0,0
"3971",2025,"HUN","POAU",8,"Access",630,"LA2",0,18,5,0,0
"3972",2025,"HUN","POAU",8,"Access",631,"LA7",0,0,NA,NA,NA
"3973",2025,"HUN","POAU",8,"Access",634,"LA2",1,35,6,0,0
"3974",2025,"HUN","POAU",8,"Access",635,"SFAEF",0,16,3,1,2
"3975",2025,"HUN","POAU",8,"Access",640,"SFAEF",1,0,NA,NA,NA
"3976",2025,"HUN","POAU",8,"Access",643,"SFAEF",1,19,2,0,0
"3977",2025,"HUN","POAU",9,"Exclusion",2284,"LA2",1,1,0,0,0
"3978",2025,"HUN","POAU",9,"Exclusion",2285,"LA2",1,1,0,0,0
"3979",2025,"HUN","POAU",9,"Exclusion",2286,"LA1",0,0,NA,NA,NA
"3980",2025,"HUN","POAU",9,"Exclusion",2287,"LA2",1,3,0,0,0
"3981",2025,"HUN","POAU",9,"Exclusion",2288,"LA1",0,0,NA,NA,NA
"3982",2025,"HUN","POAU",9,"Exclusion",2289,"SFAEF",1,0,NA,NA,NA
"3983",2025,"HUN","POAU",9,"Exclusion",2290,"SFAEF",1,0,NA,NA,NA
"3984",2025,"HUN","POAU",9,"Exclusion",2291,"LA2",0,0,NA,NA,NA
"3985",2025,"HUN","POAU",9,"Exclusion",2292,"SFAEF",1,0,NA,NA,NA
"3986",2025,"HUN","POAU",9,"Exclusion",2293,"LA1",0,0,NA,NA,NA
"3987",2025,"HUN","POAU",9,"Exclusion",2294,"SFAEF",1,0,NA,NA,NA
"3988",2025,"HUN","POAU",9,"Exclusion",2295,"LA1",1,0,NA,NA,NA
"3989",2025,"HUN","POAU",9,"Exclusion",2296,"SFAEF",0,0,NA,NA,NA
"3990",2025,"HUN","POAU",9,"Exclusion",2297,"LA2",1,0,NA,NA,NA
"3991",2025,"HUN","POAU",9,"Exclusion",2298,"SFAEF",0,0,NA,NA,NA
"3992",2025,"COL","AGHY",1,"Exclusion",321,"COHR",1,0,NA,NA,NA
"3993",2025,"COL","AGHY",1,"Exclusion",323,"SJC",1,0,NA,NA,NA
"3994",2025,"COL","AGHY",1,"Exclusion",327,"COHR",1,0,NA,NA,NA
"3995",2025,"COL","AGHY",2,"Access",236,"COHR",0,0,NA,NA,NA
"3996",2025,"COL","AGHY",2,"Access",237,"SJC",1,0,NA,NA,NA
"3997",2025,"COL","AGHY",2,"Access",239,"LPEF",0,0,NA,NA,NA
"3998",2025,"COL","AGHY",2,"Access",240,"COHR",0,0,NA,NA,NA
"3999",2025,"COL","AGHY",2,"Access",241,"COHR",0,0,NA,NA,NA
"4000",2025,"COL","AGHY",2,"Access",242,"LPEF",0,0,NA,NA,NA
"4001",2025,"COL","AGHY",2,"Access",243,"SJC",0,0,NA,NA,NA
"4002",2025,"COL","AGHY",2,"Access",244,"LPEF",1,0,NA,NA,NA
"4003",2025,"COL","AGHY",2,"Access",245,"SJC",0,0,NA,NA,NA
"4004",2025,"COL","AGHY",2,"Access",246,"COHR",0,0,NA,NA,NA
"4005",2025,"COL","AGHY",2,"Access",247,"LPEF",0,3,1,NA,0
"4006",2025,"COL","AGHY",2,"Access",248,"SJC",0,0,NA,NA,NA
"4007",2025,"COL","AGHY",3,"Exclusion",259,"LPEF",0,0,NA,NA,NA
"4008",2025,"COL","AGHY",5,"Exclusion",408,"SJC",1,0,NA,NA,NA
"4009",2025,"COL","AGHY",5,"Exclusion",409,"LPEF",0,0,NA,NA,NA
"4010",2025,"COL","AGHY",5,"Exclusion",410,"LPEF",0,0,NA,NA,NA
"4011",2025,"COL","AGHY",5,"Exclusion",412,"COHR",0,0,NA,NA,NA
"4012",2025,"COL","AGHY",5,"Exclusion",417,"SJC",0,0,NA,NA,NA
"4013",2025,"COL","AGHY",6,"Access",374,"SJC",0,0,NA,NA,NA
"4014",2025,"COL","AGHY",6,"Access",376,"SJC",1,0,NA,NA,NA
"4015",2025,"COL","AGHY",6,"Access",378,"COHR",1,0,NA,NA,NA
"4016",2025,"COL","AGHY",6,"Access",383,"SJC",0,0,NA,NA,NA
"4017",2025,"COL","AGHY",7,"Access",334,"SJC",1,0,NA,NA,NA
"4018",2025,"COL","AGHY",8,"Access",364,"SJC",1,0,NA,NA,NA
"4019",2025,"COL","AGHY",8,"Access",367,"COHR",1,0,NA,NA,NA
"4020",2025,"COL","POAU",2,"Exclusion",280,"LA7",0,0,NA,NA,NA
"4021",2025,"COL","POAU",2,"Exclusion",283,"LA2",0,0,NA,NA,NA
"4022",2025,"COL","POAU",2,"Exclusion",284,"LA7",0,0,NA,NA,NA
"4023",2025,"COL","POAU",2,"Exclusion",286,"SFAEF",1,0,NA,NA,NA
"4024",2025,"COL","POAU",2,"Exclusion",287,"LA7",0,0,NA,NA,NA
"4025",2025,"COL","POAU",2,"Exclusion",288,"SFAEF",0,0,NA,NA,NA
"4026",2025,"COL","POAU",2,"Exclusion",289,"SFAEF",0,0,NA,NA,NA
"4027",2025,"COL","POAU",2,"Exclusion",290,"SFAEF",0,0,NA,NA,NA
"4028",2025,"COL","POAU",2,"Exclusion",291,"LA2",0,0,NA,NA,NA
"4029",2025,"COL","POAU",2,"Exclusion",293,"LA2",0,0,NA,NA,NA
"4030",2025,"COL","POAU",3,"Access",469,"LA7",1,0,NA,NA,NA
"4031",2025,"COL","POAU",3,"Access",471,"LA1",0,0,NA,NA,NA
"4032",2025,"COL","POAU",3,"Access",475,"LA1",0,0,NA,NA,NA
"4033",2025,"COL","POAU",4,"Exclusion",397,"LA2",0,0,NA,NA,NA
"4034",2025,"COL","POAU",5,"Exclusion",344,"SFAEF",1,0,NA,NA,NA
"4035",2025,"COL","POAU",5,"Exclusion",350,"LA7",1,0,NA,NA,NA
"4036",2025,"COL","POAU",6,"Access",422,"LA1",0,0,NA,NA,NA
"4037",2025,"COL","POAU",6,"Access",424,"SFAEF",1,NA,NA,NA,NA
"4038",2025,"COL","POAU",6,"Access",425,"LA2",0,0,NA,NA,NA
"4039",2025,"COL","POAU",6,"Access",426,"LA2",0,0,NA,NA,NA
"4040",2025,"COL","POAU",6,"Access",429,"SFAEF",1,0,NA,NA,NA
"4041",2025,"COL","POAU",6,"Access",430,"LA1",0,1,0,0,1
"4042",2025,"COL","POAU",7,"Exclusion",433,"LA2",1,0,NA,NA,NA
"4043",2025,"COL","POAU",7,"Exclusion",434,"SFAEF",1,0,NA,NA,NA
"4044",2025,"COL","POAU",7,"Exclusion",435,"LA2",1,0,NA,NA,NA
"4045",2025,"COL","POAU",7,"Exclusion",437,"SFAEF",1,0,NA,NA,NA
"4046",2025,"COL","POAU",7,"Exclusion",438,"LA2",0,0,NA,NA,NA
"4047",2025,"COL","POAU",7,"Exclusion",439,"LA2",1,4,0,0,1
"4048",2025,"COL","POAU",7,"Exclusion",440,"SFAEF",1,4,1,0,1
"4049",2025,"COL","POAU",7,"Exclusion",442,"LA1",1,0,NA,NA,NA
"4050",2025,"COL","POAU",7,"Exclusion",443,"LA2",1,0,NA,NA,NA
"4051",2025,"COL","POAU",7,"Exclusion",445,"LA1",0,0,NA,NA,NA
"4052",2025,"COL","POAU",7,"Exclusion",447,"LA2",1,0,NA,NA,NA
"4053",2025,"COL","POAU",8,"Access",448,"LA1",1,0,NA,NA,NA
"4054",2025,"COL","POAU",8,"Access",449,"LA2",1,0,NA,NA,NA
"4055",2025,"COL","POAU",8,"Access",451,"SFAEF",1,0,NA,NA,NA
"4056",2025,"COL","POAU",8,"Access",452,"SFAEF",1,0,NA,NA,NA
"4057",2025,"COL","POAU",8,"Access",453,"SFAEF",0,0,NA,NA,NA
"4058",2025,"COL","POAU",8,"Access",454,"LA2",1,0,NA,NA,NA
"4059",2025,"COL","POAU",8,"Access",458,"SFAEF",1,0,NA,NA,NA
"4060",2025,"COL","POAU",8,"Access",459,"LA1",0,0,NA,NA,NA
"4061",2025,"LAF","AGHY",1,"Access",2734,"SJC",1,0,NA,NA,NA
"4062",2025,"LAF","AGHY",1,"Access",2738,"SJC",0,0,NA,NA,NA
"4063",2025,"LAF","AGHY",1,"Access",2739,"LPEF",1,0,NA,NA,NA
"4064",2025,"LAF","AGHY",2,"Access",2746,"LPEF",0,0,NA,NA,NA
"4065",2025,"LAF","AGHY",2,"Access",2750,"COHR",0,0,NA,NA,NA
"4066",2025,"LAF","AGHY",2,"Access",2751,"COHR",1,0,NA,NA,NA
"4067",2025,"LAF","AGHY",2,"Access",2753,"LPEF",0,0,NA,NA,NA
"4068",2025,"LAF","AGHY",2,"Access",2755,"COHR",1,0,NA,NA,NA
"4069",2025,"LAF","AGHY",4,"Exclusion",2817,"COHR",0,0,NA,NA,NA
"4070",2025,"LAF","AGHY",4,"Exclusion",2818,"SJC",0,12,11,NA,0
"4071",2025,"LAF","AGHY",4,"Exclusion",2819,"SJC",0,0,NA,NA,NA
"4072",2025,"LAF","AGHY",4,"Exclusion",2821,"SJC",1,5,3,NA,0
"4073",2025,"LAF","AGHY",4,"Exclusion",2822,"SJC",0,2,1,NA,0
"4074",2025,"LAF","AGHY",4,"Exclusion",2825,"SJC",0,29,15,NA,0
"4075",2025,"LAF","AGHY",4,"Exclusion",2828,"LPEF",0,0,NA,NA,NA
"4076",2025,"LAF","AGHY",4,"Exclusion",2830,"LPEF",0,0,NA,NA,NA
"4077",2025,"LAF","AGHY",7,"Exclusion",2803,"LPEF",0,0,NA,NA,NA
"4078",2025,"LAF","AGHY",7,"Exclusion",2805,"LPEF",1,0,NA,NA,NA
"4079",2025,"LAF","AGHY",7,"Exclusion",2806,"SJC",0,0,NA,NA,NA
"4080",2025,"LAF","AGHY",7,"Exclusion",2807,"COHR",0,0,NA,NA,NA
"4081",2025,"LAF","AGHY",7,"Exclusion",2808,"LPEF",1,0,NA,NA,NA
"4082",2025,"LAF","AGHY",7,"Exclusion",2809,"SJC",1,1,0,NA,0
"4083",2025,"LAF","AGHY",7,"Exclusion",2812,"COHR",1,0,NA,NA,NA
"4084",2025,"LAF","AGHY",8,"Exclusion",2788,"LPEF",0,0,NA,NA,NA
"4085",2025,"LAF","AGHY",8,"Exclusion",2790,"COHR",0,0,NA,NA,NA
"4086",2025,"LAF","AGHY",8,"Exclusion",2793,"LPEF",0,0,NA,NA,NA
"4087",2025,"LAF","AGHY",8,"Exclusion",2801,"COHR",1,0,NA,NA,NA
"4088",2025,"LAF","POAU",1,"Access",2874,"LA2",1,128,3,24,24
"4089",2025,"LAF","POAU",1,"Access",2875,"SFAEF",1,81,17,5,5
"4090",2025,"LAF","POAU",1,"Access",2876,"LA2",1,163,18,22,22
"4091",2025,"LAF","POAU",1,"Access",2877,"SFAEF",1,99,18,13,13
"4092",2025,"LAF","POAU",1,"Access",2878,"LA7",1,59,5,23,23
"4093",2025,"LAF","POAU",1,"Access",2879,"LA1",0,17,4,0,15
"4094",2025,"LAF","POAU",1,"Access",2880,"LA2",0,47,5,2,2
"4095",2025,"LAF","POAU",1,"Access",2881,"LA2",0,83,5,13,53
"4096",2025,"LAF","POAU",1,"Access",2882,"LA1",1,63,25,17,17
"4097",2025,"LAF","POAU",1,"Access",2883,"LA7",1,59,23,20,20
"4098",2025,"LAF","POAU",1,"Access",2885,"LA1",0,174,18,19,19
"4099",2025,"LAF","POAU",1,"Access",2886,"SFAEF",1,5,1,1,1
"4100",2025,"LAF","POAU",1,"Access",2887,"SFAEF",0,93,27,12,12
"4101",2025,"LAF","POAU",1,"Access",2888,"LA2",1,226,63,24,24
"4102",2025,"LAF","POAU",2,"Exclusion",2889,"LA2",0,115,19,1,1
"4103",2025,"LAF","POAU",2,"Exclusion",2890,"SFAEF",1,40,14,4,4
"4104",2025,"LAF","POAU",2,"Exclusion",2891,"LA2",1,184,57,5,5
"4105",2025,"LAF","POAU",2,"Exclusion",2892,"SFAEF",0,3,0,NA,0
"4106",2025,"LAF","POAU",2,"Exclusion",2893,"SFAEF",1,125,51,1,1
"4107",2025,"LAF","POAU",2,"Exclusion",2894,"LA2",1,140,51,0,0
"4108",2025,"LAF","POAU",2,"Exclusion",2895,"LA2",0,42,11,0,0
"4109",2025,"LAF","POAU",2,"Exclusion",2896,"SFAEF",0,38,18,2,2
"4110",2025,"LAF","POAU",2,"Exclusion",2898,"LA1",1,83,21,2,3
"4111",2025,"LAF","POAU",2,"Exclusion",2899,"LA1",0,87,18,5,5
"4112",2025,"LAF","POAU",2,"Exclusion",2900,"LA1",0,139,28,3,5
"4113",2025,"LAF","POAU",2,"Exclusion",2901,"LA1",1,158,60,3,3
"4114",2025,"LAF","POAU",2,"Exclusion",2902,"LA2",0,166,44,5,5
"4115",2025,"LAF","POAU",2,"Exclusion",2903,"SFAEF",0,37,12,3,4
"4116",2025,"LAF","POAU",3,"Access",2859,"LA1",1,169,52,10,13
"4117",2025,"LAF","POAU",3,"Access",2860,"SFAEF",1,55,21,5,5
"4118",2025,"LAF","POAU",3,"Access",2861,"LA2",1,124,48,5,30
"4119",2025,"LAF","POAU",3,"Access",2862,"LA1",1,92,37,25,25
"4120",2025,"LAF","POAU",3,"Access",2863,"LA1",0,68,15,7,7
"4121",2025,"LAF","POAU",3,"Access",2864,"LA1",1,163,51,2,2
"4122",2025,"LAF","POAU",3,"Access",2865,"LA2",1,69,10,3,31
"4123",2025,"LAF","POAU",3,"Access",2866,"LA2",1,83,13,2,76
"4124",2025,"LAF","POAU",3,"Access",2868,"LA2",0,106,31,5,5
"4125",2025,"LAF","POAU",3,"Access",2869,"LA1",1,16,0,5,8
"4126",2025,"LAF","POAU",3,"Access",2870,"SFAEF",0,80,10,12,14
"4127",2025,"LAF","POAU",3,"Access",2871,"SFAEF",1,152,53,17,17
"4128",2025,"LAF","POAU",3,"Access",2872,"SFAEF",1,73,25,8,8
"4129",2025,"LAF","POAU",3,"Access",2873,"LA2",1,185,28,29,35
"4130",2025,"LAF","POAU",4,"Exclusion",2844,"LA1",1,0,NA,NA,NA
"4131",2025,"LAF","POAU",4,"Exclusion",2845,"LA1",1,0,NA,NA,NA
"4132",2025,"LAF","POAU",4,"Exclusion",2846,"LA2",1,60,18,0,1
"4133",2025,"LAF","POAU",4,"Exclusion",2847,"LA1",0,3,0,NA,0
"4134",2025,"LAF","POAU",4,"Exclusion",2848,"LA1",1,0,NA,NA,NA
"4135",2025,"LAF","POAU",4,"Exclusion",2849,"LA1",1,53,18,5,7
"4136",2025,"LAF","POAU",4,"Exclusion",2850,"SFAEF",1,0,NA,NA,NA
"4137",2025,"LAF","POAU",4,"Exclusion",2851,"LA2",1,58,18,0,0
"4138",2025,"LAF","POAU",4,"Exclusion",2852,"SFAEF",1,13,6,1,1
"4139",2025,"LAF","POAU",4,"Exclusion",2853,"SFAEF",0,15,1,0,0
"4140",2025,"LAF","POAU",4,"Exclusion",2854,"LA1",1,0,NA,NA,NA
"4141",2025,"LAF","POAU",4,"Exclusion",2855,"LA2",1,23,2,7,0
"4142",2025,"LAF","POAU",4,"Exclusion",2856,"LA2",1,50,11,3,3
"4143",2025,"LAF","POAU",4,"Exclusion",2857,"LA2",0,0,NA,NA,NA
"4144",2025,"LAF","POAU",4,"Exclusion",2858,"SFAEF",1,0,NA,NA,NA
"4145",2025,"LAF","POAU",5,"Access",2904,"SFAEF",1,38,4,4,4
"4146",2025,"LAF","POAU",5,"Access",2905,"LA7",1,89,0,6,11
"4147",2025,"LAF","POAU",5,"Access",2907,"LA2",0,94,14,12,22
"4148",2025,"LAF","POAU",5,"Access",2908,"SFAEF",0,35,2,4,11
"4149",2025,"LAF","POAU",5,"Access",2909,"LA2",0,73,13,4,7
"4150",2025,"LAF","POAU",5,"Access",2910,"LA7",0,36,2,4,4
"4151",2025,"LAF","POAU",5,"Access",2911,"LA2",1,53,14,2,5
"4152",2025,"LAF","POAU",5,"Access",2912,"SFAEF",0,13,0,0,6
"4153",2025,"LAF","POAU",5,"Access",2913,"LA7",0,37,3,7,7
"4154",2025,"LAF","POAU",5,"Access",2914,"LA7",0,0,NA,NA,NA
"4155",2025,"LAF","POAU",5,"Access",2915,"LA7",0,71,24,1,5
"4156",2025,"LAF","POAU",5,"Access",2916,"LA2",0,19,4,4,11
"4157",2025,"LAF","POAU",5,"Access",2918,"SFAEF",0,84,27,13,17
"4158",2025,"LAF","POAU",5,"Access",2917,"LA2",0,47,14,1,2
"4159",2025,"LAF","POAU",6,"Access",2919,"LA2",0,89,17,19,24
"4160",2025,"LAF","POAU",6,"Access",2920,"LA2",1,74,8,12,21
"4161",2025,"LAF","POAU",6,"Access",2921,"LA1",0,31,3,13,13
"4162",2025,"LAF","POAU",6,"Access",2923,"LA1",0,0,NA,NA,NA
"4163",2025,"LAF","POAU",6,"Access",2924,"LA1",1,60,10,14,16
"4164",2025,"LAF","POAU",6,"Access",2925,"LA2",0,43,1,12,14
"4165",2025,"LAF","POAU",6,"Access",2926,"LA2",1,111,17,10,10
"4166",2025,"LAF","POAU",6,"Access",2927,"SFAEF",1,98,14,25,25
"4167",2025,"LAF","POAU",6,"Access",2928,"LA2",0,120,14,48,48
"4168",2025,"LAF","POAU",6,"Access",2929,"LA1",1,57,15,1,1
"4169",2025,"LAF","POAU",6,"Access",2931,"SFAEF",0,20,4,6,6
"4170",2025,"LAF","POAU",6,"Access",2932,"LA1",0,0,NA,NA,NA
"4171",2025,"LAF","POAU",6,"Access",2933,"SFAEF",0,73,9,2,2
"4172",2025,"LAF","POAU",7,"Exclusion",2934,"LA2",1,135,37,4,4
"4173",2025,"LAF","POAU",7,"Exclusion",2935,"LA7",0,108,42,1,1
"4174",2025,"LAF","POAU",7,"Exclusion",2936,"SFAEF",0,31,15,1,1
"4175",2025,"LAF","POAU",7,"Exclusion",2937,"LA7",0,129,43,0,1
"4176",2025,"LAF","POAU",7,"Exclusion",2938,"SFAEF",0,22,7,2,2
"4177",2025,"LAF","POAU",7,"Exclusion",2939,"LA7",0,141,38,0,0
"4178",2025,"LAF","POAU",7,"Exclusion",2940,"SFAEF",0,56,26,0,0
"4179",2025,"LAF","POAU",7,"Exclusion",2941,"LA2",0,143,48,3,3
"4180",2025,"LAF","POAU",7,"Exclusion",2942,"LA7",0,109,36,3,5
"4181",2025,"LAF","POAU",7,"Exclusion",2943,"LA7",1,112,26,8,15
"4182",2025,"LAF","POAU",7,"Exclusion",2944,"LA2",0,49,16,0,0
"4183",2025,"LAF","POAU",7,"Exclusion",2945,"SFAEF",1,127,61,3,3
"4184",2025,"LAF","POAU",7,"Exclusion",2946,"SFAEF",0,20,9,3,3
"4185",2025,"LAF","POAU",7,"Exclusion",2948,"LA2",0,202,70,2,2
"4186",2025,"LAF","POAU",8,"Exclusion",2949,"LA7",1,5,0,0,0
"4187",2025,"LAF","POAU",8,"Exclusion",2950,"LA1",0,52,12,5,5
"4188",2025,"LAF","POAU",8,"Exclusion",2951,"SFAEF",1,48,27,0,0
"4189",2025,"LAF","POAU",8,"Exclusion",2952,"LA1",0,54,9,4,4
"4190",2025,"LAF","POAU",8,"Exclusion",2953,"SFAEF",1,72,33,5,5
"4191",2025,"LAF","POAU",8,"Exclusion",2954,"LA2",1,5,0,0,0
"4192",2025,"LAF","POAU",8,"Exclusion",2955,"SFAEF",0,0,NA,NA,NA
"4193",2025,"LAF","POAU",8,"Exclusion",2956,"LA2",1,124,31,2,2
"4194",2025,"LAF","POAU",8,"Exclusion",2957,"LA2",1,36,15,4,4
"4195",2025,"LAF","POAU",8,"Exclusion",2958,"LA1",1,9,5,1,1
"4196",2025,"LAF","POAU",8,"Exclusion",2959,"LA7",1,93,43,5,5
"4197",2025,"LAF","POAU",8,"Exclusion",2960,"SFAEF",0,56,28,4,4
"4198",2025,"LAF","POAU",8,"Exclusion",2961,"SFAEF",1,74,27,3,3
"4199",2025,"LAF","POAU",8,"Exclusion",2962,"LA2",0,38,16,0,0
"4200",2025,"LAF","POAU",8,"Exclusion",2963,"LA2",0,74,27,2,2
"4201",2025,"BAS","AGHY",1,"Exclusion",813,"LPEF",1,0,NA,NA,NA
"4202",2025,"BAS","AGHY",1,"Exclusion",814,"COHR",0,0,NA,NA,NA
"4203",2025,"BAS","AGHY",1,"Exclusion",816,"COHR",1,0,NA,NA,NA
"4204",2025,"BAS","AGHY",1,"Exclusion",819,"SJC",1,0,NA,NA,NA
"4205",2025,"BAS","AGHY",2,"Access",901,"SJC",1,0,NA,NA,NA
"4206",2025,"BAS","AGHY",2,"Access",903,"COHR",1,0,NA,NA,NA
"4207",2025,"BAS","AGHY",2,"Access",908,"LPEF",1,2,1,NA,0
"4208",2025,"BAS","AGHY",2,"Access",910,"COHR",1,0,NA,NA,NA
"4209",2025,"BAS","AGHY",2,"Access",911,"SJC",0,0,NA,NA,NA
"4210",2025,"BAS","AGHY",2,"Access",912,"LPEF",1,0,NA,NA,NA
"4211",2025,"BAS","AGHY",2,"Access",913,"COHR",1,0,NA,NA,NA
"4212",2025,"BAS","AGHY",3,"Exclusion",826,"LPEF",0,0,NA,NA,NA
"4213",2025,"BAS","AGHY",3,"Exclusion",830,"SJC",0,0,NA,NA,NA
"4214",2025,"BAS","AGHY",3,"Exclusion",831,"COHR",0,0,NA,NA,NA
"4215",2025,"BAS","AGHY",3,"Exclusion",839,"SJC",1,0,NA,NA,NA
"4216",2025,"BAS","AGHY",4,"Exclusion",931,"COHR",1,0,NA,NA,NA
"4217",2025,"BAS","AGHY",4,"Exclusion",932,"COHR",1,0,NA,NA,NA
"4218",2025,"BAS","AGHY",4,"Exclusion",933,"COHR",0,0,NA,NA,NA
"4219",2025,"BAS","AGHY",4,"Exclusion",934,"SJC",1,0,NA,NA,NA
"4220",2025,"BAS","AGHY",4,"Exclusion",935,"LPEF",0,0,NA,NA,NA
"4221",2025,"BAS","AGHY",4,"Exclusion",938,"SJC",0,0,NA,NA,NA
"4222",2025,"BAS","AGHY",4,"Exclusion",939,"COHR",1,0,NA,NA,NA
"4223",2025,"BAS","AGHY",4,"Exclusion",940,"COHR",0,0,NA,NA,NA
"4224",2025,"BAS","AGHY",4,"Exclusion",942,"SJC",1,0,NA,NA,NA
"4225",2025,"BAS","AGHY",4,"Exclusion",943,"LPEF",1,0,NA,NA,NA
"4226",2025,"BAS","AGHY",4,"Exclusion",944,"LPEF",1,0,NA,NA,NA
"4227",2025,"BAS","AGHY",4,"Exclusion",945,"SJC",1,0,NA,NA,NA
"4228",2025,"BAS","AGHY",5,"Access",925,"COHR",0,0,NA,NA,NA
"4229",2025,"BAS","AGHY",5,"Access",926,"LPEF",0,0,NA,NA,NA
"4230",2025,"BAS","AGHY",5,"Access",927,"SJC",1,0,NA,NA,NA
"4231",2025,"BAS","AGHY",5,"Access",930,"SJC",1,0,NA,NA,NA
"4232",2025,"BAS","AGHY",6,"Exclusion",842,"COHR",1,0,NA,NA,NA
"4233",2025,"BAS","AGHY",6,"Exclusion",853,"COHR",0,0,NA,NA,NA
"4234",2025,"BAS","AGHY",6,"Exclusion",855,"COHR",0,0,NA,NA,NA
"4235",2025,"BAS","AGHY",7,"Access",857,"SJC",1,0,NA,NA,NA
"4236",2025,"BAS","AGHY",7,"Access",858,"LPEF",1,0,NA,NA,NA
"4237",2025,"BAS","AGHY",7,"Access",861,"COHR",1,0,NA,NA,NA
"4238",2025,"BAS","AGHY",7,"Access",863,"LPEF",0,0,NA,NA,NA
"4239",2025,"BAS","AGHY",7,"Access",864,"SJC",1,0,NA,NA,NA
"4240",2025,"BAS","AGHY",7,"Access",865,"SJC",0,0,NA,NA,NA
"4241",2025,"BAS","AGHY",7,"Access",866,"COHR",0,0,NA,NA,NA
"4242",2025,"BAS","AGHY",7,"Access",870,"LPEF",0,0,NA,NA,NA
"4243",2025,"BAS","AGHY",8,"Access",948,"SJC",0,0,NA,NA,NA
"4244",2025,"BAS","AGHY",8,"Access",952,"SJC",0,0,NA,NA,NA
"4245",2025,"BAS","AGHY",8,"Access",959,"COHR",0,0,NA,NA,NA
"4246",2025,"BAS","AGHY",8,"Access",960,"LPEF",0,0,NA,NA,NA
"4247",2025,"BFL","AGHY",1,"Access",71,"COHR",0,0,NA,NA,NA
"4248",2025,"BFL","AGHY",1,"Access",72,"COHR",1,0,NA,NA,NA
"4249",2025,"BFL","AGHY",1,"Access",73,"SJC",0,0,NA,NA,NA
"4250",2025,"BFL","AGHY",1,"Access",74,"COHR",1,0,NA,NA,NA
"4251",2025,"BFL","AGHY",1,"Access",75,"SJC",1,0,NA,NA,NA
"4252",2025,"BFL","AGHY",1,"Access",76,"SJC",0,0,NA,NA,NA
"4253",2025,"BFL","AGHY",1,"Access",77,"COHR",0,0,NA,NA,NA
"4254",2025,"BFL","AGHY",1,"Access",78,"LPEF",0,0,NA,NA,NA
"4255",2025,"BFL","AGHY",1,"Access",79,"LPEF",0,0,NA,NA,NA
"4256",2025,"BFL","AGHY",1,"Access",80,"SJC",0,0,NA,NA,NA
"4257",2025,"BFL","AGHY",1,"Access",81,"LPEF",1,0,NA,NA,NA
"4258",2025,"BFL","AGHY",1,"Access",82,"SJC",1,0,NA,NA,NA
"4259",2025,"BFL","AGHY",1,"Access",83,"COHR",0,0,NA,NA,NA
"4260",2025,"BFL","AGHY",1,"Access",84,"LPEF",0,0,NA,NA,NA
"4261",2025,"BFL","AGHY",2,"Access",85,"COHR",0,0,NA,NA,NA
"4262",2025,"BFL","AGHY",2,"Access",86,"LPEF",0,0,NA,NA,NA
"4263",2025,"BFL","AGHY",2,"Access",87,"LPEF",0,0,NA,NA,NA
"4264",2025,"BFL","AGHY",2,"Access",88,"LPEF",0,0,NA,NA,NA
"4265",2025,"BFL","AGHY",2,"Access",89,"SJC",0,0,NA,NA,NA
"4266",2025,"BFL","AGHY",2,"Access",90,"COHR",0,0,NA,NA,NA
"4267",2025,"BFL","AGHY",2,"Access",91,"SJC",0,0,NA,NA,NA
"4268",2025,"BFL","AGHY",2,"Access",92,"LPEF",1,0,NA,NA,NA
"4269",2025,"BFL","AGHY",2,"Access",93,"SJC",1,0,NA,NA,NA
"4270",2025,"BFL","AGHY",2,"Access",94,"SJC",0,0,NA,NA,NA
"4271",2025,"BFL","AGHY",2,"Access",95,"COHR",0,0,NA,NA,NA
"4272",2025,"BFL","AGHY",2,"Access",96,"COHR",0,0,NA,NA,NA
"4273",2025,"BFL","AGHY",2,"Access",97,"SJC",0,0,NA,NA,NA
"4274",2025,"BFL","AGHY",2,"Access",98,"LPEF",0,0,NA,NA,NA
"4275",2025,"BFL","AGHY",2,"Access",99,"COHR",1,0,NA,NA,NA
"4276",2025,"BFL","AGHY",3,"Exclusion",160,"COHR",0,3,1,NA,0
"4277",2025,"BFL","AGHY",3,"Exclusion",161,"SJC",1,0,NA,NA,NA
"4278",2025,"BFL","AGHY",3,"Exclusion",162,"LPEF",0,0,NA,NA,NA
"4279",2025,"BFL","AGHY",3,"Exclusion",163,"SJC",0,3,1,NA,0
"4280",2025,"BFL","AGHY",3,"Exclusion",164,"COHR",0,0,NA,NA,NA
"4281",2025,"BFL","AGHY",3,"Exclusion",165,"LPEF",1,0,NA,NA,NA
"4282",2025,"BFL","AGHY",3,"Exclusion",166,"COHR",0,0,NA,NA,NA
"4283",2025,"BFL","AGHY",3,"Exclusion",167,"LPEF",0,0,NA,NA,NA
"4284",2025,"BFL","AGHY",3,"Exclusion",168,"SJC",0,0,NA,NA,NA
"4285",2025,"BFL","AGHY",3,"Exclusion",169,"SJC",0,1,0,NA,0
"4286",2025,"BFL","AGHY",3,"Exclusion",170,"LPEF",0,2,1,NA,0
"4287",2025,"BFL","AGHY",3,"Exclusion",171,"LPEF",0,0,NA,NA,NA
"4288",2025,"BFL","AGHY",3,"Exclusion",172,"COHR",0,0,NA,NA,NA
"4289",2025,"BFL","AGHY",3,"Exclusion",173,"SJC",0,0,NA,NA,NA
"4290",2025,"BFL","AGHY",3,"Exclusion",174,"COHR",1,0,NA,NA,NA
"4291",2025,"BFL","AGHY",4,"Exclusion",190,"LPEF",1,0,NA,NA,NA
"4292",2025,"BFL","AGHY",4,"Exclusion",191,"SJC",0,0,NA,NA,NA
"4293",2025,"BFL","AGHY",4,"Exclusion",194,"COHR",0,0,NA,NA,NA
"4294",2025,"BFL","AGHY",4,"Exclusion",195,"SJC",0,0,NA,NA,NA
"4295",2025,"BFL","AGHY",4,"Exclusion",199,"LPEF",0,0,NA,NA,NA
"4296",2025,"BFL","AGHY",4,"Exclusion",200,"COHR",0,0,NA,NA,NA
"4297",2025,"BFL","AGHY",4,"Exclusion",203,"LPEF",1,0,NA,NA,NA
"4298",2025,"BFL","AGHY",4,"Exclusion",204,"COHR",1,0,NA,NA,NA
"4299",2025,"BFL","AGHY",5,"Exclusion",205,"LPEF",0,5,2,NA,0
"4300",2025,"BFL","AGHY",5,"Exclusion",206,"COHR",1,0,NA,NA,NA
"4301",2025,"BFL","AGHY",5,"Exclusion",207,"SJC",1,0,NA,NA,NA
"4302",2025,"BFL","AGHY",5,"Exclusion",208,"COHR",1,0,NA,NA,NA
"4303",2025,"BFL","AGHY",5,"Exclusion",209,"COHR",1,0,NA,NA,NA
"4304",2025,"BFL","AGHY",5,"Exclusion",210,"SJC",1,3,2,NA,0
"4305",2025,"BFL","AGHY",5,"Exclusion",211,"LPEF",1,1,1,NA,0
"4306",2025,"BFL","AGHY",5,"Exclusion",212,"LPEF",1,0,NA,NA,NA
"4307",2025,"BFL","AGHY",5,"Exclusion",213,"COHR",1,1,0,NA,0
"4308",2025,"BFL","AGHY",5,"Exclusion",214,"COHR",0,0,NA,NA,NA
"4309",2025,"BFL","AGHY",5,"Exclusion",217,"COHR",1,1,0,NA,0
"4310",2025,"BFL","AGHY",5,"Exclusion",218,"SJC",1,0,NA,NA,NA
"4311",2025,"BFL","AGHY",5,"Exclusion",219,"SJC",1,0,NA,NA,NA
"4312",2025,"BFL","AGHY",6,"Access",119,"SJC",0,0,NA,NA,NA
"4313",2025,"BFL","AGHY",6,"Access",120,"SJC",1,0,NA,NA,NA
"4314",2025,"BFL","AGHY",6,"Access",124,"SJC",1,0,NA,NA,NA
"4315",2025,"BFL","AGHY",6,"Access",125,"LPEF",0,0,NA,NA,NA
"4316",2025,"BFL","AGHY",6,"Access",126,"COHR",0,0,NA,NA,NA
"4317",2025,"BFL","AGHY",6,"Access",127,"COHR",0,0,NA,NA,NA
"4318",2025,"BFL","AGHY",6,"Access",128,"COHR",1,0,NA,NA,NA
"4319",2025,"BFL","AGHY",7,"Exclusion",222,"LPEF",0,0,NA,NA,NA
"4320",2025,"BFL","AGHY",7,"Exclusion",225,"LPEF",0,0,NA,NA,NA
"4321",2025,"BFL","AGHY",7,"Exclusion",229,"COHR",1,1,0,NA,0
"4322",2025,"BFL","AGHY",7,"Exclusion",231,"SJC",0,0,NA,NA,NA
"4323",2025,"BFL","AGHY",7,"Exclusion",232,"COHR",0,2,0,NA,0
"4324",2025,"BFL","AGHY",7,"Exclusion",233,"COHR",0,0,NA,NA,NA
"4325",2025,"BFL","AGHY",7,"Exclusion",220,"COHR",1,0,NA,NA,NA
"4326",2025,"BFL","AGHY",8,"Access",130,"SJC",0,0,NA,NA,NA
"4327",2025,"BFL","AGHY",8,"Access",131,"LPEF",1,0,NA,NA,NA
"4328",2025,"BFL","AGHY",8,"Access",132,"LPEF",1,0,NA,NA,NA
"4329",2025,"BFL","AGHY",8,"Access",133,"COHR",1,0,NA,NA,NA
"4330",2025,"BFL","AGHY",8,"Access",134,"SJC",1,0,NA,NA,NA
"4331",2025,"BFL","AGHY",8,"Access",135,"COHR",1,0,NA,NA,NA
"4332",2025,"BFL","AGHY",8,"Access",136,"LPEF",0,3,0,NA,0
"4333",2025,"BFL","AGHY",8,"Access",137,"LPEF",1,0,NA,NA,NA
"4334",2025,"BFL","AGHY",8,"Access",138,"COHR",1,0,NA,NA,NA
"4335",2025,"BFL","AGHY",8,"Access",139,"SJC",1,0,NA,NA,NA
"4336",2025,"BFL","AGHY",8,"Access",140,"COHR",1,3,1,NA,0
"4337",2025,"BFL","POAU",1,"Exclusion",175,"LA1",0,0,NA,NA,NA
"4338",2025,"BFL","POAU",1,"Exclusion",178,"SFAEF",1,0,NA,NA,NA
"4339",2025,"BFL","POAU",1,"Exclusion",179,"SFAEF",0,0,NA,NA,NA
"4340",2025,"BFL","POAU",1,"Exclusion",180,"LA1",1,0,NA,NA,NA
"4341",2025,"BFL","POAU",1,"Exclusion",186,"LA1",0,0,NA,NA,NA
"4342",2025,"BFL","POAU",2,"Access",100,"SFAEF",1,0,NA,NA,NA
"4343",2025,"BFL","POAU",2,"Access",101,"LA2",1,0,NA,NA,NA
"4344",2025,"BFL","POAU",2,"Access",104,"LA2",0,0,NA,NA,NA
"4345",2025,"BFL","POAU",2,"Access",105,"LA2",1,0,NA,NA,NA
"4346",2025,"BFL","POAU",2,"Access",106,"SFAEF",0,0,NA,NA,NA
"4347",2025,"BFL","POAU",2,"Access",108,"SFAEF",0,0,NA,NA,NA
"4348",2025,"BFL","POAU",2,"Access",109,"LA7",0,0,NA,NA,NA
"4349",2025,"BFL","POAU",2,"Access",110,"LA7",0,0,NA,NA,NA
"4350",2025,"BFL","POAU",2,"Access",112,"LA2",0,0,NA,NA,NA
"4351",2025,"BFL","POAU",2,"Access",113,"SFAEF",0,0,NA,NA,NA
"4352",2025,"BFL","POAU",2,"Access",114,"LA7",0,0,NA,NA,NA
"4353",2025,"BFL","POAU",3,"Access",48,"SFAEF",0,0,NA,NA,NA
"4354",2025,"BFL","POAU",3,"Access",49,"SFAEF",1,0,NA,NA,NA
"4355",2025,"BFL","POAU",3,"Access",51,"SFAEF",0,0,NA,NA,NA
"4356",2025,"BFL","POAU",4,"Exclusion",145,"LA1",1,0,NA,NA,NA
"4357",2025,"BFL","POAU",4,"Exclusion",146,"LA1",1,0,NA,NA,NA
"4358",2025,"BFL","POAU",4,"Exclusion",148,"SFAEF",1,0,NA,NA,NA
"4359",2025,"BFL","POAU",4,"Exclusion",149,"LA2",1,0,NA,NA,NA
"4360",2025,"BFL","POAU",4,"Exclusion",150,"SFAEF",0,0,NA,NA,NA
"4361",2025,"BFL","POAU",4,"Exclusion",151,"LA2",1,0,NA,NA,NA
"4362",2025,"BFL","POAU",4,"Exclusion",153,"LA1",1,0,NA,NA,NA
"4363",2025,"BFL","POAU",4,"Exclusion",154,"SFAEF",1,0,NA,NA,NA
"4364",2025,"BFL","POAU",4,"Exclusion",155,"LA1",1,0,NA,NA,NA
"4365",2025,"BFL","POAU",4,"Exclusion",157,"LA1",0,0,NA,NA,NA
"4366",2025,"BFL","POAU",5,"Exclusion",1,"LA2",0,0,NA,NA,NA
"4367",2025,"BFL","POAU",5,"Exclusion",3,"LA7",0,0,NA,NA,NA
"4368",2025,"BFL","POAU",5,"Exclusion",4,"LA7",0,0,NA,NA,NA
"4369",2025,"BFL","POAU",5,"Exclusion",7,"SFAEF",0,0,NA,NA,NA
"4370",2025,"BFL","POAU",5,"Exclusion",8,"SFAEF",0,0,NA,NA,NA
"4371",2025,"BFL","POAU",5,"Exclusion",11,"LA1",0,0,NA,NA,NA
"4372",2025,"BFL","POAU",5,"Exclusion",12,"SFAEF",0,0,NA,NA,NA
"4373",2025,"BFL","POAU",6,"Exclusion",26,"SFAEF",1,0,NA,NA,NA
"4374",2025,"BFL","POAU",6,"Exclusion",27,"SFAEF",0,0,NA,NA,NA
"4375",2025,"BFL","POAU",6,"Exclusion",28,"LA2",0,0,NA,NA,NA
"4376",2025,"BFL","POAU",6,"Exclusion",29,"LA1",0,0,NA,NA,NA
"4377",2025,"BFL","POAU",6,"Exclusion",30,"SFAEF",0,0,NA,NA,NA
"4378",2025,"BFL","POAU",6,"Exclusion",31,"LA1",1,0,NA,NA,NA
"4379",2025,"BFL","POAU",6,"Exclusion",32,"LA1",0,0,NA,NA,NA
"4380",2025,"BFL","POAU",6,"Exclusion",33,"SFAEF",1,0,NA,NA,NA
"4381",2025,"BFL","POAU",6,"Exclusion",35,"LA2",1,0,NA,NA,NA
"4382",2025,"BFL","POAU",6,"Exclusion",36,"LA2",1,0,NA,NA,NA
"4383",2025,"BFL","POAU",6,"Exclusion",37,"LA2",0,0,NA,NA,NA
"4384",2025,"BFL","POAU",6,"Exclusion",38,"LA1",1,0,NA,NA,NA
"4385",2025,"BFL","POAU",6,"Exclusion",39,"LA2",0,0,NA,NA,NA
"4386",2025,"BFL","POAU",7,"Access",596,"LA1",1,0,NA,NA,NA
"4387",2025,"BFL","POAU",7,"Access",595,"SFAEF",1,0,NA,NA,NA
"4388",2025,"BFL","POAU",7,"Access",16,"LA1",0,0,NA,NA,NA
"4389",2025,"BFL","POAU",7,"Access",17,"LA2",1,0,NA,NA,NA
"4390",2025,"BFL","POAU",7,"Access",597,"LA1",0,0,NA,NA,NA
"4391",2025,"BFL","POAU",7,"Access",18,"SFAEF",1,0,NA,NA,NA
"4392",2025,"BFL","POAU",7,"Access",19,"SFAEF",1,0,NA,NA,NA
"4393",2025,"BFL","POAU",7,"Access",20,"LA1",0,0,NA,NA,NA
"4394",2025,"BFL","POAU",7,"Access",598,"LA2",1,0,NA,NA,NA
"4395",2025,"BFL","POAU",7,"Access",21,"SFAEF",0,0,NA,NA,NA
"4396",2025,"BFL","POAU",7,"Access",22,"LA2",1,0,NA,NA,NA
"4397",2025,"BFL","POAU",7,"Access",23,"SFAEF",1,0,NA,NA,NA
"4398",2025,"BFL","POAU",7,"Access",593,"SFAEF",0,0,NA,NA,NA
"4399",2025,"BFL","POAU",7,"Access",594,"LA2",1,0,NA,NA,NA
"4400",2025,"BFL","POAU",7,"Access",24,"LA2",0,0,NA,NA,NA
"4401",2025,"BFL","POAU",8,"Access",55,"LA1",1,0,NA,NA,NA
"4402",2025,"BFL","POAU",8,"Access",56,"SFAEF",1,0,NA,NA,NA
"4403",2025,"BFL","POAU",8,"Access",57,"LA2",1,0,NA,NA,NA
"4404",2025,"BFL","POAU",8,"Access",58,"SFAEF",1,0,NA,NA,NA
"4405",2025,"BFL","POAU",8,"Access",59,"LA2",1,0,NA,NA,NA
"4406",2025,"BFL","POAU",8,"Access",60,"LA2",1,0,NA,NA,NA
"4407",2025,"BFL","POAU",8,"Access",61,"SFAEF",1,0,NA,NA,NA
"4408",2025,"BFL","POAU",8,"Access",62,"LA1",1,0,NA,NA,NA
"4409",2025,"BFL","POAU",8,"Access",63,"LA2",1,0,NA,NA,NA
"4410",2025,"BFL","POAU",8,"Access",64,"LA1",0,0,NA,NA,NA
"4411",2025,"BFL","POAU",8,"Access",65,"SFAEF",1,0,NA,NA,NA
"4412",2025,"BFL","POAU",8,"Access",66,"SFAEF",0,0,NA,NA,NA
"4413",2025,"BFL","POAU",8,"Access",67,"LA1",1,0,NA,NA,NA
"4414",2025,"BFL","POAU",8,"Access",68,"LA1",1,0,NA,NA,NA
"4415",2025,"BFL","POAU",8,"Access",69,"LA2",0,0,NA,NA,NA
"4416",2025,"KER","AGHY",1,"Access",3001,"COHR",1,0,NA,NA,NA
"4417",2025,"KER","AGHY",1,"Access",3002,"LPEF",1,0,NA,NA,NA
"4418",2025,"KER","AGHY",1,"Access",3003,"COHR",1,0,NA,NA,NA
"4419",2025,"KER","AGHY",1,"Access",3004,"SJC",1,0,NA,NA,NA
"4420",2025,"KER","AGHY",1,"Access",3005,"COHR",0,0,NA,NA,NA
"4421",2025,"KER","AGHY",1,"Access",3006,"LPEF",0,0,NA,NA,NA
"4422",2025,"KER","AGHY",1,"Access",3007,"COHR",1,0,NA,NA,NA
"4423",2025,"KER","AGHY",1,"Access",3008,"SJC",1,0,NA,NA,NA
"4424",2025,"KER","AGHY",1,"Access",3009,"SJC",1,0,NA,NA,NA
"4425",2025,"KER","AGHY",1,"Access",3010,"SJC",1,0,NA,NA,NA
"4426",2025,"KER","AGHY",1,"Access",3011,"COHR",1,0,NA,NA,NA
"4427",2025,"KER","AGHY",1,"Access",3012,"LPEF",1,0,NA,NA,NA
"4428",2025,"KER","AGHY",1,"Access",3013,"LPEF",1,0,NA,NA,NA
"4429",2025,"KER","AGHY",1,"Access",3014,"COHR",1,0,NA,NA,NA
"4430",2025,"KER","AGHY",2,"Access",3019,"SJC",1,0,NA,NA,NA
"4431",2025,"KER","AGHY",2,"Access",3020,"COHR",1,0,NA,NA,NA
"4432",2025,"KER","AGHY",2,"Access",3021,"SJC",1,0,NA,NA,NA
"4433",2025,"KER","AGHY",2,"Access",3017,"COHR",0,0,NA,NA,NA
"4434",2025,"KER","AGHY",2,"Access",3018,"LPEF",1,0,NA,NA,NA
"4435",2025,"KER","AGHY",2,"Access",3016,"SJC",1,0,NA,NA,NA
"4436",2025,"KER","AGHY",2,"Access",3015,"SJC",0,0,NA,NA,NA
"4437",2025,"KER","AGHY",2,"Access",3022,"COHR",0,0,NA,NA,NA
"4438",2025,"KER","AGHY",2,"Access",3023,"COHR",1,0,NA,NA,NA
"4439",2025,"KER","AGHY",2,"Access",3024,"LPEF",0,0,NA,NA,NA
"4440",2025,"KER","AGHY",2,"Access",3025,"SJC",0,0,NA,NA,NA
"4441",2025,"KER","AGHY",3,"Exclusion",3026,"COHR",1,0,NA,NA,NA
"4442",2025,"KER","AGHY",3,"Exclusion",3028,"COHR",1,0,NA,NA,NA
"4443",2025,"KER","AGHY",3,"Exclusion",3029,"SJC",1,0,NA,NA,NA
"4444",2025,"KER","AGHY",3,"Exclusion",3032,"SJC",0,0,NA,NA,NA
"4445",2025,"KER","AGHY",3,"Exclusion",3030,"COHR",0,0,NA,NA,NA
"4446",2025,"KER","AGHY",3,"Exclusion",3031,"SJC",0,0,NA,NA,NA
"4447",2025,"KER","AGHY",3,"Exclusion",3027,"LPEF",1,0,NA,NA,NA
"4448",2025,"KER","AGHY",3,"Exclusion",3033,"COHR",1,0,NA,NA,NA
"4449",2025,"KER","AGHY",4,"Exclusion",3034,"SJC",0,0,NA,NA,NA
"4450",2025,"KER","AGHY",4,"Exclusion",3036,"SJC",0,0,NA,NA,NA
"4451",2025,"KER","AGHY",4,"Exclusion",3037,"LPEF",0,0,NA,NA,NA
"4452",2025,"KER","AGHY",4,"Exclusion",3038,"COHR",0,0,NA,NA,NA
"4453",2025,"KER","AGHY",4,"Exclusion",3039,"LPEF",1,0,NA,NA,NA
"4454",2025,"KER","AGHY",4,"Exclusion",3040,"COHR",0,0,NA,NA,NA
"4455",2025,"KER","AGHY",4,"Exclusion",3041,"LPEF",0,0,NA,NA,NA
"4456",2025,"KER","AGHY",4,"Exclusion",3042,"LPEF",0,0,NA,NA,NA
"4457",2025,"KER","AGHY",4,"Exclusion",3043,"SJC",0,0,NA,NA,NA
"4458",2025,"KER","AGHY",5,"Exclusion",3044,"COHR",1,0,NA,NA,NA
"4459",2025,"KER","AGHY",5,"Exclusion",3045,"COHR",1,0,NA,NA,NA
"4460",2025,"KER","AGHY",5,"Exclusion",3046,"LPEF",1,0,NA,NA,NA
"4461",2025,"KER","AGHY",5,"Exclusion",3047,"COHR",0,0,NA,NA,NA
"4462",2025,"KER","AGHY",5,"Exclusion",3048,"SJC",1,0,NA,NA,NA
"4463",2025,"KER","AGHY",5,"Exclusion",3049,"SJC",0,0,NA,NA,NA
"4464",2025,"KER","AGHY",5,"Exclusion",3050,"SJC",1,0,NA,NA,NA
"4465",2025,"KER","AGHY",5,"Exclusion",3051,"SJC",1,0,NA,NA,NA
"4466",2025,"KER","AGHY",5,"Exclusion",3052,"COHR",1,0,NA,NA,NA
"4467",2025,"KER","AGHY",5,"Exclusion",3053,"COHR",1,0,NA,NA,NA
"4468",2025,"KER","AGHY",6,"Access",3090,"LPEF",1,0,NA,NA,NA
"4469",2025,"KER","AGHY",6,"Access",3091,"COHR",1,0,NA,NA,NA
"4470",2025,"KER","AGHY",6,"Access",3098,"LPEF",1,0,NA,NA,NA
"4471",2025,"KER","AGHY",6,"Access",3099,"COHR",0,0,NA,NA,NA
"4472",2025,"KER","AGHY",6,"Access",3092,"LPEF",0,0,NA,NA,NA
"4473",2025,"KER","AGHY",6,"Access",3093,"SJC",0,0,NA,NA,NA
"4474",2025,"KER","AGHY",6,"Access",3101,"SJC",1,0,NA,NA,NA
"4475",2025,"KER","AGHY",6,"Access",3100,"COHR",1,0,NA,NA,NA
"4476",2025,"KER","AGHY",6,"Access",3094,"SJC",0,0,NA,NA,NA
"4477",2025,"KER","AGHY",6,"Access",3095,"SJC",1,0,NA,NA,NA
"4478",2025,"KER","AGHY",6,"Access",3102,"COHR",0,0,NA,NA,NA
"4479",2025,"KER","AGHY",6,"Access",3103,"SJC",1,5,4,NA,3
"4480",2025,"KER","AGHY",6,"Access",3096,"COHR",1,0,NA,NA,NA
"4481",2025,"KER","AGHY",6,"Access",3097,"SJC",0,0,NA,NA,NA
"4482",2025,"KER","AGHY",6,"Access",3104,"COHR",1,11,2,NA,0
"4483",2025,"KER","AGHY",7,"Exclusion",3121,"COHR",0,0,NA,NA,NA
"4484",2025,"KER","AGHY",7,"Exclusion",3115,"COHR",1,0,NA,NA,NA
"4485",2025,"KER","AGHY",7,"Exclusion",3118,"COHR",0,0,NA,NA,NA
"4486",2025,"KER","AGHY",7,"Exclusion",3107,"LPEF",0,0,NA,NA,NA
"4487",2025,"KER","AGHY",7,"Exclusion",3116,"SJC",1,0,NA,NA,NA
"4488",2025,"KER","AGHY",7,"Exclusion",3119,"SJC",0,0,NA,NA,NA
"4489",2025,"KER","AGHY",7,"Exclusion",3105,"LPEF",0,0,NA,NA,NA
"4490",2025,"KER","AGHY",7,"Exclusion",3106,"LPEF",1,0,NA,NA,NA
"4491",2025,"KER","AGHY",7,"Exclusion",3120,"SJC",0,0,NA,NA,NA
"4492",2025,"KER","AGHY",7,"Exclusion",3117,"SJC",0,0,NA,NA,NA
"4493",2025,"KER","AGHY",7,"Exclusion",3114,"LPEF",1,0,NA,NA,NA
"4494",2025,"KER","AGHY",8,"Access",3054,"SJC",0,0,NA,NA,NA
"4495",2025,"KER","AGHY",8,"Access",3055,"LPEF",0,0,NA,NA,NA
"4496",2025,"KER","AGHY",8,"Access",3056,"SJC",0,0,NA,NA,NA
"4497",2025,"KER","AGHY",8,"Access",3057,"LPEF",1,0,NA,NA,NA
"4498",2025,"KER","AGHY",8,"Access",3035,"LPEF",0,0,NA,NA,NA
"4499",2025,"KER","AGHY",8,"Access",3058,"LPEF",0,0,NA,NA,NA
"4500",2025,"KER","AGHY",8,"Access",3059,"COHR",0,0,NA,NA,NA
"4501",2025,"KER","AGHY",8,"Access",3122,"COHR",0,0,NA,NA,NA
"4502",2025,"KER","AGHY",8,"Access",3123,"SJC",0,0,NA,NA,NA
"4503",2025,"KER","AGHY",8,"Access",3124,"COHR",0,0,NA,NA,NA
"4504",2025,"KER","AGHY",8,"Access",3125,"SJC",1,0,NA,NA,NA
"4505",2025,"KER","AGHY",8,"Access",3126,"COHR",1,0,NA,NA,NA
"4506",2025,"KER","AGHY",8,"Access",3127,"SJC",0,0,NA,NA,NA
"4507",2025,"KER","AGHY",8,"Access",3128,"LPEF",0,0,NA,NA,NA
"4508",2025,"KER","POAU",1,"Access",3069,"LA2",1,0,NA,NA,NA
"4509",2025,"KER","POAU",2,"Exclusion",3070,"LA2",1,4,0,0,0
"4510",2025,"KER","POAU",2,"Exclusion",3071,"LA2",1,0,NA,NA,NA
"4511",2025,"KER","POAU",2,"Exclusion",3072,"LA2",0,0,NA,NA,NA
"4512",2025,"KER","POAU",2,"Exclusion",3073,"LA2",1,0,NA,NA,NA
"4513",2025,"KER","POAU",2,"Exclusion",3074,"LA2",0,4,0,0,0
"4514",2025,"KER","POAU",4,"Access",3080,"LA1",0,0,NA,NA,NA
"4515",2025,"KER","POAU",4,"Access",3081,"LA1",0,0,NA,NA,NA
"4516",2025,"KER","POAU",4,"Access",3082,"LA1",0,0,NA,NA,NA
"4517",2025,"KER","POAU",4,"Access",3083,"LA1",0,0,NA,NA,NA
"4518",2025,"KER","POAU",4,"Access",3084,"LA2",1,0,NA,NA,NA
"4519",2025,"KER","POAU",5,"Exclusion",3075,"LA2",1,0,NA,NA,NA
"4520",2025,"KER","POAU",5,"Exclusion",3076,"LA2",1,0,NA,NA,NA
"4521",2025,"KER","POAU",5,"Exclusion",3077,"LA2",1,0,NA,NA,NA
"4522",2025,"KER","POAU",5,"Exclusion",3078,"LA2",1,0,NA,NA,NA
"4523",2025,"KER","POAU",5,"Exclusion",3079,"LA1",0,0,NA,NA,NA
"4524",2025,"KER","POAU",6,"Exclusion",3085,"LA1",0,0,NA,NA,NA
"4525",2025,"KER","POAU",6,"Exclusion",3086,"LA2",1,0,NA,NA,NA
"4526",2025,"KER","POAU",6,"Exclusion",3088,"LA2",1,0,NA,NA,NA
"4527",2025,"KER","POAU",6,"Exclusion",3089,"LA1",0,0,NA,NA,NA
"4528",2025,"KER","POAU",6,"Exclusion",3087,"LA2",1,0,NA,NA,NA
"4529",2025,"KER","POAU",7,"Access",3060,"LA1",0,0,NA,NA,NA
"4530",2025,"KER","POAU",7,"Access",3061,"LA2",1,0,NA,NA,NA
"4531",2025,"KER","POAU",7,"Access",3062,"LA1",0,2,2,0,1
"4532",2025,"KER","POAU",7,"Access",3063,"LA2",1,6,5,0,0
"4533",2025,"KER","POAU",8,"Exclusion",3064,"LA1",0,0,NA,NA,NA
"4534",2025,"KER","POAU",8,"Exclusion",3065,"LA1",0,0,NA,NA,NA
"4535",2025,"KER","POAU",8,"Exclusion",3066,"LA1",1,2,0,0,0
"4536",2025,"KER","POAU",8,"Exclusion",3067,"LA1",0,1,0,0,0
"4537",2025,"KER","POAU",8,"Exclusion",3068,"LA1",0,0,NA,NA,NA
"4538",2025,"COL","ELVI",8,"Exclusion",2507,"PALM",1,0,NA,NA,NA
"4539",2025,"COL","ELVI",8,"Exclusion",2508,"RL5",1,1,0,0,0
"4540",2025,"COL","ELVI",8,"Exclusion",2509,"PALM",1,0,NA,NA,NA
"4541",2025,"COL","ELVI",8,"Exclusion",2510,"PALM",0,2,1,1,1
"4542",2025,"COL","ELVI",8,"Exclusion",2513,"HUNT",0,2,0,0,0
"4543",2025,"COL","ELVI",8,"Exclusion",2516,"HUNT",0,0,NA,NA,NA
"4544",2025,"COL","ELVI",8,"Exclusion",2518,"RL5",0,4,1,0,3
"4545",2025,"COL","ELVI",8,"Exclusion",2520,"PALM",1,7,7,0,6
"4546",2025,"COL","ELVI",5,"Exclusion",2269,"PALM",1,1,1,0,1
"4547",2025,"COL","ELVI",5,"Exclusion",2274,"PALM",1,8,3,1,2
"4548",2025,"COL","ELVI",5,"Exclusion",2275,"RL5",1,13,7,0,6
"4549",2025,"COL","ELVI",5,"Exclusion",2276,"JLP",1,5,4,0,3
"4550",2025,"COL","ELVI",5,"Exclusion",2277,"PALM",1,1,0,0,0
"4551",2025,"COL","ELVI",5,"Exclusion",2279,"PALM",1,2,2,0,1
"4552",2025,"COL","ELVI",5,"Exclusion",2280,"PALM",1,28,25,1,21
"4553",2025,"COL","ELVI",5,"Exclusion",2281,"HUNT",1,0,NA,NA,NA
"4554",2025,"COL","ELVI",4,"Access",2257,"SHS",1,0,NA,NA,NA
"4555",2025,"COL","ELVI",4,"Access",2262,"JLP",0,0,NA,NA,NA
"4556",2025,"COL","ELVI",4,"Access",2264,"PALM",1,0,NA,NA,NA
"4557",2025,"COL","ELVI",4,"Access",2265,"RL5",0,0,NA,NA,NA
"4558",2025,"COL","ELVI",4,"Access",2266,"RL5",0,0,NA,NA,NA
"4559",2025,"COL","ELVI",3,"Access",2240,"JLP",1,0,NA,NA,NA
"4560",2025,"COL","ELVI",2,"Exclusion",2231,"RL5",0,0,NA,NA,NA
"4561",2025,"COL","ELVI",1,"Exclusion",2176,"PALM",0,4,3,1,3
"4562",2025,"COL","ELVI",1,"Exclusion",2180,"JLP",0,1,1,0,1
"4563",2025,"COL","ELVI",1,"Exclusion",2182,"JLP",0,0,NA,NA,NA
"4564",2025,"COL","ELVI",1,"Exclusion",2183,"PALM",0,2,1,0,0
"4565",2025,"COL","ELVI",1,"Exclusion",2187,"PALM",0,0,NA,NA,NA
"4566",2025,"COL","ELVI",1,"Exclusion",2189,"RL5",0,0,NA,NA,NA
"4567",2025,"HUN","ELVI",2,"Access",2118,"SHS",1,3,1,1,1
"4568",2025,"HUN","ELVI",2,"Access",2119,"HUNT",0,5,0,0,2
"4569",2025,"HUN","ELVI",2,"Access",2121,"PALM",1,4,0,0,1
"4570",2025,"HUN","ELVI",2,"Access",2122,"JLP",1,1,0,0,1
"4571",2025,"HUN","ELVI",2,"Access",2123,"PALM",1,4,0,0,3
"4572",2025,"HUN","ELVI",2,"Access",2124,"PALM",1,8,0,4,4
"4573",2025,"HUN","ELVI",2,"Access",2125,"RL5",1,1,0,0,0
"4574",2025,"HUN","ELVI",2,"Access",2126,"PALM",1,2,0,0,0
"4575",2025,"HUN","ELVI",2,"Access",2127,"JLP",1,3,0,0,0
"4576",2025,"HUN","ELVI",2,"Access",2128,"JLP",1,9,0,7,7
"4577",2025,"HUN","ELVI",2,"Access",2129,"PALM",1,11,0,8,0
"4578",2025,"HUN","ELVI",2,"Access",2130,"PALM",0,3,0,0,0
"4579",2025,"HUN","ELVI",3,"Exclusion",2131,"PALM",0,5,0,3,4
"4580",2025,"HUN","ELVI",3,"Exclusion",2132,"PALM",0,2,0,1,1
"4581",2025,"HUN","ELVI",3,"Exclusion",2133,"JLP",0,2,0,0,0
"4582",2025,"HUN","ELVI",3,"Exclusion",2134,"PALM",0,1,0,0,1
"4583",2025,"HUN","ELVI",3,"Exclusion",2135,"PALM",0,7,0,0,1
"4584",2025,"HUN","ELVI",3,"Exclusion",2136,"PALM",1,11,0,2,3
"4585",2025,"HUN","ELVI",3,"Exclusion",2137,"JLP",0,0,NA,NA,NA
"4586",2025,"HUN","ELVI",3,"Exclusion",2138,"PALM",1,8,0,1,4
"4587",2025,"HUN","ELVI",3,"Exclusion",2139,"RL5",0,7,0,0,3
"4588",2025,"HUN","ELVI",3,"Exclusion",2140,"JLP",1,21,0,4,8
"4589",2025,"HUN","ELVI",3,"Exclusion",2141,"RL5",0,3,0,0,0
"4590",2025,"HUN","ELVI",3,"Exclusion",2142,"HUNT",0,5,0,4,4
"4591",2025,"HUN","ELVI",3,"Exclusion",2143,"PALM",0,0,NA,NA,NA
"4592",2025,"HUN","ELVI",3,"Exclusion",2144,"PALM",0,0,NA,NA,NA
"4593",2025,"HUN","ELVI",3,"Exclusion",2145,"JLP",0,5,0,1,1
"4594",2025,"HUN","ELVI",4,"Exclusion",2146,"PALM",0,5,0,3,3
"4595",2025,"HUN","ELVI",4,"Exclusion",2147,"PALM",1,10,0,7,7
"4596",2025,"HUN","ELVI",4,"Exclusion",2148,"PALM",1,5,0,1,1
"4597",2025,"HUN","ELVI",4,"Exclusion",2149,"PALM",1,6,0,0,1
"4598",2025,"HUN","ELVI",4,"Exclusion",2150,"HUNT",0,22,0,11,11
"4599",2025,"HUN","ELVI",4,"Exclusion",2151,"JLP",1,3,0,0,0
"4600",2025,"HUN","ELVI",4,"Exclusion",2152,"PALM",0,0,NA,NA,NA
"4601",2025,"HUN","ELVI",4,"Exclusion",2153,"JLP",1,3,0,1,1
"4602",2025,"HUN","ELVI",4,"Exclusion",2154,"PALM",1,2,0,1,1
"4603",2025,"HUN","ELVI",4,"Exclusion",2155,"SHS",1,3,0,0,1
"4604",2025,"HUN","ELVI",4,"Exclusion",2156,"RL5",1,3,0,0,0
"4605",2025,"HUN","ELVI",4,"Exclusion",2157,"PALM",0,5,0,0,1
"4606",2025,"HUN","ELVI",4,"Exclusion",2158,"RL5",0,3,0,1,0
"4607",2025,"HUN","ELVI",4,"Exclusion",2159,"PALM",1,6,0,0,0
"4608",2025,"HUN","ELVI",4,"Exclusion",2160,"JLP",0,2,0,0,0
"4609",2025,"HUN","ELVI",5,"Access",2209,"PALM",1,14,0,2,4
"4610",2025,"HUN","ELVI",5,"Access",2211,"PALM",0,2,1,0,0
"4611",2025,"HUN","ELVI",5,"Access",2212,"PALM",0,6,5,0,3
"4612",2025,"HUN","ELVI",5,"Access",2213,"PALM",0,5,0,3,3
"4613",2025,"HUN","ELVI",5,"Access",2214,"PALM",0,2,0,2,2
"4614",2025,"HUN","ELVI",5,"Access",2215,"JLP",0,7,1,4,4
"4615",2025,"HUN","ELVI",5,"Access",2216,"PALM",0,3,3,0,1
"4616",2025,"HUN","ELVI",5,"Access",2217,"PALM",1,5,0,1,4
"4617",2025,"HUN","ELVI",5,"Access",2218,"HUNT",0,1,0,1,1
"4618",2025,"HUN","ELVI",5,"Access",2219,"RL5",0,0,NA,NA,NA
"4619",2025,"HUN","ELVI",5,"Access",2220,"JLP",0,1,1,0,0
"4620",2025,"HUN","ELVI",5,"Access",2221,"JLP",1,13,0,0,5
"4621",2025,"HUN","ELVI",5,"Access",2222,"JLP",0,2,0,0,2
"4622",2025,"HUN","ELVI",5,"Access",2223,"PALM",0,1,0,1,1
"4623",2025,"HUN","ELVI",6,"Access",2994,"PALM",1,8,0,1,1
"4624",2025,"HUN","ELVI",6,"Access",2996,"JLP",0,4,2,1,3
"4625",2025,"HUN","ELVI",6,"Access",2997,"RL5",0,2,0,0,2
"4626",2025,"HUN","ELVI",6,"Access",2998,"HUNT",0,3,1,1,2
"4627",2025,"HUN","ELVI",6,"Access",2999,"PALM",1,2,0,0,2
"4628",2025,"HUN","ELVI",6,"Access",3000,"SHS",1,5,2,1,4
"4629",2025,"HUN","ELVI",6,"Access",2201,"PALM",1,10,0,0,4
"4630",2025,"HUN","ELVI",6,"Access",2202,"HUNT",1,3,2,0,2
"4631",2025,"HUN","ELVI",6,"Access",2203,"JLP",1,4,0,2,2
"4632",2025,"HUN","ELVI",6,"Access",2206,"PALM",0,3,0,1,1
"4633",2025,"HUN","ELVI",6,"Access",2207,"PALM",0,2,0,0,0
"4634",2025,"HUN","ELVI",7,"Access",2979,"JLP",1,6,0,3,4
"4635",2025,"HUN","ELVI",7,"Access",2980,"PALM",1,4,0,1,1
"4636",2025,"HUN","ELVI",7,"Access",2981,"RL5",1,0,NA,NA,NA
"4637",2025,"HUN","ELVI",7,"Access",2982,"PALM",1,1,0,0,0
"4638",2025,"HUN","ELVI",7,"Access",2983,"PALM",1,0,NA,NA,NA
"4639",2025,"HUN","ELVI",7,"Access",2984,"PALM",0,1,0,0,0
"4640",2025,"HUN","ELVI",7,"Access",2985,"RL5",0,3,0,0,1
"4641",2025,"HUN","ELVI",7,"Access",2986,"HUNT",0,1,0,1,1
"4642",2025,"HUN","ELVI",7,"Access",2987,"PALM",0,3,0,0,3
"4643",2025,"HUN","ELVI",7,"Access",2988,"PALM",1,7,0,1,1
"4644",2025,"HUN","ELVI",7,"Access",2989,"SHS",1,2,0,1,2
"4645",2025,"HUN","ELVI",7,"Access",2990,"PALM",0,5,0,1,4
"4646",2025,"HUN","ELVI",7,"Access",2992,"JLP",0,1,0,0,1
"4647",2025,"HUN","ELVI",7,"Access",2993,"JLP",1,1,0,0,0
"4648",2025,"HUN","ELVI",8,"Exclusion",2964,"HUNT",0,1,0,1,1
"4649",2025,"HUN","ELVI",8,"Exclusion",2966,"JLP",0,0,NA,NA,NA
"4650",2025,"HUN","ELVI",8,"Exclusion",2967,"PALM",1,8,0,2,2
"4651",2025,"HUN","ELVI",8,"Exclusion",2968,"PALM",0,0,NA,NA,NA
"4652",2025,"HUN","ELVI",8,"Exclusion",2969,"PALM",0,0,NA,NA,NA
"4653",2025,"HUN","ELVI",8,"Exclusion",2970,"PALM",0,0,NA,NA,NA
"4654",2025,"HUN","ELVI",8,"Exclusion",2971,"PALM",1,4,0,0,0
"4655",2025,"HUN","ELVI",8,"Exclusion",2972,"SHS",1,2,0,1,1
"4656",2025,"HUN","ELVI",8,"Exclusion",2974,"PALM",1,3,0,3,3
"4657",2025,"HUN","ELVI",8,"Exclusion",2975,"JLP",1,7,0,5,6
"4658",2025,"HUN","ELVI",8,"Exclusion",2976,"RL5",0,1,0,0,0
"4659",2025,"HUN","ELVI",8,"Exclusion",2977,"RL5",0,2,0,0,0
"4660",2025,"HUN","ELVI",8,"Exclusion",2978,"RL5",1,3,0,0,0
"4661",2025,"LAF","ELVI",1,"Exclusion",2577,"PALM",1,7,0,0,0
"4662",2025,"LAF","ELVI",1,"Exclusion",2578,"JLP",1,7,7,0,0
"4663",2025,"LAF","ELVI",1,"Exclusion",2579,"JLP",1,0,NA,NA,NA
"4664",2025,"LAF","ELVI",1,"Exclusion",2580,"PALM",1,1,0,0,0
"4665",2025,"LAF","ELVI",1,"Exclusion",2581,"JLP",1,16,6,0,1
"4666",2025,"LAF","ELVI",1,"Exclusion",2582,"RL5",1,3,0,0,1
"4667",2025,"LAF","ELVI",1,"Exclusion",2583,"PALM",1,13,6,0,NA
"4668",2025,"LAF","ELVI",1,"Exclusion",2584,"PALM",0,7,6,0,0
"4669",2025,"LAF","ELVI",1,"Exclusion",2585,"HUNT",1,1,1,0,0
"4670",2025,"LAF","ELVI",1,"Exclusion",2586,"JLP",1,3,1,0,0
"4671",2025,"LAF","ELVI",1,"Exclusion",2587,"PALM",1,4,0,0,0
"4672",2025,"LAF","ELVI",1,"Exclusion",2588,"PALM",0,6,2,0,1
"4673",2025,"LAF","ELVI",1,"Exclusion",2589,"JLP",0,4,0,0,1
"4674",2025,"LAF","ELVI",1,"Exclusion",2590,"PALM",1,4,0,0,1
"4675",2025,"LAF","ELVI",1,"Exclusion",2591,"PALM",1,17,11,0,2
"4676",2025,"LAF","ELVI",2,"Access",2558,"PALM",1,3,1,0,1
"4677",2025,"LAF","ELVI",2,"Access",2559,"SHS",1,0,NA,NA,NA
"4678",2025,"LAF","ELVI",2,"Access",2560,"RL5",0,0,NA,NA,NA
"4679",2025,"LAF","ELVI",2,"Access",2563,"PALM",0,0,NA,NA,NA
"4680",2025,"LAF","ELVI",2,"Access",2564,"RL5",1,0,NA,NA,NA
"4681",2025,"LAF","ELVI",2,"Access",2565,"PALM",1,3,0,0,3
"4682",2025,"LAF","ELVI",2,"Access",2566,"JLP",1,2,1,0,0
"4683",2025,"LAF","ELVI",2,"Access",2567,"PALM",0,1,0,0,0
"4684",2025,"LAF","ELVI",2,"Access",2568,"JLP",0,1,0,1,1
"4685",2025,"LAF","ELVI",2,"Access",2569,"PALM",0,0,NA,NA,NA
"4686",2025,"LAF","ELVI",2,"Access",2570,"PALM",0,0,NA,NA,NA
"4687",2025,"LAF","ELVI",2,"Access",2571,"JLP",0,1,1,0,0
"4688",2025,"LAF","ELVI",3,"Exclusion",2544,"JLP",0,9,3,3,3
"4689",2025,"LAF","ELVI",3,"Exclusion",2545,"PALM",0,8,7,0,0
"4690",2025,"LAF","ELVI",3,"Exclusion",2546,"JLP",1,10,7,1,0
"4691",2025,"LAF","ELVI",3,"Exclusion",2547,"PALM",1,2,0,0,1
"4692",2025,"LAF","ELVI",3,"Exclusion",2548,"SHS",1,4,0,2,2
"4693",2025,"LAF","ELVI",3,"Exclusion",2549,"PALM",1,5,0,0,3
"4694",2025,"LAF","ELVI",3,"Exclusion",2550,"PALM",0,10,8,0,1
"4695",2025,"LAF","ELVI",3,"Exclusion",2551,"JLP",1,11,5,0,3
"4696",2025,"LAF","ELVI",3,"Exclusion",2552,"HUNT",0,2,0,1,1
"4697",2025,"LAF","ELVI",3,"Exclusion",2554,"PALM",0,14,8,1,4
"4698",2025,"LAF","ELVI",3,"Exclusion",2555,"PALM",1,3,2,1,1
"4699",2025,"LAF","ELVI",3,"Exclusion",2557,"PALM",1,4,2,0,NA
"4700",2025,"LAF","ELVI",4,"Access",2540,"PALM",0,0,NA,NA,NA
"4701",2025,"LAF","ELVI",4,"Access",2541,"JLP",0,0,NA,NA,NA
"4702",2025,"LAF","ELVI",5,"Access",2638,"PALM",1,3,2,0,3
"4703",2025,"LAF","ELVI",5,"Access",2640,"PALM",0,0,NA,NA,NA
"4704",2025,"LAF","ELVI",5,"Access",2645,"PALM",1,0,NA,NA,NA
"4705",2025,"LAF","ELVI",5,"Access",2646,"PALM",1,3,1,0,3
"4706",2025,"LAF","ELVI",6,"Access",2634,"JLP",1,2,0,0,2
"4707",2025,"LAF","ELVI",7,"Exclusion",2615,"PALM",0,10,7,0,4
"4708",2025,"LAF","ELVI",7,"Exclusion",2616,"JLP",1,12,8,0,2
"4709",2025,"LAF","ELVI",7,"Exclusion",2617,"JLP",0,5,4,0,1
"4710",2025,"LAF","ELVI",7,"Exclusion",2618,"PALM",0,4,1,1,4
"4711",2025,"LAF","ELVI",7,"Exclusion",2619,"PALM",1,1,0,0,1
"4712",2025,"LAF","ELVI",7,"Exclusion",2620,"PALM",0,3,3,0,2
"4713",2025,"LAF","ELVI",7,"Exclusion",2622,"JLP",0,6,4,0,6
"4714",2025,"LAF","ELVI",7,"Exclusion",2623,"PALM",0,2,1,0,2
"4715",2025,"LAF","ELVI",7,"Exclusion",2624,"HUNT",1,3,2,0,3
"4716",2025,"LAF","ELVI",7,"Exclusion",2625,"PALM",1,8,8,0,6
"4717",2025,"LAF","ELVI",7,"Exclusion",2626,"PALM",1,11,5,2,5
"4718",2025,"LAF","ELVI",7,"Exclusion",2627,"PALM",0,9,5,0,6
"4719",2025,"LAF","ELVI",7,"Exclusion",2628,"PALM",0,4,2,1,3
"4720",2025,"LAF","ELVI",7,"Exclusion",2629,"RL5",0,0,NA,NA,NA
"4721",2025,"LAF","ELVI",8,"Exclusion",2601,"PALM",0,7,5,1,7
"4722",2025,"LAF","ELVI",8,"Exclusion",2602,"PALM",0,7,5,0,5
"4723",2025,"LAF","ELVI",8,"Exclusion",2603,"JLP",0,1,1,0,0
"4724",2025,"LAF","ELVI",8,"Exclusion",2604,"SHS",1,1,0,1,1
"4725",2025,"LAF","ELVI",8,"Exclusion",2605,"PALM",1,5,1,1,NA
"4726",2025,"LAF","ELVI",8,"Exclusion",2606,"PALM",0,8,5,2,6
"4727",2025,"LAF","ELVI",8,"Exclusion",2607,"RL5",0,1,1,0,0
"4728",2025,"LAF","ELVI",8,"Exclusion",2608,"PALM",0,0,NA,NA,NA
"4729",2025,"LAF","ELVI",8,"Exclusion",2609,"JLP",0,0,NA,NA,NA
"4730",2025,"LAF","ELVI",8,"Exclusion",2610,"JLP",1,12,10,0,0
"4731",2025,"LAF","ELVI",8,"Exclusion",2611,"PALM",0,3,2,0,0
"4732",2025,"LAF","ELVI",8,"Exclusion",2613,"PALM",0,9,3,5,5
"4733",2025,"LAF","ELVI",8,"Exclusion",2614,"HUNT",0,4,1,0,2
"4734",2025,"SON","ELVI",1,"Access",3224,"PALM",1,0,NA,NA,NA
"4735",2025,"SON","ELVI",2,"Exclusion",3220,"PALM",0,0,NA,NA,NA
"4736",2025,"SON","ELVI",2,"Exclusion",3221,"JLP",1,0,NA,NA,NA
"4737",2025,"SON","ELVI",2,"Exclusion",3222,"SHS",0,0,NA,NA,NA
"4738",2025,"SON","ELVI",2,"Exclusion",3223,"PALM",0,0,NA,NA,NA
"4739",2025,"SON","ELVI",3,"Exclusion",3206,"JLP",0,0,NA,NA,NA
"4740",2025,"SON","ELVI",3,"Exclusion",3207,"RL5",1,0,NA,NA,NA
"4741",2025,"SON","ELVI",3,"Exclusion",3208,"PALM",1,0,NA,NA,NA
"4742",2025,"SON","ELVI",3,"Exclusion",3209,"PALM",0,0,NA,NA,NA
"4743",2025,"SON","ELVI",3,"Exclusion",3215,"RL5",1,0,NA,NA,NA
"4744",2025,"SON","ELVI",3,"Exclusion",3210,"JLP",1,0,NA,NA,NA
"4745",2025,"SON","ELVI",3,"Exclusion",3211,"JLP",1,0,NA,NA,NA
"4746",2025,"SON","ELVI",3,"Exclusion",3212,"PALM",1,2,0,0,0
"4747",2025,"SON","ELVI",3,"Exclusion",3213,"RL5",1,3,0,0,0
"4748",2025,"SON","ELVI",4,"Access",3225,"JLP",1,0,NA,NA,NA
"4749",2025,"SON","ELVI",5,"Access",3200,"PALM",1,0,NA,NA,NA
"4750",2025,"SON","ELVI",5,"Access",3201,"PALM",1,3,0,0,0
"4751",2025,"SON","ELVI",NA,NA,3202,NA,NA,1,0,0,1
"4752",2025,"SON","ELVI",5,"Access",3204,"RL5",1,0,NA,NA,NA
"4753",2025,"SON","ELVI",5,"Access",3203,"JLP",1,1,0,0,0
"4754",2025,"SON","ELVI",5,"Access",2099,"RL5",1,2,0,0,0
"4755",2025,"SON","ELVI",5,"Access",2099,"RL5",1,2,0,0,0
"4756",2025,"SON","ELVI",7,"Exclusion",3205,"JLP",1,0,NA,NA,NA
"4757",2025,"SON","ELVI",8,"Exclusion",3214,"SHS",0,0,NA,NA,NA
"4758",2025,"SON","ELVI",8,"Exclusion",3216,"PALM",1,0,NA,NA,NA
"4759",2025,"SON","ELVI",8,"Exclusion",3218,"JLP",1,0,NA,NA,NA
"4760",2025,"SON","ELVI",8,"Exclusion",3217,"SHS",0,0,NA,NA,NA
"4761",2025,"SON","ELVI",8,"Exclusion",3219,"PALM",0,0,NA,NA,NA
"4762",2025,"KER","ELVI",1,"Access",3235,"PALM",0,0,NA,NA,NA
"4763",2025,"KER","ELVI",1,"Access",3236,"RL5",1,0,NA,NA,NA
"4764",2025,"KER","ELVI",1,"Access",3237,"HUNT",1,0,NA,NA,NA
"4765",2025,"KER","ELVI",1,"Access",3238,"RL5",1,0,NA,NA,NA
"4766",2025,"KER","ELVI",1,"Access",3239,"JLP",1,0,NA,NA,NA
"4767",2025,"KER","ELVI",4,"Exclusion",3247,"SHS",1,0,NA,NA,NA
"4768",2025,"KER","ELVI",4,"Exclusion",3248,"JLP",1,0,NA,NA,NA
"4769",2025,"KER","ELVI",4,"Exclusion",3249,"SHS",0,0,NA,NA,NA
"4770",2025,"KER","ELVI",4,"Exclusion",3250,"PALM",0,0,NA,NA,NA
"4771",2025,"KER","ELVI",4,"Exclusion",3251,"JLP",1,0,NA,NA,NA
"4772",2025,"KER","ELVI",4,"Exclusion",3252,"HUNT",1,0,NA,NA,NA
"4773",2025,"KER","ELVI",4,"Exclusion",3253,"JLP",1,1,0,0,0
"4774",2025,"KER","ELVI",4,"Exclusion",3256,"RL5",1,0,NA,NA,NA
"4775",2025,"KER","ELVI",4,"Exclusion",3257,"SHS",1,0,NA,NA,NA
"4776",2025,"KER","ELVI",4,"Exclusion",3258,"JLP",0,0,NA,NA,NA
"4777",2025,"KER","ELVI",5,"Exclusion",3254,"JLP",0,0,NA,NA,NA
"4778",2025,"KER","ELVI",5,"Exclusion",3228,"SHS",0,0,NA,NA,NA
"4779",2025,"KER","ELVI",5,"Exclusion",3255,"JLP",1,0,NA,NA,NA
"4780",2025,"KER","ELVI",6,"Exclusion",3240,"RL5",1,0,NA,NA,NA
"4781",2025,"KER","ELVI",6,"Exclusion",3241,"SHS",1,0,NA,NA,NA
"4782",2025,"KER","ELVI",6,"Exclusion",3242,"JLP",1,0,NA,NA,NA
"4783",2025,"KER","ELVI",6,"Exclusion",3243,"JLP",0,0,NA,NA,NA
"4784",2025,"KER","ELVI",6,"Exclusion",3244,"JLP",0,0,NA,NA,NA
"4785",2025,"KER","ELVI",6,"Exclusion",3245,"JLP",1,0,NA,NA,NA
"4786",2025,"KER","ELVI",6,"Exclusion",3246,"JLP",1,0,NA,NA,NA
"4787",2025,"KER","ELVI",6,"Exclusion",3259,"PALM",1,0,NA,NA,NA
"4788",2025,"KER","ELVI",6,"Exclusion",3260,"SHS",0,0,NA,NA,NA
"4789",2025,"KER","ELVI",6,"Exclusion",3261,"PALM",1,0,NA,NA,NA
"4790",2025,"KER","ELVI",8,"Exclusion",3227,"SHS",0,2,0,0,0
"4791",2025,"KER","ELVI",8,"Exclusion",3229,"RL5",0,0,NA,NA,NA
"4792",2025,"KER","ELVI",8,"Exclusion",3230,"RL5",0,1,0,0,1
"4793",2025,"KER","ELVI",8,"Exclusion",3231,"SHS",0,2,0,0,1
"4794",2025,"KER","ELVI",8,"Exclusion",3262,"RL5",0,0,NA,NA,NA
"4795",2025,"KER","ELVI",8,"Exclusion",3263,"JLP",0,0,NA,NA,NA
"4796",2025,"KER","ELVI",8,"Exclusion",3264,"JLP",0,0,NA,NA,NA
"4797",2025,"KER","ELVI",8,"Exclusion",3271,"JLP",0,0,NA,NA,NA
"4798",2025,"KER","ELVI",8,"Exclusion",3269,"PALM",0,0,NA,NA,NA
"4799",2025,"KER","ELVI",8,"Exclusion",3270,"JLP",1,0,NA,NA,NA
"4800",2025,"KER","ELVI",8,"Exclusion",3267,"PALM",1,0,NA,NA,NA
"4801",2025,"KER","ELVI",8,"Exclusion",3266,"PALM",0,0,NA,NA,NA
"4802",2025,"KER","ELVI",8,"Exclusion",3226,"PALM",1,0,NA,NA,NA
"4803",2025,"KER","ELVI",8,"Exclusion",3265,"SHS",0,1,0,0,0
"4804",2025,"KER","ELVI",8,"Exclusion",3268,"PALM",0,0,NA,NA,NA
"4805",2025,"BFL","ELVI",2,"Access",2663,"PALM",0,0,NA,NA,NA
"4806",2025,"BFL","ELVI",2,"Access",2671,"RL5",0,0,NA,NA,NA
"4807",2025,"BFL","ELVI",4,"Exclusion",2690,"PALM",1,0,NA,NA,NA
"4808",2025,"BFL","ELVI",5,"Exclusion",2458,"PALM",0,2,1,0,0
"4809",2025,"BFL","ELVI",6,"Access",2432,"PALM",1,5,0,0,2
"4810",2025,"BFL","ELVI",6,"Access",2433,"PALM",1,7,6,0,2
"4811",2025,"BFL","ELVI",6,"Access",2435,"RL5",1,2,0,0,0
"4812",2025,"BFL","ELVI",6,"Access",2436,"HUNT",0,3,1,0,0
"4813",2025,"BFL","ELVI",6,"Access",2437,"RL5",0,18,8,0,0
"4814",2025,"BFL","ELVI",6,"Access",2438,"PALM",1,NA,NA,NA,NA
"4815",2025,"BFL","ELVI",6,"Access",2442,"PALM",1,5,2,0,0
"4816",2025,"BFL","ELVI",6,"Access",2444,"PALM",0,1,0,0,0
"4817",2025,"BFL","ELVI",7,"Exclusion",2427,"RL5",0,3,2,0,0
"4818",2025,"BAS","ELVI",1,"Access",2026,"RL5",0,3,0,0,0
"4819",2025,"BAS","ELVI",1,"Access",2029,"RL5",0,0,NA,NA,NA
"4820",2025,"BAS","ELVI",1,"Access",2030,"RL5",1,4,0,0,0
"4821",2025,"BAS","ELVI",4,"Access",2327,"RL5",0,2,0,0,2
"4822",2025,"BAS","ELVI",5,"Exclusion",2079,"RL5",0,1,0,0,0
"4823",2025,"BAS","ELVI",5,"Exclusion",2082,"PALM",0,1,0,0,1
"4824",2025,"BAS","ELVI",5,"Exclusion",2084,"PALM",1,1,0,0,0
"4825",2025,"BAS","ELVI",5,"Exclusion",2085,"JLP",0,0,NA,NA,NA
"4826",2025,"BAS","ELVI",5,"Exclusion",2088,"PALM",0,0,NA,NA,NA
"4827",2025,"BAS","ELVI",5,"Exclusion",2089,"HUNT",0,0,NA,NA,NA
"4828",2025,"BAS","ELVI",5,"Exclusion",2090,"RL5",0,3,0,0,0
"4829",2025,"BAS","ELVI",5,"Exclusion",2091,"PALM",1,3,0,0,0
"4830",2025,"BAS","ELVI",5,"Exclusion",2092,"PALM",1,1,0,0,0
"4831",2025,"BAS","ELVI",6,"Exclusion",2067,"RL5",1,6,0,0,0
"4832",2025,"BAS","ELVI",6,"Exclusion",2068,"PALM",0,3,0,0,0
"4833",2025,"BAS","ELVI",6,"Exclusion",2071,"JLP",1,3,0,0,1
"4834",2025,"BAS","ELVI",6,"Exclusion",2072,"HUNT",1,0,NA,NA,NA
"4835",2025,"BAS","ELVI",6,"Exclusion",2073,"PALM",0,1,0,0,0
"4836",2025,"BAS","ELVI",6,"Exclusion",2075,"RL5",0,2,0,0,0
"4837",2025,"BAS","ELVI",6,"Exclusion",2077,"HUNT",0,1,0,0,0
"4838",2025,"BAS","ELVI",8,"Exclusion",2301,"JLP",1,4,0,0,1
"4839",2025,"BAS","ELVI",8,"Exclusion",2302,"RL5",0,7,4,0,0
"4840",2025,"BAS","ELVI",8,"Exclusion",2303,"PALM",1,16,0,0,8
"4841",2025,"BAS","ELVI",8,"Exclusion",2304,"PALM",0,5,4,0,1
"4842",2025,"BAS","ELVI",8,"Exclusion",2307,"JLP",0,0,NA,NA,NA
"4843",2025,"BAS","ELVI",8,"Exclusion",2308,"PALM",0,7,0,0,5
"4844",2025,"BAS","ELVI",8,"Exclusion",2309,"PALM",0,4,4,0,4
"4845",2025,"BAS","ELVI",8,"Exclusion",2310,"RL5",0,2,0,0,0
"4846",2025,"BAS","ELVI",8,"Exclusion",2313,"JLP",0,2,1,0,1
